"canonical_id","kind","inventory_name","inventory_grade_provisional","source","source_id","source_name","source_grade","source_yds_grade","source_font_grade","source_parent_id","canonical_parent_id","source_url","retrieved_at","latitude_observation","longitude_observation","topo_workflow_state","runtime_record","runtime_source_reference","confidence","discrepancy_and_blocker"
"mp-area-105937608","area","Kraft Boulders","","Mountain Project","mp-area-105937608","Kraft Boulders","","","","","","https://www.mountainproject.com/area/105937608/kraft-boulders","2026-10-01T18:48:04.769Z","36.15686","-115.4208","PARTIAL usable","false","false","attributed observation; exact importer link is not independent corroboration","Source hierarchy indexed; expanded runtime coverage pending. Source hierarchy unit; physical boundaries need reconciliation."
"mp-area-114986624","area","West Cluster","","Mountain Project","mp-area-114986624","West Cluster","","","","mp-area-105937608","mp-area-105937608","https://www.mountainproject.com/area/114986624/west-cluster","2026-10-01T18:48:05.113Z","36.16038","-115.42398","PARTIAL usable","false","false","attributed observation; exact importer link is not independent corroboration","Source hierarchy indexed; expanded runtime coverage pending. Source hierarchy unit; physical boundaries need reconciliation."
"mp-area-114986613","area","Cube Area","","Mountain Project","mp-area-114986613","Cube Area","","","","mp-area-105937608","mp-area-105937608","https://www.mountainproject.com/area/114986613/cube-area","2026-10-01T18:48:05.083Z","36.15969","-115.41921","PARTIAL usable","false","false","attributed observation; exact importer link is not independent corroboration","Source hierarchy indexed; expanded runtime coverage pending. Source hierarchy unit; physical boundaries need reconciliation."
"mp-area-123855477","area","Main Area","","Mountain Project","mp-area-123855477","Main Area","","","","mp-area-105937608","mp-area-105937608","https://www.mountainproject.com/area/123855477/main-area","2026-10-01T18:48:05.067Z","36.15943","-115.41715","PARTIAL usable","false","false","attributed observation; exact importer link is not independent corroboration","Source hierarchy indexed; expanded runtime coverage pending. Source hierarchy unit; physical boundaries need reconciliation."
"mp-area-123855693","area","The Pearl Area","","Mountain Project","mp-area-123855693","The Pearl Area","","","","mp-area-105937608","mp-area-105937608","https://www.mountainproject.com/area/123855693/the-pearl-area","2026-10-01T18:48:05.382Z","36.15939","-115.41474","PARTIAL usable","false","false","attributed observation; exact importer link is not independent corroboration","Source hierarchy indexed; expanded runtime coverage pending. Source hierarchy unit; physical boundaries need reconciliation."
"mp-area-123855862","area","East Cluster","","Mountain Project","mp-area-123855862","East Cluster","","","","mp-area-105937608","mp-area-105937608","https://www.mountainproject.com/area/123855862/east-cluster","2026-10-01T18:48:05.718Z","36.16042","-115.41188","PARTIAL usable","false","false","attributed observation; exact importer link is not independent corroboration","Source hierarchy indexed; expanded runtime coverage pending. Source hierarchy unit; physical boundaries need reconciliation."
"mp-area-119981199","source-unit","Andy's Candies","","Mountain Project","mp-area-119981199","Andy's Candies","","","","mp-area-114986624","mp-area-114986624","https://www.mountainproject.com/area/119981199/andys-candies","2026-10-01T18:48:05.687Z","36.16111","-115.42405","BLOCKED lawful image","true","true","attributed observation; exact importer link is not independent corroboration","Physical unit boundary, approved face imagery and map audit pending. Source hierarchy unit; physical boundaries need reconciliation."
"mp-area-119981199","source-unit","Andy's Candies","","OpenBeta","ob-area-d2e2cf4c-f4a4-511c-8b9b-58b5fdb75768","Andy's Candies","","","","ob-area-fecee62f-7053-54f3-898b-8299e34c85ad","ob-area-fecee62f-7053-54f3-898b-8299e34c85ad","https://openbeta.io/area/d2e2cf4c-f4a4-511c-8b9b-58b5fdb75768/andys-candies","2026-10-01T18:50:24.971Z","36.15999","-115.42302","BLOCKED lawful image","true","true","attributed observation; exact importer link is not independent corroboration","Physical unit boundary, approved face imagery and map audit pending. Exact match to documented OpenBeta importer uuidv5(MP area numeric ID, NIL namespace)."
"mp-area-125752769","source-unit","Art Deco Boulders","","Mountain Project","mp-area-125752769","Art Deco Boulders","","","","mp-area-114986624","mp-area-114986624","https://www.mountainproject.com/area/125752769/art-deco-boulders","2026-10-01T18:48:05.732Z","36.1627","-115.42506","BLOCKED lawful image","true","true","attributed observation; exact importer link is not independent corroboration","Physical unit boundary, approved face imagery and map audit pending. Source hierarchy unit; physical boundaries need reconciliation."
"mp-area-125419005","source-unit","Bang Boulder","","Mountain Project","mp-area-125419005","Bang Boulder","","","","mp-area-114986624","mp-area-114986624","https://www.mountainproject.com/area/125419005/bang-boulder","2026-10-01T18:48:05.851Z","36.16182","-115.42503","BLOCKED lawful image","true","true","attributed observation; exact importer link is not independent corroboration","Physical unit boundary, approved face imagery and map audit pending. Source hierarchy unit; physical boundaries need reconciliation."
"mp-area-108057748","source-unit","Big Mac Crack","","Mountain Project","mp-area-108057748","Big Mac Crack","","","","mp-area-114986624","mp-area-114986624","https://www.mountainproject.com/area/108057748/big-mac-crack","2026-10-01T18:48:06.377Z","36.16092","-115.42372","BLOCKED lawful image","true","true","attributed observation; exact importer link is not independent corroboration","Physical unit boundary, approved face imagery and map audit pending. Source hierarchy unit; physical boundaries need reconciliation."
"mp-area-108057748","source-unit","Big Mac Crack","","OpenBeta","ob-area-49643775-7f85-5326-917c-40e0036de391","Big Mac Crack","","","","ob-area-fecee62f-7053-54f3-898b-8299e34c85ad","ob-area-fecee62f-7053-54f3-898b-8299e34c85ad","https://openbeta.io/area/49643775-7f85-5326-917c-40e0036de391/big-mac-crack","2026-10-01T18:49:26.683Z","36.16044","-115.42264","BLOCKED lawful image","true","true","attributed observation; exact importer link is not independent corroboration","Physical unit boundary, approved face imagery and map audit pending. Exact match to documented OpenBeta importer uuidv5(MP area numeric ID, NIL namespace)."
"mp-area-125499343","source-unit","Bingo Boulder","","Mountain Project","mp-area-125499343","Bingo Boulder","","","","mp-area-114986624","mp-area-114986624","https://www.mountainproject.com/area/125499343/bingo-boulder","2026-10-01T18:48:06.187Z","36.16122","-115.42393","BLOCKED lawful image","true","true","attributed observation; exact importer link is not independent corroboration","Physical unit boundary, approved face imagery and map audit pending. Source hierarchy unit; physical boundaries need reconciliation."
"mp-area-118341819","source-unit","Heart and Sole","","Mountain Project","mp-area-118341819","Heart and Sole","","","","mp-area-114986624","mp-area-114986624","https://www.mountainproject.com/area/118341819/heart-and-sole","2026-10-01T18:48:06.152Z","36.16079","-115.42375","BLOCKED lawful image","true","true","attributed observation; exact importer link is not independent corroboration","Physical unit boundary, approved face imagery and map audit pending. Source hierarchy unit; physical boundaries need reconciliation."
"mp-area-118341819","source-unit","Heart and Sole","","OpenBeta","ob-area-70663b9a-bf80-51ac-a593-81c0d0398b4f","Heart and Sole","","","","ob-area-fecee62f-7053-54f3-898b-8299e34c85ad","ob-area-fecee62f-7053-54f3-898b-8299e34c85ad","https://openbeta.io/area/70663b9a-bf80-51ac-a593-81c0d0398b4f/heart-and-sole","2026-10-01T18:49:26.716Z","36.16079","-115.42375","BLOCKED lawful image","true","true","attributed observation; exact importer link is not independent corroboration","Physical unit boundary, approved face imagery and map audit pending. Exact match to documented OpenBeta importer uuidv5(MP area numeric ID, NIL namespace)."
"mp-area-125427180","source-unit","Kessel Run","","Mountain Project","mp-area-125427180","Kessel Run","","","","mp-area-114986624","mp-area-114986624","https://www.mountainproject.com/area/125427180/kessel-run","2026-10-01T18:48:06.199Z","36.16116","-115.42429","BLOCKED lawful image","true","true","attributed observation; exact importer link is not independent corroboration","Physical unit boundary, approved face imagery and map audit pending. Source hierarchy unit; physical boundaries need reconciliation."
"mp-area-116181708","source-unit","Marble Rye Boulder","","Mountain Project","mp-area-116181708","Marble Rye Boulder","","","","mp-area-114986624","mp-area-114986624","https://www.mountainproject.com/area/116181708/marble-rye-boulder","2026-10-01T18:48:06.660Z","36.16352","-115.4245","BLOCKED lawful image","true","true","attributed observation; exact importer link is not independent corroboration","Physical unit boundary, approved face imagery and map audit pending. Source hierarchy unit; physical boundaries need reconciliation."
"mp-area-116181708","source-unit","Marble Rye Boulder","","OpenBeta","ob-area-8836aec6-20d0-5b53-8597-b7cfe5ef149d","Marble Rye Boulder","","","","ob-area-fecee62f-7053-54f3-898b-8299e34c85ad","ob-area-fecee62f-7053-54f3-898b-8299e34c85ad","https://openbeta.io/area/8836aec6-20d0-5b53-8597-b7cfe5ef149d/marble-rye-boulder","2026-10-01T18:49:26.719Z","36.16352","-115.4245","BLOCKED lawful image","true","true","attributed observation; exact importer link is not independent corroboration","Physical unit boundary, approved face imagery and map audit pending. Exact match to documented OpenBeta importer uuidv5(MP area numeric ID, NIL namespace)."
"mp-area-125206006","source-unit","Mini Split Boulder","","Mountain Project","mp-area-125206006","Mini Split Boulder","","","","mp-area-114986624","mp-area-114986624","https://www.mountainproject.com/area/125206006/mini-split-boulder","2026-10-01T18:48:06.768Z","36.16039","-115.42266","BLOCKED lawful image","true","true","attributed observation; exact importer link is not independent corroboration","Physical unit boundary, approved face imagery and map audit pending. Source hierarchy unit; physical boundaries need reconciliation."
"mp-area-200770349","source-unit","Omashu","","Mountain Project","mp-area-200770349","Omashu","","","","mp-area-114986624","mp-area-114986624","https://www.mountainproject.com/area/200770349/omashu","2026-10-01T18:48:06.702Z","36.16148","-115.42448","BLOCKED lawful image","true","true","attributed observation; exact importer link is not independent corroboration","Physical unit boundary, approved face imagery and map audit pending. Source hierarchy unit; physical boundaries need reconciliation."
"mp-area-114126100","source-unit","Pyramid","","Mountain Project","mp-area-114126100","Pyramid","","","","mp-area-114986624","mp-area-114986624","https://www.mountainproject.com/area/114126100/pyramid","2026-10-01T18:48:06.815Z","36.16103","-115.42392","BLOCKED lawful image","true","true","attributed observation; exact importer link is not independent corroboration","Physical unit boundary, approved face imagery and map audit pending. Source hierarchy unit; physical boundaries need reconciliation."
"mp-area-114126100","source-unit","Pyramid","","OpenBeta","ob-area-358922ff-0c6f-5410-99a5-5fba73b08557","Pyramid","","","","ob-area-fecee62f-7053-54f3-898b-8299e34c85ad","ob-area-fecee62f-7053-54f3-898b-8299e34c85ad","https://openbeta.io/area/358922ff-0c6f-5410-99a5-5fba73b08557/pyramid","2026-10-01T18:49:26.338Z","36.16103","-115.42392","BLOCKED lawful image","true","true","attributed observation; exact importer link is not independent corroboration","Physical unit boundary, approved face imagery and map audit pending. Exact match to documented OpenBeta importer uuidv5(MP area numeric ID, NIL namespace)."
"mp-area-122116121","source-unit","Rambo Boulder","","Mountain Project","mp-area-122116121","Rambo Boulder","","","","mp-area-114986624","mp-area-114986624","https://www.mountainproject.com/area/122116121/rambo-boulder","2026-10-01T18:48:07.322Z","36.16037","-115.42202","BLOCKED lawful image","true","true","attributed observation; exact importer link is not independent corroboration","Physical unit boundary, approved face imagery and map audit pending. Source hierarchy unit; physical boundaries need reconciliation."
"mp-area-125230677","source-unit","Robbed/Repo'd","","Mountain Project","mp-area-125230677","Robbed/Repo'd","","","","mp-area-114986624","mp-area-114986624","https://www.mountainproject.com/area/125230677/robbedrepod","2026-10-01T18:48:07.113Z","36.16218","-115.42475","BLOCKED lawful image","true","true","attributed observation; exact importer link is not independent corroboration","Physical unit boundary, approved face imagery and map audit pending. Source hierarchy unit; physical boundaries need reconciliation."
"mp-area-202233182","source-unit","Smooth Business","","Mountain Project","mp-area-202233182","Smooth Business","","","","mp-area-114986624","mp-area-114986624","https://www.mountainproject.com/area/202233182/smooth-business","2026-10-01T18:48:07.379Z","36.16065","-115.4212","BLOCKED lawful image","true","true","attributed observation; exact importer link is not independent corroboration","Physical unit boundary, approved face imagery and map audit pending. Source hierarchy unit; physical boundaries need reconciliation."
"mp-area-114000100","source-unit","Sorange Boulder","","Mountain Project","mp-area-114000100","Sorange Boulder","","","","mp-area-114986624","mp-area-114986624","https://www.mountainproject.com/area/114000100/sorange-boulder","2026-10-01T18:48:07.143Z","36.16095","-115.42416","BLOCKED lawful image","true","true","attributed observation; exact importer link is not independent corroboration","Physical unit boundary, approved face imagery and map audit pending. Source hierarchy unit; physical boundaries need reconciliation."
"mp-area-114000100","source-unit","Sorange Boulder","","OpenBeta","ob-area-9ab5a487-2998-5faa-b357-a2f127db0575","Sorange Boulder","","","","ob-area-fecee62f-7053-54f3-898b-8299e34c85ad","ob-area-fecee62f-7053-54f3-898b-8299e34c85ad","https://openbeta.io/area/9ab5a487-2998-5faa-b357-a2f127db0575/sorange-boulder","2026-10-01T18:49:26.347Z","36.16096","-115.42411","BLOCKED lawful image","true","true","attributed observation; exact importer link is not independent corroboration","Physical unit boundary, approved face imagery and map audit pending. Exact match to documented OpenBeta importer uuidv5(MP area numeric ID, NIL namespace)."
"mp-area-114200315","source-unit","Venom Boulder","","Mountain Project","mp-area-114200315","Venom Boulder","","","","mp-area-114986624","mp-area-114986624","https://www.mountainproject.com/area/114200315/venom-boulder","2026-10-01T18:48:07.689Z","36.1611","-115.4238","BLOCKED lawful image","true","true","attributed observation; exact importer link is not independent corroboration","Physical unit boundary, approved face imagery and map audit pending. Source hierarchy unit; physical boundaries need reconciliation."
"mp-area-114200315","source-unit","Venom Boulder","","OpenBeta","ob-area-539d60ea-9196-573e-9a76-88ec0f0079ea","Venom Boulder","","","","ob-area-fecee62f-7053-54f3-898b-8299e34c85ad","ob-area-fecee62f-7053-54f3-898b-8299e34c85ad","https://openbeta.io/area/539d60ea-9196-573e-9a76-88ec0f0079ea/venom-boulder","2026-10-01T18:49:26.330Z","36.1611","-115.4238","BLOCKED lawful image","true","true","attributed observation; exact importer link is not independent corroboration","Physical unit boundary, approved face imagery and map audit pending. Exact match to documented OpenBeta importer uuidv5(MP area numeric ID, NIL namespace)."
"mp-area-125212738","source-unit","The Bush Boulder","","Mountain Project","mp-area-125212738","The Bush Boulder","","","","mp-area-114986613","mp-area-114986613","https://www.mountainproject.com/area/125212738/the-bush-boulder","2026-10-01T18:48:07.672Z","36.16005","-115.41939","BLOCKED lawful image","true","true","attributed observation; exact importer link is not independent corroboration","Physical unit boundary, approved face imagery and map audit pending. Source hierarchy unit; physical boundaries need reconciliation."
"mp-area-105959355","source-unit","The Cube","","Mountain Project","mp-area-105959355","The Cube","","","","mp-area-114986613","mp-area-114986613","https://www.mountainproject.com/area/105959355/the-cube","2026-10-01T18:48:07.732Z","36.15974","-115.41913","BLOCKED lawful image","true","true","attributed observation; exact importer link is not independent corroboration","Physical unit boundary, approved face imagery and map audit pending. Source hierarchy unit; physical boundaries need reconciliation."
"mp-area-105959355","source-unit","The Cube","","OpenBeta","ob-area-a829a425-b593-5a69-b1eb-35656ef30362","The Cube","","","","ob-area-851ea9a6-7ea4-5988-b36b-669d109ec88d","ob-area-851ea9a6-7ea4-5988-b36b-669d109ec88d","https://openbeta.io/area/a829a425-b593-5a69-b1eb-35656ef30362/the-cube","2026-10-01T18:49:27.571Z","36.15974","-115.41913","BLOCKED lawful image","true","true","attributed observation; exact importer link is not independent corroboration","Physical unit boundary, approved face imagery and map audit pending. Exact match to documented OpenBeta importer uuidv5(MP area numeric ID, NIL namespace)."
"mp-area-200234406","source-unit","Lava Adjacent Boulder","","Mountain Project","mp-area-200234406","Lava Adjacent Boulder","","","","mp-area-114986613","mp-area-114986613","https://www.mountainproject.com/area/200234406/lava-adjacent-boulder","2026-10-01T18:48:07.908Z","36.15991","-115.41909","BLOCKED lawful image","true","true","attributed observation; exact importer link is not independent corroboration","Physical unit boundary, approved face imagery and map audit pending. Source hierarchy unit; physical boundaries need reconciliation."
"mp-area-110174546","source-unit","Lava Boulder","","Mountain Project","mp-area-110174546","Lava Boulder","","","","mp-area-114986613","mp-area-114986613","https://www.mountainproject.com/area/110174546/lava-boulder","2026-10-01T18:48:08.192Z","36.15987","-115.41915","BLOCKED lawful image","true","true","attributed observation; exact importer link is not independent corroboration","Physical unit boundary, approved face imagery and map audit pending. Source hierarchy unit; physical boundaries need reconciliation."
"mp-area-110174546","source-unit","Lava Boulder","","OpenBeta","ob-area-89c199d1-a015-5314-875d-81c86eeef22f","Lava Boulder","","","","ob-area-851ea9a6-7ea4-5988-b36b-669d109ec88d","ob-area-851ea9a6-7ea4-5988-b36b-669d109ec88d","https://openbeta.io/area/89c199d1-a015-5314-875d-81c86eeef22f/lava-boulder","2026-10-01T18:49:27.573Z","36.15987","-115.41915","BLOCKED lawful image","true","true","attributed observation; exact importer link is not independent corroboration","Physical unit boundary, approved face imagery and map audit pending. Exact match to documented OpenBeta importer uuidv5(MP area numeric ID, NIL namespace)."
"mp-area-200443140","source-unit","Tomahawk Boulder","","Mountain Project","mp-area-200443140","Tomahawk Boulder","","","","mp-area-114986613","mp-area-114986613","https://www.mountainproject.com/area/200443140/tomahawk-boulder","2026-10-01T18:48:08.256Z","36.16013","-115.41853","BLOCKED lawful image","true","true","attributed observation; exact importer link is not independent corroboration","Physical unit boundary, approved face imagery and map audit pending. Source hierarchy unit; physical boundaries need reconciliation."
"mp-area-114239653","source-unit","Van Betten Boulder","","Mountain Project","mp-area-114239653","Van Betten Boulder","","","","mp-area-114986613","mp-area-114986613","https://www.mountainproject.com/area/114239653/van-betten-boulder","2026-10-01T18:48:08.173Z","36.16001","-115.41946","BLOCKED lawful image","true","true","attributed observation; exact importer link is not independent corroboration","Physical unit boundary, approved face imagery and map audit pending. Source hierarchy unit; physical boundaries need reconciliation."
"mp-area-114239653","source-unit","Van Betten Boulder","","OpenBeta","ob-area-a4600446-7b09-5353-a809-98a4ea696b02","Van Betten Boulder","","","","ob-area-851ea9a6-7ea4-5988-b36b-669d109ec88d","ob-area-851ea9a6-7ea4-5988-b36b-669d109ec88d","https://openbeta.io/area/a4600446-7b09-5353-a809-98a4ea696b02/van-betten-boulder","2026-10-01T18:49:26.713Z","36.16001","-115.41946","BLOCKED lawful image","true","true","attributed observation; exact importer link is not independent corroboration","Physical unit boundary, approved face imagery and map audit pending. Exact match to documented OpenBeta importer uuidv5(MP area numeric ID, NIL namespace)."
"mp-area-200443089","source-unit","Wagyu Boulder","","Mountain Project","mp-area-200443089","Wagyu Boulder","","","","mp-area-114986613","mp-area-114986613","https://www.mountainproject.com/area/200443089/wagyu-boulder","2026-10-01T18:48:08.210Z","36.16051","-115.41834","BLOCKED lawful image","true","true","attributed observation; exact importer link is not independent corroboration","Physical unit boundary, approved face imagery and map audit pending. Source hierarchy unit; physical boundaries need reconciliation."
"mp-area-125155528","source-unit","Wrong! Boulder","","Mountain Project","mp-area-125155528","Wrong! Boulder","","","","mp-area-114986613","mp-area-114986613","https://www.mountainproject.com/area/125155528/wrong-boulder","2026-10-01T18:48:08.527Z","36.15985","-115.41897","BLOCKED lawful image","true","true","attributed observation; exact importer link is not independent corroboration","Physical unit boundary, approved face imagery and map audit pending. Source hierarchy unit; physical boundaries need reconciliation."
"mp-area-111106611","source-unit","$600 Boulder","","Mountain Project","mp-area-111106611","$600 Boulder","","","","mp-area-123855477","mp-area-123855477","https://www.mountainproject.com/area/111106611/600-boulder","2026-10-01T18:48:08.548Z","36.16003","-115.41704","BLOCKED lawful image","true","true","attributed observation; exact importer link is not independent corroboration","Physical unit boundary, approved face imagery and map audit pending. Source hierarchy unit; physical boundaries need reconciliation."
"mp-area-111106611","source-unit","$600 Boulder","","OpenBeta","ob-area-036d9846-ae48-5dca-af18-4cf111a1ffab","$600 Boulder","","","","ob-area-bfc783a7-d23c-5794-84c7-d7658c387b08","ob-area-bfc783a7-d23c-5794-84c7-d7658c387b08","https://openbeta.io/area/036d9846-ae48-5dca-af18-4cf111a1ffab/dollar600-boulder","2026-10-01T18:50:24.542Z","36.16003","-115.41704","BLOCKED lawful image","true","true","attributed observation; exact importer link is not independent corroboration","Physical unit boundary, approved face imagery and map audit pending. Exact match to documented OpenBeta importer uuidv5(MP area numeric ID, NIL namespace)."
"mp-area-106378780","source-unit","Angel Dyno","","Mountain Project","mp-area-106378780","Angel Dyno","","","","mp-area-123855477","mp-area-123855477","https://www.mountainproject.com/area/106378780/angel-dyno","2026-10-01T18:48:08.565Z","36.15968","-115.4161","BLOCKED lawful image","true","true","attributed observation; exact importer link is not independent corroboration","Physical unit boundary, approved face imagery and map audit pending. Source hierarchy unit; physical boundaries need reconciliation."
"mp-area-106378780","source-unit","Angel Dyno","","OpenBeta","ob-area-31e106f6-2667-5ded-94a6-4a0767efd9a6","Angel Dyno","","","","ob-area-bfc783a7-d23c-5794-84c7-d7658c387b08","ob-area-bfc783a7-d23c-5794-84c7-d7658c387b08","https://openbeta.io/area/31e106f6-2667-5ded-94a6-4a0767efd9a6/angel-dyno","2026-10-01T18:49:25.420Z","36.15968","-115.4161","BLOCKED lawful image","true","true","attributed observation; exact importer link is not independent corroboration","Physical unit boundary, approved face imagery and map audit pending. Exact match to documented OpenBeta importer uuidv5(MP area numeric ID, NIL namespace)."
"mp-area-200619407","source-unit","Around the World","","Mountain Project","mp-area-200619407","Around the World","","","","mp-area-123855477","mp-area-123855477","https://www.mountainproject.com/area/200619407/around-the-world","2026-10-01T18:48:08.622Z","36.15991","-115.4171","BLOCKED lawful image","true","true","attributed observation; exact importer link is not independent corroboration","Physical unit boundary, approved face imagery and map audit pending. Source hierarchy unit; physical boundaries need reconciliation."
"mp-area-106964269","source-unit","Barndoor Boulder","","Mountain Project","mp-area-106964269","Barndoor Boulder","","","","mp-area-123855477","mp-area-123855477","https://www.mountainproject.com/area/106964269/barndoor-boulder","2026-10-01T18:48:08.877Z","36.16033","-115.41682","BLOCKED lawful image","true","true","attributed observation; exact importer link is not independent corroboration","Physical unit boundary, approved face imagery and map audit pending. Source hierarchy unit; physical boundaries need reconciliation."
"mp-area-106964269","source-unit","Barndoor Boulder","","OpenBeta","ob-area-eff70c05-dbcd-5c54-87f4-cb5b8c4a8a66","Barndoor Boulder","","","","ob-area-bfc783a7-d23c-5794-84c7-d7658c387b08","ob-area-bfc783a7-d23c-5794-84c7-d7658c387b08","https://openbeta.io/area/eff70c05-dbcd-5c54-87f4-cb5b8c4a8a66/barndoor-boulder","2026-10-01T18:49:25.081Z","36.16033","-115.41682","BLOCKED lawful image","true","true","attributed observation; exact importer link is not independent corroboration","Physical unit boundary, approved face imagery and map audit pending. Exact match to documented OpenBeta importer uuidv5(MP area numeric ID, NIL namespace)."
"mp-area-106732667","source-unit","Big Jugs","","Mountain Project","mp-area-106732667","Big Jugs","","","","mp-area-123855477","mp-area-123855477","https://www.mountainproject.com/area/106732667/big-jugs","2026-10-01T18:48:08.917Z","36.15959","-115.41669","BLOCKED lawful image","true","true","attributed observation; exact importer link is not independent corroboration","Physical unit boundary, approved face imagery and map audit pending. Source hierarchy unit; physical boundaries need reconciliation."
"mp-area-106732667","source-unit","Big Jugs","","OpenBeta","ob-area-a349cc05-b5b4-538a-81f2-060a0504a5b5","Big Jugs","","","","ob-area-bfc783a7-d23c-5794-84c7-d7658c387b08","ob-area-bfc783a7-d23c-5794-84c7-d7658c387b08","https://openbeta.io/area/a349cc05-b5b4-538a-81f2-060a0504a5b5/big-jugs","2026-10-01T18:49:11.231Z","36.15928","-115.4147","BLOCKED lawful image","true","true","attributed observation; exact importer link is not independent corroboration","Physical unit boundary, approved face imagery and map audit pending. Exact match to documented OpenBeta importer uuidv5(MP area numeric ID, NIL namespace)."
"mp-area-123856651","source-unit","Black Warm-up North","","Mountain Project","mp-area-123856651","Black Warm-up North","","","","mp-area-123855477","mp-area-123855477","https://www.mountainproject.com/area/123856651/black-warm-up-north","2026-10-01T18:48:08.867Z","36.15945","-115.41749","BLOCKED lawful image","true","true","attributed observation; exact importer link is not independent corroboration","Physical unit boundary, approved face imagery and map audit pending. Source hierarchy unit; physical boundaries need reconciliation."
"mp-area-123856648","source-unit","Black Warm-up South","","Mountain Project","mp-area-123856648","Black Warm-up South","","","","mp-area-123855477","mp-area-123855477","https://www.mountainproject.com/area/123856648/black-warm-up-south","2026-10-01T18:48:08.900Z","36.15935","-115.41759","BLOCKED lawful image","true","true","attributed observation; exact importer link is not independent corroboration","Physical unit boundary, approved face imagery and map audit pending. Source hierarchy unit; physical boundaries need reconciliation."
"mp-area-106799341","source-unit","Bubble Butt Boulder","","Mountain Project","mp-area-106799341","Bubble Butt Boulder","","","","mp-area-123855477","mp-area-123855477","https://www.mountainproject.com/area/106799341/bubble-butt-boulder","2026-10-01T18:48:09.229Z","36.15985","-115.41568","BLOCKED lawful image","true","true","attributed observation; exact importer link is not independent corroboration","Physical unit boundary, approved face imagery and map audit pending. Source hierarchy unit; physical boundaries need reconciliation."
"mp-area-106799341","source-unit","Bubble Butt Boulder","","OpenBeta","ob-area-fd63e3c3-109e-5d17-80dc-eb89154e01b7","Bubble Butt Boulder","","","","ob-area-bfc783a7-d23c-5794-84c7-d7658c387b08","ob-area-bfc783a7-d23c-5794-84c7-d7658c387b08","https://openbeta.io/area/fd63e3c3-109e-5d17-80dc-eb89154e01b7/bubble-butt-boulder","2026-10-01T18:49:23.260Z","36.15985","-115.41568","BLOCKED lawful image","true","true","attributed observation; exact importer link is not independent corroboration","Physical unit boundary, approved face imagery and map audit pending. Exact match to documented OpenBeta importer uuidv5(MP area numeric ID, NIL namespace)."
"mp-area-106732632","source-unit","Burnout Boulder","","Mountain Project","mp-area-106732632","Burnout Boulder","","","","mp-area-123855477","mp-area-123855477","https://www.mountainproject.com/area/106732632/burnout-boulder","2026-10-01T18:48:09.233Z","36.15961","-115.41636","BLOCKED lawful image","true","true","attributed observation; exact importer link is not independent corroboration","Physical unit boundary, approved face imagery and map audit pending. Source hierarchy unit; physical boundaries need reconciliation."
"mp-area-106732632","source-unit","Burnout Boulder","","OpenBeta","ob-area-2e653123-a3c9-5b9a-933e-0a71511b107c","Burnout Boulder","","","","ob-area-bfc783a7-d23c-5794-84c7-d7658c387b08","ob-area-bfc783a7-d23c-5794-84c7-d7658c387b08","https://openbeta.io/area/2e653123-a3c9-5b9a-933e-0a71511b107c/burnout-boulder","2026-10-01T18:49:22.279Z","36.15961","-115.41636","BLOCKED lawful image","true","true","attributed observation; exact importer link is not independent corroboration","Physical unit boundary, approved face imagery and map audit pending. Exact match to documented OpenBeta importer uuidv5(MP area numeric ID, NIL namespace)."
"mp-area-107430254","source-unit","The Butt Crack Boulder","","Mountain Project","mp-area-107430254","The Butt Crack Boulder","","","","mp-area-123855477","mp-area-123855477","https://www.mountainproject.com/area/107430254/the-butt-crack-boulder","2026-10-01T18:48:09.220Z","36.1595","-115.4167","BLOCKED lawful image","true","true","attributed observation; exact importer link is not independent corroboration","Physical unit boundary, approved face imagery and map audit pending. Source names differ; exact importer identity links entries, not spelling alone. Source hierarchy unit; physical boundaries need reconciliation."
"mp-area-107430254","source-unit","The Butt Crack Boulder","","OpenBeta","ob-area-c98b48db-a060-5c2f-b910-03695477ffb4","Butt Crack Boulder, The","","","","ob-area-bfc783a7-d23c-5794-84c7-d7658c387b08","ob-area-bfc783a7-d23c-5794-84c7-d7658c387b08","https://openbeta.io/area/c98b48db-a060-5c2f-b910-03695477ffb4/butt-crack-boulder-the","2026-10-01T18:49:18.586Z","36.1595","-115.4167","BLOCKED lawful image","true","true","attributed observation; exact importer link is not independent corroboration","Physical unit boundary, approved face imagery and map audit pending. Source names differ; exact importer identity links entries, not spelling alone. Exact match to documented OpenBeta importer uuidv5(MP area numeric ID, NIL namespace)."
"mp-area-120588274","source-unit","Chess Boulder","","Mountain Project","mp-area-120588274","Chess Boulder","","","","mp-area-123855477","mp-area-123855477","https://www.mountainproject.com/area/120588274/chess-boulder","2026-10-01T18:48:09.184Z","36.16011","-115.41796","BLOCKED lawful image","true","true","attributed observation; exact importer link is not independent corroboration","Physical unit boundary, approved face imagery and map audit pending. Source names differ; exact importer identity links entries, not spelling alone. Source hierarchy unit; physical boundaries need reconciliation."
"mp-area-120588274","source-unit","Chess Boulder","","OpenBeta","ob-area-7fbf3d1f-8dcf-5eef-b1cc-055c38605a0d","Chess boulder","","","","ob-area-bfc783a7-d23c-5794-84c7-d7658c387b08","ob-area-bfc783a7-d23c-5794-84c7-d7658c387b08","https://openbeta.io/area/7fbf3d1f-8dcf-5eef-b1cc-055c38605a0d/chess-boulder","2026-10-01T18:49:21.924Z","36.16011","-115.41798","BLOCKED lawful image","true","true","attributed observation; exact importer link is not independent corroboration","Physical unit boundary, approved face imagery and map audit pending. Source names differ; exact importer identity links entries, not spelling alone. Exact match to documented OpenBeta importer uuidv5(MP area numeric ID, NIL namespace)."
"mp-area-107430930","source-unit","The Croupier","","Mountain Project","mp-area-107430930","The Croupier","","","","mp-area-123855477","mp-area-123855477","https://www.mountainproject.com/area/107430930/the-croupier","2026-10-01T18:48:09.526Z","36.15959","-115.4168","BLOCKED lawful image","true","true","attributed observation; exact importer link is not independent corroboration","Physical unit boundary, approved face imagery and map audit pending. Source hierarchy unit; physical boundaries need reconciliation."
"mp-area-107430930","source-unit","The Croupier","","OpenBeta","ob-area-ca11a30a-8e76-5578-becb-5fa6c953fed2","The Croupier","","","","ob-area-bfc783a7-d23c-5794-84c7-d7658c387b08","ob-area-bfc783a7-d23c-5794-84c7-d7658c387b08","https://openbeta.io/area/ca11a30a-8e76-5578-becb-5fa6c953fed2/the-croupier","2026-10-01T18:49:25.431Z","36.1596","-115.4168","BLOCKED lawful image","true","true","attributed observation; exact importer link is not independent corroboration","Physical unit boundary, approved face imagery and map audit pending. Exact match to documented OpenBeta importer uuidv5(MP area numeric ID, NIL namespace)."
"mp-area-126854441","source-unit","Done Better Boulder","","Mountain Project","mp-area-126854441","Done Better Boulder","","","","mp-area-123855477","mp-area-123855477","https://www.mountainproject.com/area/126854441/done-better-boulder","2026-10-01T18:48:09.518Z","36.15966","-115.41646","BLOCKED lawful image","true","true","attributed observation; exact importer link is not independent corroboration","Physical unit boundary, approved face imagery and map audit pending. Source hierarchy unit; physical boundaries need reconciliation."
"mp-area-127185616","source-unit","Ecosystem Boulder","","Mountain Project","mp-area-127185616","Ecosystem Boulder","","","","mp-area-123855477","mp-area-123855477","https://www.mountainproject.com/area/127185616/ecosystem-boulder","2026-10-01T18:48:09.534Z","36.1596","-115.41569","BLOCKED lawful image","true","true","attributed observation; exact importer link is not independent corroboration","Physical unit boundary, approved face imagery and map audit pending. Source hierarchy unit; physical boundaries need reconciliation."
"mp-area-125230352","area","Hillside Boulders","","Mountain Project","mp-area-125230352","Hillside Boulders","","","","mp-area-123855477","mp-area-123855477","https://www.mountainproject.com/area/125230352/hillside-boulders","2026-10-01T18:48:09.517Z","36.16083","-115.41652","PARTIAL usable","false","false","attributed observation; exact importer link is not independent corroboration","Source hierarchy indexed; expanded runtime coverage pending. Source hierarchy unit; physical boundaries need reconciliation."
"mp-area-111338565","source-unit","Hound Dog Arete","","Mountain Project","mp-area-111338565","Hound Dog Arete","","","","mp-area-123855477","mp-area-123855477","https://www.mountainproject.com/area/111338565/hound-dog-arete","2026-10-01T18:48:09.868Z","36.15988","-115.41696","BLOCKED lawful image","true","true","attributed observation; exact importer link is not independent corroboration","Physical unit boundary, approved face imagery and map audit pending. Source hierarchy unit; physical boundaries need reconciliation."
"mp-area-111338565","source-unit","Hound Dog Arete","","OpenBeta","ob-area-dc293849-6686-5e3a-b165-484fce4d65d1","Hound Dog Arete","","","","ob-area-bfc783a7-d23c-5794-84c7-d7658c387b08","ob-area-bfc783a7-d23c-5794-84c7-d7658c387b08","https://openbeta.io/area/dc293849-6686-5e3a-b165-484fce4d65d1/hound-dog-arete","2026-10-01T18:49:18.221Z","36.15988","-115.41696","BLOCKED lawful image","true","true","attributed observation; exact importer link is not independent corroboration","Physical unit boundary, approved face imagery and map audit pending. Exact match to documented OpenBeta importer uuidv5(MP area numeric ID, NIL namespace)."
"mp-area-119994404","source-unit","Peggy Boulder","","Mountain Project","mp-area-119994404","Peggy Boulder","","","","mp-area-123855477","mp-area-123855477","https://www.mountainproject.com/area/119994404/peggy-boulder","2026-10-01T18:48:09.798Z","36.15962","-115.41647","BLOCKED lawful image","true","true","attributed observation; exact importer link is not independent corroboration","Physical unit boundary, approved face imagery and map audit pending. Source hierarchy unit; physical boundaries need reconciliation."
"mp-area-119994404","source-unit","Peggy Boulder","","OpenBeta","ob-area-4669af22-461a-5770-904a-1d4590ceef77","Peggy Boulder","","","","ob-area-bfc783a7-d23c-5794-84c7-d7658c387b08","ob-area-bfc783a7-d23c-5794-84c7-d7658c387b08","https://openbeta.io/area/4669af22-461a-5770-904a-1d4590ceef77/peggy-boulder","2026-10-01T18:49:18.225Z","36.15962","-115.41647","BLOCKED lawful image","true","true","attributed observation; exact importer link is not independent corroboration","Physical unit boundary, approved face imagery and map audit pending. Exact match to documented OpenBeta importer uuidv5(MP area numeric ID, NIL namespace)."
"mp-area-107400752","source-unit","Picante Sauce","","Mountain Project","mp-area-107400752","Picante Sauce","","","","mp-area-123855477","mp-area-123855477","https://www.mountainproject.com/area/107400752/picante-sauce","2026-10-01T18:48:09.807Z","36.1597","-115.41648","BLOCKED lawful image","true","true","attributed observation; exact importer link is not independent corroboration","Physical unit boundary, approved face imagery and map audit pending. Source hierarchy unit; physical boundaries need reconciliation."
"mp-area-107400752","source-unit","Picante Sauce","","OpenBeta","ob-area-5f43634c-0e13-5662-a924-4ad54cae1236","Picante Sauce","","","","ob-area-bfc783a7-d23c-5794-84c7-d7658c387b08","ob-area-bfc783a7-d23c-5794-84c7-d7658c387b08","https://openbeta.io/area/5f43634c-0e13-5662-a924-4ad54cae1236/picante-sauce","2026-10-01T18:49:17.599Z","36.1597","-115.41648","BLOCKED lawful image","true","true","attributed observation; exact importer link is not independent corroboration","Physical unit boundary, approved face imagery and map audit pending. Exact match to documented OpenBeta importer uuidv5(MP area numeric ID, NIL namespace)."
"mp-area-105959400","source-unit","Potato Chip","","Mountain Project","mp-area-105959400","Potato Chip","","","","mp-area-123855477","mp-area-123855477","https://www.mountainproject.com/area/105959400/potato-chip","2026-10-01T18:48:09.902Z","36.15937","-115.41662","BLOCKED lawful image","true","true","attributed observation; exact importer link is not independent corroboration","Physical unit boundary, approved face imagery and map audit pending. Source hierarchy unit; physical boundaries need reconciliation."
"mp-area-105959400","source-unit","Potato Chip","","OpenBeta","ob-area-0918eace-daa4-5304-82a5-944749e1d260","Potato Chip","","","","ob-area-bfc783a7-d23c-5794-84c7-d7658c387b08","ob-area-bfc783a7-d23c-5794-84c7-d7658c387b08","https://openbeta.io/area/0918eace-daa4-5304-82a5-944749e1d260/potato-chip","2026-10-01T18:49:17.625Z","36.15937","-115.41662","BLOCKED lawful image","true","true","attributed observation; exact importer link is not independent corroboration","Physical unit boundary, approved face imagery and map audit pending. Exact match to documented OpenBeta importer uuidv5(MP area numeric ID, NIL namespace)."
"mp-area-116355933","source-unit","Pretzel Boulder","","Mountain Project","mp-area-116355933","Pretzel Boulder","","","","mp-area-123855477","mp-area-123855477","https://www.mountainproject.com/area/116355933/pretzel-boulder","2026-10-01T18:48:10.265Z","36.15968","-115.41673","BLOCKED lawful image","true","true","attributed observation; exact importer link is not independent corroboration","Physical unit boundary, approved face imagery and map audit pending. Source hierarchy unit; physical boundaries need reconciliation."
"mp-area-116355933","source-unit","Pretzel Boulder","","OpenBeta","ob-area-5b41a2d1-46fd-5479-85fd-042a46a9ad06","Pretzel Boulder","","","","ob-area-bfc783a7-d23c-5794-84c7-d7658c387b08","ob-area-bfc783a7-d23c-5794-84c7-d7658c387b08","https://openbeta.io/area/5b41a2d1-46fd-5479-85fd-042a46a9ad06/pretzel-boulder","2026-10-01T18:49:17.621Z","36.15686","-115.4208","BLOCKED lawful image","true","true","attributed observation; exact importer link is not independent corroboration","Physical unit boundary, approved face imagery and map audit pending. Exact match to documented OpenBeta importer uuidv5(MP area numeric ID, NIL namespace)."
"mp-area-116107548","source-unit","The Prowler Boulder","","Mountain Project","mp-area-116107548","The Prowler Boulder","","","","mp-area-123855477","mp-area-123855477","https://www.mountainproject.com/area/116107548/the-prowler-boulder","2026-10-01T18:48:10.234Z","36.15979","-115.41618","BLOCKED lawful image","true","true","attributed observation; exact importer link is not independent corroboration","Physical unit boundary, approved face imagery and map audit pending. Source names differ; exact importer identity links entries, not spelling alone. Source hierarchy unit; physical boundaries need reconciliation."
"mp-area-116107548","source-unit","The Prowler Boulder","","OpenBeta","ob-area-1119343f-5842-525b-9815-60f749130e0f","Prowler Boulder, The","","","","ob-area-bfc783a7-d23c-5794-84c7-d7658c387b08","ob-area-bfc783a7-d23c-5794-84c7-d7658c387b08","https://openbeta.io/area/1119343f-5842-525b-9815-60f749130e0f/prowler-boulder-the","2026-10-01T18:49:17.629Z","36.15979","-115.41618","BLOCKED lawful image","true","true","attributed observation; exact importer link is not independent corroboration","Physical unit boundary, approved face imagery and map audit pending. Source names differ; exact importer identity links entries, not spelling alone. Exact match to documented OpenBeta importer uuidv5(MP area numeric ID, NIL namespace)."
"mp-area-110224264","source-unit","Shady Lady Boulder","","Mountain Project","mp-area-110224264","Shady Lady Boulder","","","","mp-area-123855477","mp-area-123855477","https://www.mountainproject.com/area/110224264/shady-lady-boulder","2026-10-01T18:48:10.712Z","36.16001","-115.41766","BLOCKED lawful image","true","true","attributed observation; exact importer link is not independent corroboration","Physical unit boundary, approved face imagery and map audit pending. Source hierarchy unit; physical boundaries need reconciliation."
"mp-area-110224264","source-unit","Shady Lady Boulder","","OpenBeta","ob-area-f215e8b5-06c9-5a0b-b280-0fd36d9cd4c4","Shady Lady Boulder","","","","ob-area-bfc783a7-d23c-5794-84c7-d7658c387b08","ob-area-bfc783a7-d23c-5794-84c7-d7658c387b08","https://openbeta.io/area/f215e8b5-06c9-5a0b-b280-0fd36d9cd4c4/shady-lady-boulder","2026-10-01T18:49:11.582Z","36.16001","-115.41766","BLOCKED lawful image","true","true","attributed observation; exact importer link is not independent corroboration","Physical unit boundary, approved face imagery and map audit pending. Exact match to documented OpenBeta importer uuidv5(MP area numeric ID, NIL namespace)."
"mp-area-113973264","source-unit","The Shitter","","Mountain Project","mp-area-113973264","The Shitter","","","","mp-area-123855477","mp-area-123855477","https://www.mountainproject.com/area/113973264/the-shitter","2026-10-01T18:48:10.554Z","36.16013","-115.41808","BLOCKED lawful image","true","true","attributed observation; exact importer link is not independent corroboration","Physical unit boundary, approved face imagery and map audit pending. Source hierarchy unit; physical boundaries need reconciliation."
"mp-area-113973264","source-unit","The Shitter","","OpenBeta","ob-area-2ab636bc-4071-5e5d-85fe-5c9f970f8901","The Shitter","","","","ob-area-bfc783a7-d23c-5794-84c7-d7658c387b08","ob-area-bfc783a7-d23c-5794-84c7-d7658c387b08","https://openbeta.io/area/2ab636bc-4071-5e5d-85fe-5c9f970f8901/the-shitter","2026-10-01T18:49:16.767Z","36.16013","-115.41808","BLOCKED lawful image","true","true","attributed observation; exact importer link is not independent corroboration","Physical unit boundary, approved face imagery and map audit pending. Exact match to documented OpenBeta importer uuidv5(MP area numeric ID, NIL namespace)."
"mp-area-126016123","source-unit","South of Main","","Mountain Project","mp-area-126016123","South of Main","","","","mp-area-123855477","mp-area-123855477","https://www.mountainproject.com/area/126016123/south-of-main","2026-10-01T18:48:11.247Z","36.15918","-115.41693","BLOCKED lawful image","true","true","attributed observation; exact importer link is not independent corroboration","Physical unit boundary, approved face imagery and map audit pending. Source hierarchy unit; physical boundaries need reconciliation."
"mp-area-105959392","source-unit","The Split Boulder","","Mountain Project","mp-area-105959392","The Split Boulder","","","","mp-area-123855477","mp-area-123855477","https://www.mountainproject.com/area/105959392/the-split-boulder","2026-10-01T18:48:10.976Z","36.15993","-115.41713","BLOCKED lawful image","true","true","attributed observation; exact importer link is not independent corroboration","Physical unit boundary, approved face imagery and map audit pending. Source names differ; exact importer identity links entries, not spelling alone. Source hierarchy unit; physical boundaries need reconciliation."
"mp-area-105959392","source-unit","The Split Boulder","","OpenBeta","ob-area-6b5eaf89-4194-5d74-84e3-4d0bdaa65429","Plumber's Crack","","","","ob-area-bfc783a7-d23c-5794-84c7-d7658c387b08","ob-area-bfc783a7-d23c-5794-84c7-d7658c387b08","https://openbeta.io/area/6b5eaf89-4194-5d74-84e3-4d0bdaa65429/plumbers-crack","2026-10-01T18:50:23.751Z","36.15993","-115.41713","BLOCKED lawful image","true","true","attributed observation; exact importer link is not independent corroboration","Physical unit boundary, approved face imagery and map audit pending. Source names differ; exact importer identity links entries, not spelling alone. Exact match to documented OpenBeta importer uuidv5(MP area numeric ID, NIL namespace)."
"mp-area-202292980","source-unit","Split Brick Boulder","","Mountain Project","mp-area-202292980","Split Brick Boulder","","","","mp-area-123855477","mp-area-123855477","https://www.mountainproject.com/area/202292980/split-brick-boulder","2026-10-01T18:48:11.060Z","36.16079","-115.4175","BLOCKED lawful image","true","true","attributed observation; exact importer link is not independent corroboration","Physical unit boundary, approved face imagery and map audit pending. Source hierarchy unit; physical boundaries need reconciliation."
"mp-area-107430991","source-unit","Super Scream Boulder","","Mountain Project","mp-area-107430991","Super Scream Boulder","","","","mp-area-123855477","mp-area-123855477","https://www.mountainproject.com/area/107430991/super-scream-boulder","2026-10-01T18:48:11.028Z","36.1597","-115.4171","BLOCKED lawful image","true","true","attributed observation; exact importer link is not independent corroboration","Physical unit boundary, approved face imagery and map audit pending. Source hierarchy unit; physical boundaries need reconciliation."
"mp-area-107430991","source-unit","Super Scream Boulder","","OpenBeta","ob-area-3dd093bf-c198-5c99-9d86-a676f84cdc40","Super Scream Boulder","","","","ob-area-bfc783a7-d23c-5794-84c7-d7658c387b08","ob-area-bfc783a7-d23c-5794-84c7-d7658c387b08","https://openbeta.io/area/3dd093bf-c198-5c99-9d86-a676f84cdc40/super-scream-boulder","2026-10-01T18:49:11.560Z","36.1597","-115.4171","BLOCKED lawful image","true","true","attributed observation; exact importer link is not independent corroboration","Physical unit boundary, approved face imagery and map audit pending. Exact match to documented OpenBeta importer uuidv5(MP area numeric ID, NIL namespace)."
"mp-area-200302919","source-unit","Timepiece Boulder","","Mountain Project","mp-area-200302919","Timepiece Boulder","","","","mp-area-123855477","mp-area-123855477","https://www.mountainproject.com/area/200302919/timepiece-boulder","2026-10-01T18:48:11.497Z","36.15987","-115.41568","BLOCKED lawful image","true","true","attributed observation; exact importer link is not independent corroboration","Physical unit boundary, approved face imagery and map audit pending. Source hierarchy unit; physical boundaries need reconciliation."
"mp-area-107429189","source-unit","Ultimate Grandstaff","","Mountain Project","mp-area-107429189","Ultimate Grandstaff","","","","mp-area-123855477","mp-area-123855477","https://www.mountainproject.com/area/107429189/ultimate-grandstaff","2026-10-01T18:48:11.726Z","36.15993","-115.4168","BLOCKED lawful image","true","true","attributed observation; exact importer link is not independent corroboration","Physical unit boundary, approved face imagery and map audit pending. Source hierarchy unit; physical boundaries need reconciliation."
"mp-area-107429189","source-unit","Ultimate Grandstaff","","OpenBeta","ob-area-083f2ab7-7677-585f-abf1-f5e9dd483414","Ultimate Grandstaff","","","","ob-area-bfc783a7-d23c-5794-84c7-d7658c387b08","ob-area-bfc783a7-d23c-5794-84c7-d7658c387b08","https://openbeta.io/area/083f2ab7-7677-585f-abf1-f5e9dd483414/ultimate-grandstaff","2026-10-01T18:49:11.233Z","36.15993","-115.4168","BLOCKED lawful image","true","true","attributed observation; exact importer link is not independent corroboration","Physical unit boundary, approved face imagery and map audit pending. Exact match to documented OpenBeta importer uuidv5(MP area numeric ID, NIL namespace)."
"mp-area-106657477","source-unit","Warm-up Boulders Main","","Mountain Project","mp-area-106657477","Warm-up Boulders Main","","","","mp-area-123855477","mp-area-123855477","https://www.mountainproject.com/area/106657477/warm-up-boulders-main","2026-10-01T18:48:11.532Z","36.15949","-115.41688","BLOCKED lawful image","true","true","attributed observation; exact importer link is not independent corroboration","Physical unit boundary, approved face imagery and map audit pending. Source hierarchy unit; physical boundaries need reconciliation."
"mp-area-106657477","source-unit","Warm-up Boulders Main","","OpenBeta","ob-area-fd409330-0964-529e-badd-7e6492fd1bd8","Warm-up Boulders Main","","","","ob-area-bfc783a7-d23c-5794-84c7-d7658c387b08","ob-area-bfc783a7-d23c-5794-84c7-d7658c387b08","https://openbeta.io/area/fd409330-0964-529e-badd-7e6492fd1bd8/warm-up-boulders-main","2026-10-01T18:49:11.228Z","36.15949","-115.41688","BLOCKED lawful image","true","true","attributed observation; exact importer link is not independent corroboration","Physical unit boundary, approved face imagery and map audit pending. Exact match to documented OpenBeta importer uuidv5(MP area numeric ID, NIL namespace)."
"mp-area-122003728","source-unit","Wayward Son","","Mountain Project","mp-area-122003728","Wayward Son","","","","mp-area-123855477","mp-area-123855477","https://www.mountainproject.com/area/122003728/wayward-son","2026-10-01T18:48:11.577Z","36.15951","-115.41683","BLOCKED lawful image","true","true","attributed observation; exact importer link is not independent corroboration","Physical unit boundary, approved face imagery and map audit pending. Source hierarchy unit; physical boundaries need reconciliation."
"mp-area-107430957","source-unit","Wolfgang Güllich Memorial Boulder","","Mountain Project","mp-area-107430957","Wolfgang Güllich Memorial Boulder","","","","mp-area-123855477","mp-area-123855477","https://www.mountainproject.com/area/107430957/wolfgang-gullich-memorial-boulder","2026-10-01T18:48:11.988Z","36.15963","-115.41703","BLOCKED lawful image","true","true","attributed observation; exact importer link is not independent corroboration","Physical unit boundary, approved face imagery and map audit pending. Source hierarchy unit; physical boundaries need reconciliation."
"mp-area-107430957","source-unit","Wolfgang Güllich Memorial Boulder","","OpenBeta","ob-area-60c59bc7-d794-5b9c-8c6d-233b483e18f5","Wolfgang Güllich Memorial Boulder","","","","ob-area-bfc783a7-d23c-5794-84c7-d7658c387b08","ob-area-bfc783a7-d23c-5794-84c7-d7658c387b08","https://openbeta.io/area/60c59bc7-d794-5b9c-8c6d-233b483e18f5/wolfgang-gullich-memorial-boulder","2026-10-01T18:49:11.202Z","36.1597","-115.4171","BLOCKED lawful image","true","true","attributed observation; exact importer link is not independent corroboration","Physical unit boundary, approved face imagery and map audit pending. Exact match to documented OpenBeta importer uuidv5(MP area numeric ID, NIL namespace)."
"mp-area-200412165","source-unit","After Work Boulder","","Mountain Project","mp-area-200412165","After Work Boulder","","","","mp-area-123855693","mp-area-123855693","https://www.mountainproject.com/area/200412165/after-work-boulder","2026-10-01T18:48:12.096Z","36.15984","-115.41383","BLOCKED lawful image","true","true","attributed observation; exact importer link is not independent corroboration","Physical unit boundary, approved face imagery and map audit pending. Source hierarchy unit; physical boundaries need reconciliation."
"mp-area-202547607","source-unit","Disappearing Dike Traverse","","Mountain Project","mp-area-202547607","Disappearing Dike Traverse","","","","mp-area-123855693","mp-area-123855693","https://www.mountainproject.com/area/202547607/disappearing-dike-traverse","2026-10-01T18:48:12.093Z","36.15956","-115.41415","BLOCKED lawful image","true","true","attributed observation; exact importer link is not independent corroboration","Physical unit boundary, approved face imagery and map audit pending. Source hierarchy unit; physical boundaries need reconciliation."
"mp-area-125484924","source-unit","Earth Tide Boulder","","Mountain Project","mp-area-125484924","Earth Tide Boulder","","","","mp-area-123855693","mp-area-123855693","https://www.mountainproject.com/area/125484924/earth-tide-boulder","2026-10-01T18:48:12.083Z","36.15984","-115.41464","BLOCKED lawful image","true","true","attributed observation; exact importer link is not independent corroboration","Physical unit boundary, approved face imagery and map audit pending. Source hierarchy unit; physical boundaries need reconciliation."
"mp-area-121775048","source-unit","Good Times Boulder","","Mountain Project","mp-area-121775048","Good Times Boulder","","","","mp-area-123855693","mp-area-123855693","https://www.mountainproject.com/area/121775048/good-times-boulder","2026-10-01T18:48:12.473Z","36.15966","-115.41475","BLOCKED lawful image","true","true","attributed observation; exact importer link is not independent corroboration","Physical unit boundary, approved face imagery and map audit pending. Source hierarchy unit; physical boundaries need reconciliation."
"mp-area-121775048","source-unit","Good Times Boulder","","OpenBeta","ob-area-2c82a742-f269-5548-8708-c814f5cd8ae8","Good Times Boulder","","","","ob-area-bfc783a7-d23c-5794-84c7-d7658c387b08","ob-area-bfc783a7-d23c-5794-84c7-d7658c387b08","https://openbeta.io/area/2c82a742-f269-5548-8708-c814f5cd8ae8/good-times-boulder","2026-10-01T18:49:18.591Z","36.15966","-115.41475","BLOCKED lawful image","true","true","attributed observation; exact importer link is not independent corroboration","Physical unit boundary, approved face imagery and map audit pending. Exact match to documented OpenBeta importer uuidv5(MP area numeric ID, NIL namespace)."
"mp-area-106056258","source-unit","The Pearl","","Mountain Project","mp-area-106056258","The Pearl","","","","mp-area-123855693","mp-area-123855693","https://www.mountainproject.com/area/106056258/the-pearl","2026-10-01T18:48:12.404Z","36.15924","-115.41487","BLOCKED lawful image","true","true","attributed observation; exact importer link is not independent corroboration","Physical unit boundary, approved face imagery and map audit pending. Source hierarchy unit; physical boundaries need reconciliation."
"mp-area-106056258","source-unit","The Pearl","","OpenBeta","ob-area-f669b1e7-d7f9-5bec-9210-43f00b401f95","The Pearl","","","","ob-area-bfc783a7-d23c-5794-84c7-d7658c387b08","ob-area-bfc783a7-d23c-5794-84c7-d7658c387b08","https://openbeta.io/area/f669b1e7-d7f9-5bec-9210-43f00b401f95/the-pearl","2026-10-01T18:49:18.240Z","36.15924","-115.41487","BLOCKED lawful image","true","true","attributed observation; exact importer link is not independent corroboration","Physical unit boundary, approved face imagery and map audit pending. Exact match to documented OpenBeta importer uuidv5(MP area numeric ID, NIL namespace)."
"mp-area-125692223","source-unit","Swirly Arête Boulder","","Mountain Project","mp-area-125692223","Swirly Arête Boulder","","","","mp-area-123855693","mp-area-123855693","https://www.mountainproject.com/area/125692223/swirly-arete-boulder","2026-10-01T18:48:12.471Z","36.15961","-115.41432","BLOCKED lawful image","true","true","attributed observation; exact importer link is not independent corroboration","Physical unit boundary, approved face imagery and map audit pending. Source hierarchy unit; physical boundaries need reconciliation."
"mp-area-125851761","source-unit","The Wake Boulder","","Mountain Project","mp-area-125851761","The Wake Boulder","","","","mp-area-123855693","mp-area-123855693","https://www.mountainproject.com/area/125851761/the-wake-boulder","2026-10-01T18:48:12.427Z","36.15945","-115.41458","BLOCKED lawful image","true","true","attributed observation; exact importer link is not independent corroboration","Physical unit boundary, approved face imagery and map audit pending. Source hierarchy unit; physical boundaries need reconciliation."
"mp-area-113802231","source-unit","The Wave Boulder","","Mountain Project","mp-area-113802231","The Wave Boulder","","","","mp-area-123855693","mp-area-123855693","https://www.mountainproject.com/area/113802231/the-wave-boulder","2026-10-01T18:48:12.893Z","36.15948","-115.41463","BLOCKED lawful image","true","true","attributed observation; exact importer link is not independent corroboration","Physical unit boundary, approved face imagery and map audit pending. Source hierarchy unit; physical boundaries need reconciliation."
"mp-area-113802231","source-unit","The Wave Boulder","","OpenBeta","ob-area-5bd0ce1f-096e-5fb8-bcc7-4604f9906501","The Wave Boulder","","","","ob-area-bfc783a7-d23c-5794-84c7-d7658c387b08","ob-area-bfc783a7-d23c-5794-84c7-d7658c387b08","https://openbeta.io/area/5bd0ce1f-096e-5fb8-bcc7-4604f9906501/the-wave-boulder","2026-10-01T18:49:11.191Z","36.15948","-115.41463","BLOCKED lawful image","true","true","attributed observation; exact importer link is not independent corroboration","Physical unit boundary, approved face imagery and map audit pending. Exact match to documented OpenBeta importer uuidv5(MP area numeric ID, NIL namespace)."
"mp-area-106657514","source-unit","Alexisizer","","Mountain Project","mp-area-106657514","Alexisizer","","","","mp-area-123855862","mp-area-123855862","https://www.mountainproject.com/area/106657514/alexisizer","2026-10-01T18:48:12.718Z","36.16016","-115.41213","BLOCKED lawful image","true","true","attributed observation; exact importer link is not independent corroboration","Physical unit boundary, approved face imagery and map audit pending. Source hierarchy unit; physical boundaries need reconciliation."
"mp-area-106657514","source-unit","Alexisizer","","OpenBeta","ob-area-48f9b3ac-5deb-5021-90ee-1a1656350dfb","Alexisizer","","","","ob-area-bfc783a7-d23c-5794-84c7-d7658c387b08","ob-area-bfc783a7-d23c-5794-84c7-d7658c387b08","https://openbeta.io/area/48f9b3ac-5deb-5021-90ee-1a1656350dfb/alexisizer","2026-10-01T18:49:25.435Z","36.16016","-115.41213","BLOCKED lawful image","true","true","attributed observation; exact importer link is not independent corroboration","Physical unit boundary, approved face imagery and map audit pending. Exact match to documented OpenBeta importer uuidv5(MP area numeric ID, NIL namespace)."
"mp-area-106657496","source-unit","Bill's Boulder","","Mountain Project","mp-area-106657496","Bill's Boulder","","","","mp-area-123855862","mp-area-123855862","https://www.mountainproject.com/area/106657496/bills-boulder","2026-10-01T18:48:12.790Z","36.15982","-115.41316","BLOCKED lawful image","true","true","attributed observation; exact importer link is not independent corroboration","Physical unit boundary, approved face imagery and map audit pending. Source hierarchy unit; physical boundaries need reconciliation."
"mp-area-106657496","source-unit","Bill's Boulder","","OpenBeta","ob-area-9c2c22b1-6aec-5489-a8de-01d4b778e536","Bill's Boulder","","","","ob-area-bfc783a7-d23c-5794-84c7-d7658c387b08","ob-area-bfc783a7-d23c-5794-84c7-d7658c387b08","https://openbeta.io/area/9c2c22b1-6aec-5489-a8de-01d4b778e536/bills-boulder","2026-10-01T18:50:24.195Z","36.15982","-115.41316","BLOCKED lawful image","true","true","attributed observation; exact importer link is not independent corroboration","Physical unit boundary, approved face imagery and map audit pending. Exact match to documented OpenBeta importer uuidv5(MP area numeric ID, NIL namespace)."
"mp-area-106800767","source-unit","Caliman Boulder","","Mountain Project","mp-area-106800767","Caliman Boulder","","","","mp-area-123855862","mp-area-123855862","https://www.mountainproject.com/area/106800767/caliman-boulder","2026-10-01T18:48:13.039Z","36.16086","-115.41159","BLOCKED lawful image","true","true","attributed observation; exact importer link is not independent corroboration","Physical unit boundary, approved face imagery and map audit pending. Source hierarchy unit; physical boundaries need reconciliation."
"mp-area-106800767","source-unit","Caliman Boulder","","OpenBeta","ob-area-0f688ed3-c3e2-5cf6-9fc2-b831a761af40","Caliman Boulder","","","","ob-area-bfc783a7-d23c-5794-84c7-d7658c387b08","ob-area-bfc783a7-d23c-5794-84c7-d7658c387b08","https://openbeta.io/area/0f688ed3-c3e2-5cf6-9fc2-b831a761af40/caliman-boulder","2026-10-01T18:49:18.600Z","36.16086","-115.41159","BLOCKED lawful image","true","true","attributed observation; exact importer link is not independent corroboration","Physical unit boundary, approved face imagery and map audit pending. Exact match to documented OpenBeta importer uuidv5(MP area numeric ID, NIL namespace)."
"mp-area-106657507","source-unit","Hot Tub Club","","Mountain Project","mp-area-106657507","Hot Tub Club","","","","mp-area-123855862","mp-area-123855862","https://www.mountainproject.com/area/106657507/hot-tub-club","2026-10-01T18:48:13.545Z","36.15988","-115.41296","BLOCKED lawful image","true","true","attributed observation; exact importer link is not independent corroboration","Physical unit boundary, approved face imagery and map audit pending. Source hierarchy unit; physical boundaries need reconciliation."
"mp-area-106657507","source-unit","Hot Tub Club","","OpenBeta","ob-area-67db3297-4dd7-51c1-840a-60f3385e041c","Hot Tub Club","","","","ob-area-bfc783a7-d23c-5794-84c7-d7658c387b08","ob-area-bfc783a7-d23c-5794-84c7-d7658c387b08","https://openbeta.io/area/67db3297-4dd7-51c1-840a-60f3385e041c/hot-tub-club","2026-10-01T18:49:18.580Z","36.15988","-115.41296","BLOCKED lawful image","true","true","attributed observation; exact importer link is not independent corroboration","Physical unit boundary, approved face imagery and map audit pending. Exact match to documented OpenBeta importer uuidv5(MP area numeric ID, NIL namespace)."
"mp-area-105937674","source-unit","Monkey Bar Boulder","","Mountain Project","mp-area-105937674","Monkey Bar Boulder","","","","mp-area-123855862","mp-area-123855862","https://www.mountainproject.com/area/105937674/monkey-bar-boulder","2026-10-01T18:48:13.318Z","36.16154","-115.41099","BLOCKED lawful image","true","true","attributed observation; exact importer link is not independent corroboration","Physical unit boundary, approved face imagery and map audit pending. Source hierarchy unit; physical boundaries need reconciliation."
"mp-area-105937674","source-unit","Monkey Bar Boulder","","OpenBeta","ob-area-ddffcb90-f85f-5456-bf48-7ac36fa0cf0c","Monkey Bar Boulder","","","","ob-area-bfc783a7-d23c-5794-84c7-d7658c387b08","ob-area-bfc783a7-d23c-5794-84c7-d7658c387b08","https://openbeta.io/area/ddffcb90-f85f-5456-bf48-7ac36fa0cf0c/monkey-bar-boulder","2026-10-01T18:49:18.259Z","36.16154","-115.41099","BLOCKED lawful image","true","true","attributed observation; exact importer link is not independent corroboration","Physical unit boundary, approved face imagery and map audit pending. Exact match to documented OpenBeta importer uuidv5(MP area numeric ID, NIL namespace)."
"mp-area-108595418","source-unit","Short Cube Boulder","","Mountain Project","mp-area-108595418","Short Cube Boulder","","","","mp-area-123855862","mp-area-123855862","https://www.mountainproject.com/area/108595418/short-cube-boulder","2026-10-01T18:48:13.387Z","36.16049","-115.41195","BLOCKED lawful image","true","true","attributed observation; exact importer link is not independent corroboration","Physical unit boundary, approved face imagery and map audit pending. Source hierarchy unit; physical boundaries need reconciliation."
"mp-area-108595418","source-unit","Short Cube Boulder","","OpenBeta","ob-area-24857358-ce09-5256-979b-9edd1b090d4c","Short Cube Boulder","","","","ob-area-bfc783a7-d23c-5794-84c7-d7658c387b08","ob-area-bfc783a7-d23c-5794-84c7-d7658c387b08","https://openbeta.io/area/24857358-ce09-5256-979b-9edd1b090d4c/short-cube-boulder","2026-10-01T18:49:11.585Z","36.1568","-115.4203","BLOCKED lawful image","true","true","attributed observation; exact importer link is not independent corroboration","Physical unit boundary, approved face imagery and map audit pending. Exact match to documented OpenBeta importer uuidv5(MP area numeric ID, NIL namespace)."
"mp-area-124064421","source-unit","Slabby Pinnacle","","Mountain Project","mp-area-124064421","Slabby Pinnacle","","","","mp-area-123855862","mp-area-123855862","https://www.mountainproject.com/area/124064421/slabby-pinnacle","2026-10-01T18:48:13.373Z","36.16042","-115.41186","BLOCKED lawful image","true","true","attributed observation; exact importer link is not independent corroboration","Physical unit boundary, approved face imagery and map audit pending. Source hierarchy unit; physical boundaries need reconciliation."
"mp-area-107406864","source-unit","Snake Eyes","","Mountain Project","mp-area-107406864","Snake Eyes","","","","mp-area-123855862","mp-area-123855862","https://www.mountainproject.com/area/107406864/snake-eyes","2026-10-01T18:48:13.867Z","36.16019","-115.41289","BLOCKED lawful image","true","true","attributed observation; exact importer link is not independent corroboration","Physical unit boundary, approved face imagery and map audit pending. Source hierarchy unit; physical boundaries need reconciliation."
"mp-area-107406864","source-unit","Snake Eyes","","OpenBeta","ob-area-a1017568-e80a-5c52-ab40-7d3440ac7c8e","Snake Eyes","","","","ob-area-bfc783a7-d23c-5794-84c7-d7658c387b08","ob-area-bfc783a7-d23c-5794-84c7-d7658c387b08","https://openbeta.io/area/a1017568-e80a-5c52-ab40-7d3440ac7c8e/snake-eyes","2026-10-01T18:49:11.563Z","36.16019","-115.41289","BLOCKED lawful image","true","true","attributed observation; exact importer link is not independent corroboration","Physical unit boundary, approved face imagery and map audit pending. Exact match to documented OpenBeta importer uuidv5(MP area numeric ID, NIL namespace)."
"mp-area-125556694","source-unit","Yellow Submarine","","Mountain Project","mp-area-125556694","Yellow Submarine","","","","mp-area-123855862","mp-area-123855862","https://www.mountainproject.com/area/125556694/yellow-submarine","2026-10-01T18:48:13.905Z","36.15997","-115.41272","BLOCKED lawful image","true","true","attributed observation; exact importer link is not independent corroboration","Physical unit boundary, approved face imagery and map audit pending. Source hierarchy unit; physical boundaries need reconciliation."
"mp-area-125230403","source-unit","Great White Prow","","Mountain Project","mp-area-125230403","Great White Prow","","","","mp-area-125230352","mp-area-125230352","https://www.mountainproject.com/area/125230403/great-white-prow","2026-10-01T18:48:13.881Z","36.16087","-115.41594","BLOCKED lawful image","true","true","attributed observation; exact importer link is not independent corroboration","Physical unit boundary, approved face imagery and map audit pending. Source hierarchy unit; physical boundaries need reconciliation."
"mp-area-125230582","source-unit","Personal Perfection Boulder","","Mountain Project","mp-area-125230582","Personal Perfection Boulder","","","","mp-area-125230352","mp-area-125230352","https://www.mountainproject.com/area/125230582/personal-perfection-boulder","2026-10-01T18:48:13.807Z","36.16083","-115.41652","BLOCKED lawful image","true","true","attributed observation; exact importer link is not independent corroboration","Physical unit boundary, approved face imagery and map audit pending. Source hierarchy unit; physical boundaries need reconciliation."
"mp-route-119981210","route","Andy's Candies","V4","Mountain Project","mp-route-119981210","Andy's Candies","V4","","6B","mp-area-119981199","mp-area-119981199","https://www.mountainproject.com/route/119981210/andys-candies","2026-10-01T18:48:14.194Z","36.16111","-115.42405","BLOCKED route geometry/missing evidence","true","true","attributed observation; exact importer link is not independent corroboration","Face, independent corridor evidence and approved overlay pending. Current numeric source route ID; not field verification."
"mp-route-119981210","route","Andy's Candies","V4","OpenBeta","ob-route-8deaf054-dc39-56c6-805c-781ebdb800c5","Andy's Candies","V4","","6B","ob-area-d2e2cf4c-f4a4-511c-8b9b-58b5fdb75768","mp-area-119981199","https://openbeta.io/climb/8deaf054-dc39-56c6-805c-781ebdb800c5/andys-candies","2026-10-01T18:50:24.971Z","","","BLOCKED route geometry/missing evidence","true","true","attributed observation; exact importer link is not independent corroboration","Face, independent corridor evidence and approved overlay pending. Exact match to documented OpenBeta importer uuidv5(MP route numeric ID, NIL namespace). Mountain Project import lineage; corroborating source entry does not independently verify route facts."
"mp-route-119981258","route","Caramel Crimps","V1","Mountain Project","mp-route-119981258","Caramel Crimps","V1","","5","mp-area-119981199","mp-area-119981199","https://www.mountainproject.com/route/119981258/caramel-crimps","2026-10-01T18:48:14.245Z","36.16111","-115.42405","BLOCKED route geometry/missing evidence","true","true","attributed observation; exact importer link is not independent corroboration","Face, independent corridor evidence and approved overlay pending. Current numeric source route ID; not field verification."
"mp-route-119981258","route","Caramel Crimps","V1","OpenBeta","ob-route-5f1bf06e-85ba-540f-85dd-ee9beb2960a5","Caramel Crimps","V1","","5","ob-area-d2e2cf4c-f4a4-511c-8b9b-58b5fdb75768","mp-area-119981199","https://openbeta.io/climb/5f1bf06e-85ba-540f-85dd-ee9beb2960a5/caramel-crimps","2026-10-01T18:50:24.971Z","","","BLOCKED route geometry/missing evidence","true","true","attributed observation; exact importer link is not independent corroboration","Face, independent corridor evidence and approved overlay pending. Exact match to documented OpenBeta importer uuidv5(MP route numeric ID, NIL namespace). Mountain Project import lineage; corroborating source entry does not independently verify route facts."
"mp-route-125752783","route","Brush Strokes","V7","Mountain Project","mp-route-125752783","Brush Strokes","V7","","7A+","mp-area-125752769","mp-area-125752769","https://www.mountainproject.com/route/125752783/brush-strokes","2026-10-01T18:48:14.225Z","36.1627","-115.42506","BLOCKED route geometry/missing evidence","true","true","attributed observation; exact importer link is not independent corroboration","Face, independent corridor evidence and approved overlay pending. Current numeric source route ID; not field verification."
"mp-route-125752909","route","Fire Art","V1","Mountain Project","mp-route-125752909","Fire Art","V1","","5","mp-area-125752769","mp-area-125752769","https://www.mountainproject.com/route/125752909/fire-art","2026-10-01T18:48:14.226Z","36.1627","-115.42506","BLOCKED route geometry/missing evidence","true","true","attributed observation; exact importer link is not independent corroboration","Face, independent corridor evidence and approved overlay pending. Current numeric source route ID; not field verification."
"mp-route-125752822","route","Paint Splatter","V1","Mountain Project","mp-route-125752822","Paint Splatter","V1","","5","mp-area-125752769","mp-area-125752769","https://www.mountainproject.com/route/125752822/paint-splatter","2026-10-01T18:48:14.580Z","36.1627","-115.42506","BLOCKED route geometry/missing evidence","true","true","attributed observation; exact importer link is not independent corroboration","Face, independent corridor evidence and approved overlay pending. Current numeric source route ID; not field verification."
"mp-route-125752900","route","Pinstripe","V1","Mountain Project","mp-route-125752900","Pinstripe","V1","","5","mp-area-125752769","mp-area-125752769","https://www.mountainproject.com/route/125752900/pinstripe","2026-10-01T18:48:14.470Z","36.1627","-115.42506","BLOCKED route geometry/missing evidence","true","true","attributed observation; exact importer link is not independent corroboration","Face, independent corridor evidence and approved overlay pending. Current numeric source route ID; not field verification."
"mp-route-125752869","route","Threading the Needle","V4","Mountain Project","mp-route-125752869","Threading the Needle","V4","","6B","mp-area-125752769","mp-area-125752769","https://www.mountainproject.com/route/125752869/threading-the-needle","2026-10-01T18:48:14.718Z","36.1627","-115.42506","BLOCKED route geometry/missing evidence","true","true","attributed observation; exact importer link is not independent corroboration","Face, independent corridor evidence and approved overlay pending. Current numeric source route ID; not field verification."
"mp-route-125601778","route","*Bipartisan","V9","Mountain Project","mp-route-125601778","*Bipartisan","V9","","7C","mp-area-125419005","mp-area-125419005","https://www.mountainproject.com/route/125601778/bipartisan","2026-10-01T18:48:14.603Z","36.16182","-115.42503","BLOCKED route geometry/missing evidence","true","true","attributed observation; exact importer link is not independent corroboration","Face, independent corridor evidence and approved overlay pending. Current numeric source route ID; not field verification."
"mp-route-125419031","route","*Quid Pro Quo","V7-","Mountain Project","mp-route-125419031","*Quid Pro Quo","V7-","","7A+","mp-area-125419005","mp-area-125419005","https://www.mountainproject.com/route/125419031/quid-pro-quo","2026-10-01T18:48:15.048Z","36.16182","-115.42503","BLOCKED route geometry/missing evidence","true","true","attributed observation; exact importer link is not independent corroboration","Face, independent corridor evidence and approved overlay pending. Current numeric source route ID; not field verification."
"mp-route-108057752","route","Big Mac Crack","V0","Mountain Project","mp-route-108057752","Big Mac Crack","V0","","4","mp-area-108057748","mp-area-108057748","https://www.mountainproject.com/route/108057752/big-mac-crack","2026-10-01T18:48:15.015Z","36.16092","-115.42372","BLOCKED route geometry/missing evidence","true","true","attributed observation; exact importer link is not independent corroboration","Face, independent corridor evidence and approved overlay pending. Current numeric source route ID; not field verification."
"mp-route-108057752","route","Big Mac Crack","V0","OpenBeta","ob-route-15467c78-4be1-5fc5-b225-40ac6739cbbb","Big Mac Crack","V0","","4","ob-area-49643775-7f85-5326-917c-40e0036de391","mp-area-108057748","https://openbeta.io/climb/15467c78-4be1-5fc5-b225-40ac6739cbbb/big-mac-crack","2026-10-01T18:49:26.683Z","","","BLOCKED route geometry/missing evidence","true","true","attributed observation; exact importer link is not independent corroboration","Face, independent corridor evidence and approved overlay pending. Exact match to documented OpenBeta importer uuidv5(MP route numeric ID, NIL namespace). Mountain Project import lineage; corroborating source entry does not independently verify route facts."
"mp-route-108057760","route","Dihedral","V0-","Mountain Project","mp-route-108057760","Dihedral","V0-","","4-","mp-area-108057748","mp-area-108057748","https://www.mountainproject.com/route/108057760/dihedral","2026-10-01T18:48:15.013Z","36.16092","-115.42372","BLOCKED route geometry/missing evidence","true","true","attributed observation; exact importer link is not independent corroboration","Face, independent corridor evidence and approved overlay pending. Current numeric source route ID; not field verification."
"mp-route-108057760","route","Dihedral","V0-","OpenBeta","ob-route-1fb72e7a-b57d-5661-9d0c-6d57f05d5a2a","Dihedral","V0-","","4-","ob-area-49643775-7f85-5326-917c-40e0036de391","mp-area-108057748","https://openbeta.io/climb/1fb72e7a-b57d-5661-9d0c-6d57f05d5a2a/dihedral","2026-10-01T18:49:26.683Z","","","BLOCKED route geometry/missing evidence","true","true","attributed observation; exact importer link is not independent corroboration","Face, independent corridor evidence and approved overlay pending. Exact match to documented OpenBeta importer uuidv5(MP route numeric ID, NIL namespace). Mountain Project import lineage; corroborating source entry does not independently verify route facts."
"mp-route-121564836","route","Thot Provoking","V4","Mountain Project","mp-route-121564836","Thot Provoking","V4","","6B","mp-area-108057748","mp-area-108057748","https://www.mountainproject.com/route/121564836/thot-provoking","2026-10-01T18:48:15.010Z","36.16092","-115.42372","BLOCKED route geometry/missing evidence","true","true","attributed observation; exact importer link is not independent corroboration","Face, independent corridor evidence and approved overlay pending. Source grades differ; inventory label is provisional, not an averaged grade. Current numeric source route ID; not field verification."
"mp-route-121564836","route","Thot Provoking","V4","OpenBeta","ob-route-0275bec4-e2d0-5d86-8713-3eda0610737f","Thot Provoking","V5","","6C","ob-area-49643775-7f85-5326-917c-40e0036de391","mp-area-108057748","https://openbeta.io/climb/0275bec4-e2d0-5d86-8713-3eda0610737f/thot-provoking","2026-10-01T18:49:26.683Z","","","BLOCKED route geometry/missing evidence","true","true","attributed observation; exact importer link is not independent corroboration","Face, independent corridor evidence and approved overlay pending. Source grades differ; inventory label is provisional, not an averaged grade. Exact match to documented OpenBeta importer uuidv5(MP route numeric ID, NIL namespace). Mountain Project import lineage; corroborating source entry does not independently verify route facts."
"mp-route-125499359","route","Bingo","V7","Mountain Project","mp-route-125499359","Bingo","V7","","7A+","mp-area-125499343","mp-area-125499343","https://www.mountainproject.com/route/125499359/bingo","2026-10-01T18:48:15.551Z","36.16122","-115.42393","BLOCKED route geometry/missing evidence","true","true","attributed observation; exact importer link is not independent corroboration","Face, independent corridor evidence and approved overlay pending. Current numeric source route ID; not field verification."
"mp-route-125556722","route","Bingo Right","V7","Mountain Project","mp-route-125556722","Bingo Right","V7","","7A+","mp-area-125499343","mp-area-125499343","https://www.mountainproject.com/route/125556722/bingo-right","2026-10-01T18:48:15.369Z","36.16122","-115.42393","BLOCKED route geometry/missing evidence","true","true","attributed observation; exact importer link is not independent corroboration","Face, independent corridor evidence and approved overlay pending. Current numeric source route ID; not field verification."
"mp-route-125195801","route","A-Fib","V1","Mountain Project","mp-route-125195801","A-Fib","V1","","5","mp-area-118341819","mp-area-118341819","https://www.mountainproject.com/route/125195801/a-fib","2026-10-01T18:48:15.348Z","36.16079","-115.42375","BLOCKED route geometry/missing evidence","true","true","attributed observation; exact importer link is not independent corroboration","Face, independent corridor evidence and approved overlay pending. Current numeric source route ID; not field verification."
"mp-route-120120065","route","Heart and Sole","V2","Mountain Project","mp-route-120120065","Heart and Sole","V2","","5+","mp-area-118341819","mp-area-118341819","https://www.mountainproject.com/route/120120065/heart-and-sole","2026-10-01T18:48:15.396Z","36.16079","-115.42375","BLOCKED route geometry/missing evidence","true","true","attributed observation; exact importer link is not independent corroboration","Face, independent corridor evidence and approved overlay pending. Current numeric source route ID; not field verification."
"mp-route-120120065","route","Heart and Sole","V2","OpenBeta","ob-route-7ae515cc-b44a-51a2-a702-804c2183e44a","Heart and Sole","V2","","5+","ob-area-70663b9a-bf80-51ac-a593-81c0d0398b4f","mp-area-118341819","https://openbeta.io/climb/7ae515cc-b44a-51a2-a702-804c2183e44a/heart-and-sole","2026-10-01T18:49:26.716Z","","","BLOCKED route geometry/missing evidence","true","true","attributed observation; exact importer link is not independent corroboration","Face, independent corridor evidence and approved overlay pending. Exact match to documented OpenBeta importer uuidv5(MP route numeric ID, NIL namespace). Mountain Project import lineage; corroborating source entry does not independently verify route facts."
"mp-route-120120004","route","Heart and Sole Left","V2","Mountain Project","mp-route-120120004","Heart and Sole Left","V2","","5+","mp-area-118341819","mp-area-118341819","https://www.mountainproject.com/route/120120004/heart-and-sole-left","2026-10-01T18:48:15.852Z","36.16079","-115.42375","BLOCKED route geometry/missing evidence","true","true","attributed observation; exact importer link is not independent corroboration","Face, independent corridor evidence and approved overlay pending. Current numeric source route ID; not field verification."
"mp-route-120120004","route","Heart and Sole Left","V2","OpenBeta","ob-route-99c916d4-9326-570a-b0ad-654ba71bff68","Heart and Sole Left","V2","","5+","ob-area-70663b9a-bf80-51ac-a593-81c0d0398b4f","mp-area-118341819","https://openbeta.io/climb/99c916d4-9326-570a-b0ad-654ba71bff68/heart-and-sole-left","2026-10-01T18:49:26.716Z","","","BLOCKED route geometry/missing evidence","true","true","attributed observation; exact importer link is not independent corroboration","Face, independent corridor evidence and approved overlay pending. Exact match to documented OpenBeta importer uuidv5(MP route numeric ID, NIL namespace). Mountain Project import lineage; corroborating source entry does not independently verify route facts."
"mp-route-118450320","route","Off the Couch, On the Couch.","V1","Mountain Project","mp-route-118450320","Off the Couch, On the Couch.","V1","","5","mp-area-118341819","mp-area-118341819","https://www.mountainproject.com/route/118450320/off-the-couch-on-the-couch","2026-10-01T18:48:15.834Z","36.16079","-115.42375","BLOCKED route geometry/missing evidence","true","true","attributed observation; exact importer link is not independent corroboration","Face, independent corridor evidence and approved overlay pending. Current numeric source route ID; not field verification."
"mp-route-118450320","route","Off the Couch, On the Couch.","V1","OpenBeta","ob-route-41910809-09bf-579b-bb2f-40f8872e6976","Off the Couch, On the Couch.","V1","","5","ob-area-70663b9a-bf80-51ac-a593-81c0d0398b4f","mp-area-118341819","https://openbeta.io/climb/41910809-09bf-579b-bb2f-40f8872e6976/off-the-couch-on-the-couch","2026-10-01T18:49:26.716Z","","","BLOCKED route geometry/missing evidence","true","true","attributed observation; exact importer link is not independent corroboration","Face, independent corridor evidence and approved overlay pending. Exact match to documented OpenBeta importer uuidv5(MP route numeric ID, NIL namespace). Mountain Project import lineage; corroborating source entry does not independently verify route facts."
"mp-route-120120112","route","Old Times","V7","Mountain Project","mp-route-120120112","Old Times","V7","","7A+","mp-area-118341819","mp-area-118341819","https://www.mountainproject.com/route/120120112/old-times","2026-10-01T18:48:15.842Z","36.16079","-115.42375","BLOCKED route geometry/missing evidence","true","true","attributed observation; exact importer link is not independent corroboration","Face, independent corridor evidence and approved overlay pending. Current numeric source route ID; not field verification."
"mp-route-120120112","route","Old Times","V7","OpenBeta","ob-route-fb345d78-211b-5834-a074-5c9609203df4","Old Times","V7","","7A+","ob-area-70663b9a-bf80-51ac-a593-81c0d0398b4f","mp-area-118341819","https://openbeta.io/climb/fb345d78-211b-5834-a074-5c9609203df4/old-times","2026-10-01T18:49:26.716Z","","","BLOCKED route geometry/missing evidence","true","true","attributed observation; exact importer link is not independent corroboration","Face, independent corridor evidence and approved overlay pending. Exact match to documented OpenBeta importer uuidv5(MP route numeric ID, NIL namespace). Mountain Project import lineage; corroborating source entry does not independently verify route facts."
"mp-route-120120085","route","Shark Tooth","V9","Mountain Project","mp-route-120120085","Shark Tooth","V9","","7C","mp-area-118341819","mp-area-118341819","https://www.mountainproject.com/route/120120085/shark-tooth","2026-10-01T18:48:15.871Z","36.16079","-115.42375","BLOCKED route geometry/missing evidence","true","true","attributed observation; exact importer link is not independent corroboration","Face, independent corridor evidence and approved overlay pending. Current numeric source route ID; not field verification."
"mp-route-120120085","route","Shark Tooth","V9","OpenBeta","ob-route-bb736fe8-d38a-5789-9ff3-f5f56ac2d2aa","Shark Tooth","V9","","7C","ob-area-70663b9a-bf80-51ac-a593-81c0d0398b4f","mp-area-118341819","https://openbeta.io/climb/bb736fe8-d38a-5789-9ff3-f5f56ac2d2aa/shark-tooth","2026-10-01T18:49:26.716Z","","","BLOCKED route geometry/missing evidence","true","true","attributed observation; exact importer link is not independent corroboration","Face, independent corridor evidence and approved overlay pending. Exact match to documented OpenBeta importer uuidv5(MP route numeric ID, NIL namespace). Mountain Project import lineage; corroborating source entry does not independently verify route facts."
"mp-route-125427186","route","Kessel Run","V7-","Mountain Project","mp-route-125427186","Kessel Run","V7-","","7A+","mp-area-125427180","mp-area-125427180","https://www.mountainproject.com/route/125427186/kessel-run","2026-10-01T18:48:16.224Z","36.16116","-115.42429","BLOCKED route geometry/missing evidence","true","true","attributed observation; exact importer link is not independent corroboration","Face, independent corridor evidence and approved overlay pending. Current numeric source route ID; not field verification."
"mp-route-127381481","route","Kessel Run Right","V5+","Mountain Project","mp-route-127381481","Kessel Run Right","V5+","","6C+","mp-area-125427180","mp-area-125427180","https://www.mountainproject.com/route/127381481/kessel-run-right","2026-10-01T18:48:16.402Z","36.16116","-115.42429","BLOCKED route geometry/missing evidence","true","true","attributed observation; exact importer link is not independent corroboration","Face, independent corridor evidence and approved overlay pending. Current numeric source route ID; not field verification."
"mp-route-123320476","route","Challah","V8-9","Mountain Project","mp-route-123320476","Challah","V8-9","","7B+","mp-area-116181708","mp-area-116181708","https://www.mountainproject.com/route/123320476/challah","2026-10-01T18:48:16.167Z","36.16352","-115.4245","BLOCKED route geometry/missing evidence","true","true","attributed observation; exact importer link is not independent corroboration","Face, independent corridor evidence and approved overlay pending. Current numeric source route ID; not field verification."
"mp-route-116181714","route","Toasted","V4","Mountain Project","mp-route-116181714","Toasted","V4","","6B","mp-area-116181708","mp-area-116181708","https://www.mountainproject.com/route/116181714/toasted","2026-10-01T18:48:16.262Z","36.16352","-115.4245","BLOCKED route geometry/missing evidence","true","true","attributed observation; exact importer link is not independent corroboration","Face, independent corridor evidence and approved overlay pending. Current numeric source route ID; not field verification."
"mp-route-116181714","route","Toasted","V4","OpenBeta","ob-route-a8070469-a714-5c55-b660-524eef487398","Toasted","V4","","6B","ob-area-8836aec6-20d0-5b53-8597-b7cfe5ef149d","mp-area-116181708","https://openbeta.io/climb/a8070469-a714-5c55-b660-524eef487398/toasted","2026-10-01T18:49:26.719Z","","","BLOCKED route geometry/missing evidence","true","true","attributed observation; exact importer link is not independent corroboration","Face, independent corridor evidence and approved overlay pending. Exact match to documented OpenBeta importer uuidv5(MP route numeric ID, NIL namespace). Mountain Project import lineage; corroborating source entry does not independently verify route facts."
"mp-route-125206063","route","Low Rider","V0","Mountain Project","mp-route-125206063","Low Rider","V0","","4","mp-area-125206006","mp-area-125206006","https://www.mountainproject.com/route/125206063/low-rider","2026-10-01T18:48:16.667Z","36.16039","-115.42266","BLOCKED route geometry/missing evidence","true","true","attributed observation; exact importer link is not independent corroboration","Face, independent corridor evidence and approved overlay pending. Current numeric source route ID; not field verification."
"mp-route-200770663","route","Bumi","V5-6","Mountain Project","mp-route-200770663","Bumi","V5-6","","6C+","mp-area-200770349","mp-area-200770349","https://www.mountainproject.com/route/200770663/bumi","2026-10-01T18:48:16.646Z","36.16148","-115.42448","BLOCKED route geometry/missing evidence","true","true","attributed observation; exact importer link is not independent corroboration","Face, independent corridor evidence and approved overlay pending. Current numeric source route ID; not field verification."
"mp-route-200852670","route","Cabbage Cart","V1","Mountain Project","mp-route-200852670","Cabbage Cart","V1","","5","mp-area-200770349","mp-area-200770349","https://www.mountainproject.com/route/200852670/cabbage-cart","2026-10-01T18:48:16.679Z","36.16148","-115.42448","BLOCKED route geometry/missing evidence","true","true","attributed observation; exact importer link is not independent corroboration","Face, independent corridor evidence and approved overlay pending. Current numeric source route ID; not field verification."
"mp-route-200770898","route","King Bumi","V7-","Mountain Project","mp-route-200770898","King Bumi","V7-","","7A+","mp-area-200770349","mp-area-200770349","https://www.mountainproject.com/route/200770898/king-bumi","2026-10-01T18:48:16.682Z","36.16148","-115.42448","BLOCKED route geometry/missing evidence","true","true","attributed observation; exact importer link is not independent corroboration","Face, independent corridor evidence and approved overlay pending. Current numeric source route ID; not field verification."
"mp-route-202641466","route","Swaglord Zuko","V3","Mountain Project","mp-route-202641466","Swaglord Zuko","V3","","6A","mp-area-200770349","mp-area-200770349","https://www.mountainproject.com/route/202641466/swaglord-zuko","2026-10-01T18:48:17.124Z","36.16148","-115.42448","BLOCKED route geometry/missing evidence","true","true","attributed observation; exact importer link is not independent corroboration","Face, independent corridor evidence and approved overlay pending. Current numeric source route ID; not field verification."
"mp-route-200852251","route","White Lotus","V9","Mountain Project","mp-route-200852251","White Lotus","V9","","7C","mp-area-200770349","mp-area-200770349","https://www.mountainproject.com/route/200852251/white-lotus","2026-10-01T18:48:16.925Z","36.16148","-115.42448","BLOCKED route geometry/missing evidence","true","true","attributed observation; exact importer link is not independent corroboration","Face, independent corridor evidence and approved overlay pending. Current numeric source route ID; not field verification."
"mp-route-202374470","route","White Lotus in Full Bloom","V10","Mountain Project","mp-route-202374470","White Lotus in Full Bloom","V10","","7C+","mp-area-200770349","mp-area-200770349","https://www.mountainproject.com/route/202374470/white-lotus-in-full-bloom","2026-10-01T18:48:18.600Z","36.16148","-115.42448","BLOCKED route geometry/missing evidence","true","true","attributed observation; exact importer link is not independent corroboration","Face, independent corridor evidence and approved overlay pending. Current numeric source route ID; not field verification."
"mp-route-120214626","route","Arete Left","V2","Mountain Project","mp-route-120214626","Arete Left","V2","","5+","mp-area-114126100","mp-area-114126100","https://www.mountainproject.com/route/120214626/arete-left","2026-10-01T18:48:16.984Z","36.16103","-115.42392","BLOCKED route geometry/missing evidence","true","true","attributed observation; exact importer link is not independent corroboration","Face, independent corridor evidence and approved overlay pending. Current numeric source route ID; not field verification."
"mp-route-120214626","route","Arete Left","V2","OpenBeta","ob-route-11d3470c-dc59-541b-b3a8-841f2fb27d97","Arete Left","V2","","5+","ob-area-358922ff-0c6f-5410-99a5-5fba73b08557","mp-area-114126100","https://openbeta.io/climb/11d3470c-dc59-541b-b3a8-841f2fb27d97/arete-left","2026-10-01T18:49:26.338Z","","","BLOCKED route geometry/missing evidence","true","true","attributed observation; exact importer link is not independent corroboration","Face, independent corridor evidence and approved overlay pending. Exact match to documented OpenBeta importer uuidv5(MP route numeric ID, NIL namespace). Mountain Project import lineage; corroborating source entry does not independently verify route facts."
"mp-route-114126111","route","Arete Right","V2","Mountain Project","mp-route-114126111","Arete Right","V2","","5+","mp-area-114126100","mp-area-114126100","https://www.mountainproject.com/route/114126111/arete-right","2026-10-01T18:48:18.887Z","36.16103","-115.42392","BLOCKED route geometry/missing evidence","true","true","attributed observation; exact importer link is not independent corroboration","Face, independent corridor evidence and approved overlay pending. Current numeric source route ID; not field verification."
"mp-route-114126111","route","Arete Right","V2","OpenBeta","ob-route-718a9834-4a51-5cab-9d1d-6041533126e0","Arete Right","V2","","5+","ob-area-358922ff-0c6f-5410-99a5-5fba73b08557","mp-area-114126100","https://openbeta.io/climb/718a9834-4a51-5cab-9d1d-6041533126e0/arete-right","2026-10-01T18:49:26.338Z","","","BLOCKED route geometry/missing evidence","true","true","attributed observation; exact importer link is not independent corroboration","Face, independent corridor evidence and approved overlay pending. Exact match to documented OpenBeta importer uuidv5(MP route numeric ID, NIL namespace). Mountain Project import lineage; corroborating source entry does not independently verify route facts."
"mp-route-120096369","route","Left Face","V0+","Mountain Project","mp-route-120096369","Left Face","V0+","","4+","mp-area-114126100","mp-area-114126100","https://www.mountainproject.com/route/120096369/left-face","2026-10-01T18:48:18.872Z","36.16103","-115.42392","BLOCKED route geometry/missing evidence","true","true","attributed observation; exact importer link is not independent corroboration","Face, independent corridor evidence and approved overlay pending. Source grades differ; inventory label is provisional, not an averaged grade. Current numeric source route ID; not field verification."
"mp-route-120096369","route","Left Face","V0+","OpenBeta","ob-route-1df78a46-4722-55de-a445-565c5c3004e6","Left Face","V0","","4","ob-area-358922ff-0c6f-5410-99a5-5fba73b08557","mp-area-114126100","https://openbeta.io/climb/1df78a46-4722-55de-a445-565c5c3004e6/left-face","2026-10-01T18:49:26.338Z","","","BLOCKED route geometry/missing evidence","true","true","attributed observation; exact importer link is not independent corroboration","Face, independent corridor evidence and approved overlay pending. Source grades differ; inventory label is provisional, not an averaged grade. Exact match to documented OpenBeta importer uuidv5(MP route numeric ID, NIL namespace). Mountain Project import lineage; corroborating source entry does not independently verify route facts."
"mp-route-120096383","route","Left Face Traverse","V3","Mountain Project","mp-route-120096383","Left Face Traverse","V3","","6A","mp-area-114126100","mp-area-114126100","https://www.mountainproject.com/route/120096383/left-face-traverse","2026-10-01T18:48:18.945Z","36.16103","-115.42392","BLOCKED route geometry/missing evidence","true","true","attributed observation; exact importer link is not independent corroboration","Face, independent corridor evidence and approved overlay pending. Source grades differ; inventory label is provisional, not an averaged grade. Current numeric source route ID; not field verification."
"mp-route-120096383","route","Left Face Traverse","V3","OpenBeta","ob-route-a5ce1781-0181-5b17-b6c7-b1d4b92b6054","Left Face Traverse","V2-3","","5+","ob-area-358922ff-0c6f-5410-99a5-5fba73b08557","mp-area-114126100","https://openbeta.io/climb/a5ce1781-0181-5b17-b6c7-b1d4b92b6054/left-face-traverse","2026-10-01T18:49:26.338Z","","","BLOCKED route geometry/missing evidence","true","true","attributed observation; exact importer link is not independent corroboration","Face, independent corridor evidence and approved overlay pending. Source grades differ; inventory label is provisional, not an averaged grade. Exact match to documented OpenBeta importer uuidv5(MP route numeric ID, NIL namespace). Mountain Project import lineage; corroborating source entry does not independently verify route facts."
"mp-route-120096326","route","Right Traverse","V1","Mountain Project","mp-route-120096326","Right Traverse","V1","","5","mp-area-114126100","mp-area-114126100","https://www.mountainproject.com/route/120096326/right-traverse","2026-10-01T18:48:18.858Z","36.16103","-115.42392","BLOCKED route geometry/missing evidence","true","true","attributed observation; exact importer link is not independent corroboration","Face, independent corridor evidence and approved overlay pending. Current numeric source route ID; not field verification."
"mp-route-120096326","route","Right Traverse","V1","OpenBeta","ob-route-d1fd7c8c-ea28-5828-981d-ace2d24348e9","Right Traverse","V1","","5","ob-area-358922ff-0c6f-5410-99a5-5fba73b08557","mp-area-114126100","https://openbeta.io/climb/d1fd7c8c-ea28-5828-981d-ace2d24348e9/right-traverse","2026-10-01T18:49:26.338Z","","","BLOCKED route geometry/missing evidence","true","true","attributed observation; exact importer link is not independent corroboration","Face, independent corridor evidence and approved overlay pending. Exact match to documented OpenBeta importer uuidv5(MP route numeric ID, NIL namespace). Mountain Project import lineage; corroborating source entry does not independently verify route facts."
"mp-route-122116313","route","First Blood","V2","Mountain Project","mp-route-122116313","First Blood","V2","","5+","mp-area-122116121","mp-area-122116121","https://www.mountainproject.com/route/122116313/first-blood","2026-10-01T18:48:19.303Z","36.16037","-115.42202","BLOCKED route geometry/missing evidence","true","true","attributed observation; exact importer link is not independent corroboration","Face, independent corridor evidence and approved overlay pending. Current numeric source route ID; not field verification."
"mp-route-122116376","route","Live For Nothing","V0","Mountain Project","mp-route-122116376","Live For Nothing","V0","","4","mp-area-122116121","mp-area-122116121","https://www.mountainproject.com/route/122116376/live-for-nothing","2026-10-01T18:48:19.234Z","36.16037","-115.42202","BLOCKED route geometry/missing evidence","true","true","attributed observation; exact importer link is not independent corroboration","Face, independent corridor evidence and approved overlay pending. Current numeric source route ID; not field verification."
"mp-route-122117131","route","Rambo","V5","Mountain Project","mp-route-122117131","Rambo","V5","","6C","mp-area-122116121","mp-area-122116121","https://www.mountainproject.com/route/122117131/rambo","2026-10-01T18:48:19.280Z","36.16037","-115.42202","BLOCKED route geometry/missing evidence","true","true","attributed observation; exact importer link is not independent corroboration","Face, independent corridor evidence and approved overlay pending. Current numeric source route ID; not field verification."
"mp-route-125230717","route","Robbed/Repo'd","V3","Mountain Project","mp-route-125230717","Robbed/Repo'd","V3","","6A","mp-area-125230677","mp-area-125230677","https://www.mountainproject.com/route/125230717/robbedrepod","2026-10-01T18:48:19.250Z","36.16218","-115.42475","BLOCKED route geometry/missing evidence","true","true","attributed observation; exact importer link is not independent corroboration","Face, independent corridor evidence and approved overlay pending. Current numeric source route ID; not field verification."
"mp-route-202288017","route","1/3 of the Business","V4","Mountain Project","mp-route-202288017","1/3 of the Business","V4","","6B","mp-area-202233182","mp-area-202233182","https://www.mountainproject.com/route/202288017/13-of-the-business","2026-10-01T18:48:19.753Z","36.16065","-115.4212","BLOCKED route geometry/missing evidence","true","true","attributed observation; exact importer link is not independent corroboration","Face, independent corridor evidence and approved overlay pending. Current numeric source route ID; not field verification."
"mp-route-202287982","route","Back of the Business","V1-2","Mountain Project","mp-route-202287982","Back of the Business","V1-2","","5","mp-area-202233182","mp-area-202233182","https://www.mountainproject.com/route/202287982/back-of-the-business","2026-10-01T18:48:19.559Z","36.16065","-115.4212","BLOCKED route geometry/missing evidence","true","true","attributed observation; exact importer link is not independent corroboration","Face, independent corridor evidence and approved overlay pending. Current numeric source route ID; not field verification."
"mp-route-202287937","route","Center","V0-1","Mountain Project","mp-route-202287937","Center","V0-1","","4+","mp-area-202233182","mp-area-202233182","https://www.mountainproject.com/route/202287937/center","2026-10-01T18:48:20.257Z","36.16065","-115.4212","BLOCKED route geometry/missing evidence","true","true","attributed observation; exact importer link is not independent corroboration","Face, independent corridor evidence and approved overlay pending. Current numeric source route ID; not field verification."
"mp-route-202233337","route","Right to Left Traverse","V2","Mountain Project","mp-route-202233337","Right to Left Traverse","V2","","5+","mp-area-202233182","mp-area-202233182","https://www.mountainproject.com/route/202233337/right-to-left-traverse","2026-10-01T18:48:19.603Z","36.16065","-115.4212","BLOCKED route geometry/missing evidence","true","true","attributed observation; exact importer link is not independent corroboration","Face, independent corridor evidence and approved overlay pending. Current numeric source route ID; not field verification."
"mp-route-202233289","route","Smooth Business","V1","Mountain Project","mp-route-202233289","Smooth Business","V1","","5","mp-area-202233182","mp-area-202233182","https://www.mountainproject.com/route/202233289/smooth-business","2026-10-01T18:48:20.591Z","36.16065","-115.4212","BLOCKED route geometry/missing evidence","true","true","attributed observation; exact importer link is not independent corroboration","Face, independent corridor evidence and approved overlay pending. Current numeric source route ID; not field verification."
"mp-route-120119519","route","Arête","V1","Mountain Project","mp-route-120119519","Arête","V1","","5","mp-area-114000100","mp-area-114000100","https://www.mountainproject.com/route/120119519/arete","2026-10-01T18:48:20.598Z","36.16095","-115.42416","BLOCKED route geometry/missing evidence","true","true","attributed observation; exact importer link is not independent corroboration","Face, independent corridor evidence and approved overlay pending. Current numeric source route ID; not field verification."
"mp-route-120119519","route","Arête","V1","OpenBeta","ob-route-a59ce027-d91c-5125-b7be-ce3cc323d194","Arête","V1","","5","ob-area-9ab5a487-2998-5faa-b357-a2f127db0575","mp-area-114000100","https://openbeta.io/climb/a59ce027-d91c-5125-b7be-ce3cc323d194/arete","2026-10-01T18:49:26.347Z","","","BLOCKED route geometry/missing evidence","true","true","attributed observation; exact importer link is not independent corroboration","Face, independent corridor evidence and approved overlay pending. Exact match to documented OpenBeta importer uuidv5(MP route numeric ID, NIL namespace). Mountain Project import lineage; corroborating source entry does not independently verify route facts."
"mp-route-119981322","route","Booger Sugar","V3","Mountain Project","mp-route-119981322","Booger Sugar","V3","","6A","mp-area-114000100","mp-area-114000100","https://www.mountainproject.com/route/119981322/booger-sugar","2026-10-01T18:48:20.572Z","36.16095","-115.42416","BLOCKED route geometry/missing evidence","true","true","attributed observation; exact importer link is not independent corroboration","Face, independent corridor evidence and approved overlay pending. Source grades differ; inventory label is provisional, not an averaged grade. Current numeric source route ID; not field verification."
"mp-route-119981322","route","Booger Sugar","V3","OpenBeta","ob-route-f6ebcd6c-0574-5347-b43f-74d09b47bf7a","Booger Sugar","V3-4","","6A+","ob-area-9ab5a487-2998-5faa-b357-a2f127db0575","mp-area-114000100","https://openbeta.io/climb/f6ebcd6c-0574-5347-b43f-74d09b47bf7a/booger-sugar","2026-10-01T18:49:26.347Z","","","BLOCKED route geometry/missing evidence","true","true","attributed observation; exact importer link is not independent corroboration","Face, independent corridor evidence and approved overlay pending. Source grades differ; inventory label is provisional, not an averaged grade. Exact match to documented OpenBeta importer uuidv5(MP route numeric ID, NIL namespace). Mountain Project import lineage; corroborating source entry does not independently verify route facts."
"mp-route-116562024","route","Cocaine Biceps","V5-","Mountain Project","mp-route-116562024","Cocaine Biceps","V5-","","6C","mp-area-114000100","mp-area-114000100","https://www.mountainproject.com/route/116562024/cocaine-biceps","2026-10-01T18:48:20.530Z","36.16095","-115.42416","BLOCKED route geometry/missing evidence","true","true","attributed observation; exact importer link is not independent corroboration","Face, independent corridor evidence and approved overlay pending. Current numeric source route ID; not field verification."
"mp-route-116562024","route","Cocaine Biceps","V5-","OpenBeta","ob-route-935bc254-0a60-58e2-8f57-593e4eb4c19a","Cocaine Biceps","V5-","","6C","ob-area-9ab5a487-2998-5faa-b357-a2f127db0575","mp-area-114000100","https://openbeta.io/climb/935bc254-0a60-58e2-8f57-593e4eb4c19a/cocaine-biceps","2026-10-01T18:49:26.347Z","","","BLOCKED route geometry/missing evidence","true","true","attributed observation; exact importer link is not independent corroboration","Face, independent corridor evidence and approved overlay pending. Exact match to documented OpenBeta importer uuidv5(MP route numeric ID, NIL namespace). Mountain Project import lineage; corroborating source entry does not independently verify route facts."
"mp-route-120222717","route","Cocaine Triceps","V4-5","Mountain Project","mp-route-120222717","Cocaine Triceps","V4-5","","6B+","mp-area-114000100","mp-area-114000100","https://www.mountainproject.com/route/120222717/cocaine-triceps","2026-10-01T18:48:20.869Z","36.16095","-115.42416","BLOCKED route geometry/missing evidence","true","true","attributed observation; exact importer link is not independent corroboration","Face, independent corridor evidence and approved overlay pending. Current numeric source route ID; not field verification."
"mp-route-120222717","route","Cocaine Triceps","V4-5","OpenBeta","ob-route-6e3e1623-1a06-5a46-b728-3f3050cf12f1","Cocaine Triceps","V4-5","","6B+","ob-area-9ab5a487-2998-5faa-b357-a2f127db0575","mp-area-114000100","https://openbeta.io/climb/6e3e1623-1a06-5a46-b728-3f3050cf12f1/cocaine-triceps","2026-10-01T18:49:26.347Z","","","BLOCKED route geometry/missing evidence","true","true","attributed observation; exact importer link is not independent corroboration","Face, independent corridor evidence and approved overlay pending. Exact match to documented OpenBeta importer uuidv5(MP route numeric ID, NIL namespace). Mountain Project import lineage; corroborating source entry does not independently verify route facts."
"mp-route-120119479","route","Left Arête","V2","Mountain Project","mp-route-120119479","Left Arête","V2","","5+","mp-area-114000100","mp-area-114000100","https://www.mountainproject.com/route/120119479/left-arete","2026-10-01T18:48:20.916Z","36.16095","-115.42416","BLOCKED route geometry/missing evidence","true","true","attributed observation; exact importer link is not independent corroboration","Face, independent corridor evidence and approved overlay pending. Source grades differ; inventory label is provisional, not an averaged grade. Current numeric source route ID; not field verification."
"mp-route-120119479","route","Left Arête","V2","OpenBeta","ob-route-46a91974-6639-53d0-9c8a-c15e9a12fc68","Left Arête","V1+","","5","ob-area-9ab5a487-2998-5faa-b357-a2f127db0575","mp-area-114000100","https://openbeta.io/climb/46a91974-6639-53d0-9c8a-c15e9a12fc68/left-arete","2026-10-01T18:49:26.347Z","","","BLOCKED route geometry/missing evidence","true","true","attributed observation; exact importer link is not independent corroboration","Face, independent corridor evidence and approved overlay pending. Source grades differ; inventory label is provisional, not an averaged grade. Exact match to documented OpenBeta importer uuidv5(MP route numeric ID, NIL namespace). Mountain Project import lineage; corroborating source entry does not independently verify route facts."
"mp-route-122130476","route","Pocks","V1","Mountain Project","mp-route-122130476","Pocks","V1","","5","mp-area-114000100","mp-area-114000100","https://www.mountainproject.com/route/122130476/pocks","2026-10-01T18:48:20.944Z","36.16095","-115.42416","BLOCKED route geometry/missing evidence","true","true","attributed observation; exact importer link is not independent corroboration","Face, independent corridor evidence and approved overlay pending. Current numeric source route ID; not field verification."
"mp-route-114000113","route","Sorange","V3","Mountain Project","mp-route-114000113","Sorange","V3","","6A","mp-area-114000100","mp-area-114000100","https://www.mountainproject.com/route/114000113/sorange","2026-10-01T18:48:20.879Z","36.16095","-115.42416","BLOCKED route geometry/missing evidence","true","true","attributed observation; exact importer link is not independent corroboration","Face, independent corridor evidence and approved overlay pending. Current numeric source route ID; not field verification."
"mp-route-114000113","route","Sorange","V3","OpenBeta","ob-route-a4033691-a4c7-585d-b624-3b4754ed3fac","Sorange","V3","","6A","ob-area-9ab5a487-2998-5faa-b357-a2f127db0575","mp-area-114000100","https://openbeta.io/climb/a4033691-a4c7-585d-b624-3b4754ed3fac/sorange","2026-10-01T18:49:26.347Z","","","BLOCKED route geometry/missing evidence","true","true","attributed observation; exact importer link is not independent corroboration","Face, independent corridor evidence and approved overlay pending. Exact match to documented OpenBeta importer uuidv5(MP route numeric ID, NIL namespace). Mountain Project import lineage; corroborating source entry does not independently verify route facts."
"mp-route-114126089","route","Sorange Traverse","V3+","Mountain Project","mp-route-114126089","Sorange Traverse","V3+","","6A+","mp-area-114000100","mp-area-114000100","https://www.mountainproject.com/route/114126089/sorange-traverse","2026-10-01T18:48:21.237Z","36.16095","-115.42416","BLOCKED route geometry/missing evidence","true","true","attributed observation; exact importer link is not independent corroboration","Face, independent corridor evidence and approved overlay pending. Source grades differ; inventory label is provisional, not an averaged grade. Current numeric source route ID; not field verification."
"mp-route-114126089","route","Sorange Traverse","V3+","OpenBeta","ob-route-e2491d7b-5e63-54a6-99aa-4f9c4ed4d498","Sorange Traverse","V3","","6A","ob-area-9ab5a487-2998-5faa-b357-a2f127db0575","mp-area-114000100","https://openbeta.io/climb/e2491d7b-5e63-54a6-99aa-4f9c4ed4d498/sorange-traverse","2026-10-01T18:49:26.347Z","","","BLOCKED route geometry/missing evidence","true","true","attributed observation; exact importer link is not independent corroboration","Face, independent corridor evidence and approved overlay pending. Source grades differ; inventory label is provisional, not an averaged grade. Exact match to documented OpenBeta importer uuidv5(MP route numeric ID, NIL namespace). Mountain Project import lineage; corroborating source entry does not independently verify route facts."
"mp-route-125764377","route","Underworld, The","V2","Mountain Project","mp-route-125764377","Underworld, The","V2","","5+","mp-area-114000100","mp-area-114000100","https://www.mountainproject.com/route/125764377/the-underworld","2026-10-01T18:48:21.266Z","36.16095","-115.42416","BLOCKED route geometry/missing evidence","true","true","attributed observation; exact importer link is not independent corroboration","Face, independent corridor evidence and approved overlay pending. Current numeric source route ID; not field verification."
"mp-route-116190245","route","Welcome to Detroit","V4","Mountain Project","mp-route-116190245","Welcome to Detroit","V4","","6B","mp-area-114000100","mp-area-114000100","https://www.mountainproject.com/route/116190245/welcome-to-detroit","2026-10-01T18:48:21.198Z","36.16095","-115.42416","BLOCKED route geometry/missing evidence","true","true","attributed observation; exact importer link is not independent corroboration","Face, independent corridor evidence and approved overlay pending. Current numeric source route ID; not field verification."
"mp-route-116190245","route","Welcome to Detroit","V4","OpenBeta","ob-route-2327a743-844a-59bf-8df7-480fad30eb8f","Welcome to Detroit","V4","","6B","ob-area-9ab5a487-2998-5faa-b357-a2f127db0575","mp-area-114000100","https://openbeta.io/climb/2327a743-844a-59bf-8df7-480fad30eb8f/welcome-to-detroit","2026-10-01T18:49:26.347Z","","","BLOCKED route geometry/missing evidence","true","true","attributed observation; exact importer link is not independent corroboration","Face, independent corridor evidence and approved overlay pending. Exact match to documented OpenBeta importer uuidv5(MP route numeric ID, NIL namespace). Mountain Project import lineage; corroborating source entry does not independently verify route facts."
"mp-route-120119682","route","Blunt Arête","V1","Mountain Project","mp-route-120119682","Blunt Arête","V1","","5","mp-area-114200315","mp-area-114200315","https://www.mountainproject.com/route/120119682/blunt-arete","2026-10-01T18:48:21.398Z","36.1611","-115.4238","BLOCKED route geometry/missing evidence","true","true","attributed observation; exact importer link is not independent corroboration","Face, independent corridor evidence and approved overlay pending. Current numeric source route ID; not field verification."
"mp-route-120119682","route","Blunt Arête","V1","OpenBeta","ob-route-331c1f48-118d-5c41-af23-f275a065d698","Blunt Arête","V1","","5","ob-area-539d60ea-9196-573e-9a76-88ec0f0079ea","mp-area-114200315","https://openbeta.io/climb/331c1f48-118d-5c41-af23-f275a065d698/blunt-arete","2026-10-01T18:49:26.330Z","","","BLOCKED route geometry/missing evidence","true","true","attributed observation; exact importer link is not independent corroboration","Face, independent corridor evidence and approved overlay pending. Exact match to documented OpenBeta importer uuidv5(MP route numeric ID, NIL namespace). Mountain Project import lineage; corroborating source entry does not independently verify route facts."
"mp-route-200389592","route","Orajel","V9","Mountain Project","mp-route-200389592","Orajel","V9","","7C","mp-area-114200315","mp-area-114200315","https://www.mountainproject.com/route/200389592/orajel","2026-10-01T18:48:21.627Z","36.1611","-115.4238","BLOCKED route geometry/missing evidence","true","true","attributed observation; exact importer link is not independent corroboration","Face, independent corridor evidence and approved overlay pending. Current numeric source route ID; not field verification."
"mp-route-116355888","route","Poison Control","V8+","Mountain Project","mp-route-116355888","Poison Control","V8+","","7B+","mp-area-114200315","mp-area-114200315","https://www.mountainproject.com/route/116355888/poison-control","2026-10-01T18:48:21.741Z","36.1611","-115.4238","BLOCKED route geometry/missing evidence","true","true","attributed observation; exact importer link is not independent corroboration","Face, independent corridor evidence and approved overlay pending. Source grades differ; inventory label is provisional, not an averaged grade. Current numeric source route ID; not field verification."
"mp-route-116355888","route","Poison Control","V8+","OpenBeta","ob-route-db6ad1b8-9199-54ca-892e-739903d18670","Poison Control","V9","","7C","ob-area-539d60ea-9196-573e-9a76-88ec0f0079ea","mp-area-114200315","https://openbeta.io/climb/db6ad1b8-9199-54ca-892e-739903d18670/poison-control","2026-10-01T18:49:26.330Z","","","BLOCKED route geometry/missing evidence","true","true","attributed observation; exact importer link is not independent corroboration","Face, independent corridor evidence and approved overlay pending. Source grades differ; inventory label is provisional, not an averaged grade. Exact match to documented OpenBeta importer uuidv5(MP route numeric ID, NIL namespace). Mountain Project import lineage; corroborating source entry does not independently verify route facts."
"mp-route-120119572","route","Right Arête","V3","Mountain Project","mp-route-120119572","Right Arête","V3","","6A","mp-area-114200315","mp-area-114200315","https://www.mountainproject.com/route/120119572/right-arete","2026-10-01T18:48:21.637Z","36.1611","-115.4238","BLOCKED route geometry/missing evidence","true","true","attributed observation; exact importer link is not independent corroboration","Face, independent corridor evidence and approved overlay pending. Current numeric source route ID; not field verification."
"mp-route-120119572","route","Right Arête","V3","OpenBeta","ob-route-a8ab60bb-36ab-5442-b87c-06e2a7e56b25","Right Arête","V3","","6A","ob-area-539d60ea-9196-573e-9a76-88ec0f0079ea","mp-area-114200315","https://openbeta.io/climb/a8ab60bb-36ab-5442-b87c-06e2a7e56b25/right-arete","2026-10-01T18:49:26.330Z","","","BLOCKED route geometry/missing evidence","true","true","attributed observation; exact importer link is not independent corroboration","Face, independent corridor evidence and approved overlay pending. Exact match to documented OpenBeta importer uuidv5(MP route numeric ID, NIL namespace). Mountain Project import lineage; corroborating source entry does not independently verify route facts."
"mp-route-114200319","route","Spittin' Venom","V8","Mountain Project","mp-route-114200319","Spittin' Venom","V8","","7B","mp-area-114200315","mp-area-114200315","https://www.mountainproject.com/route/114200319/spittin-venom","2026-10-01T18:48:21.692Z","36.1611","-115.4238","BLOCKED route geometry/missing evidence","true","true","attributed observation; exact importer link is not independent corroboration","Face, independent corridor evidence and approved overlay pending. Source grades differ; inventory label is provisional, not an averaged grade. Current numeric source route ID; not field verification."
"mp-route-114200319","route","Spittin' Venom","V8","OpenBeta","ob-route-6f6aca18-d69b-5929-a8c9-9842a7eed91e","Spittin' Venom","V8-9","","7B+","ob-area-539d60ea-9196-573e-9a76-88ec0f0079ea","mp-area-114200315","https://openbeta.io/climb/6f6aca18-d69b-5929-a8c9-9842a7eed91e/spittin-venom","2026-10-01T18:49:26.330Z","","","BLOCKED route geometry/missing evidence","true","true","attributed observation; exact importer link is not independent corroboration","Face, independent corridor evidence and approved overlay pending. Source grades differ; inventory label is provisional, not an averaged grade. Exact match to documented OpenBeta importer uuidv5(MP route numeric ID, NIL namespace). Mountain Project import lineage; corroborating source entry does not independently verify route facts."
"mp-route-123760590","route","Spittin’ Done Did It","V9-10","Mountain Project","mp-route-123760590","Spittin’ Done Did It","V9-10","","7C+","mp-area-114200315","mp-area-114200315","https://www.mountainproject.com/route/123760590/spittin-done-did-it","2026-10-01T18:48:22.037Z","36.1611","-115.4238","BLOCKED route geometry/missing evidence","true","true","attributed observation; exact importer link is not independent corroboration","Face, independent corridor evidence and approved overlay pending. Current numeric source route ID; not field verification."
"mp-route-123890261","route","Umami","V0","Mountain Project","mp-route-123890261","Umami","V0","","4","mp-area-114200315","mp-area-114200315","https://www.mountainproject.com/route/123890261/umami","2026-10-01T18:48:21.986Z","36.1611","-115.4238","BLOCKED route geometry/missing evidence","true","true","attributed observation; exact importer link is not independent corroboration","Face, independent corridor evidence and approved overlay pending. Current numeric source route ID; not field verification."
"mp-route-120119454","route","Who Done It?","V6","Mountain Project","mp-route-120119454","Who Done It?","V6","","7A","mp-area-114200315","mp-area-114200315","https://www.mountainproject.com/route/120119454/who-done-it","2026-10-01T18:48:22.093Z","36.1611","-115.4238","BLOCKED route geometry/missing evidence","true","true","attributed observation; exact importer link is not independent corroboration","Face, independent corridor evidence and approved overlay pending. Current numeric source route ID; not field verification."
"mp-route-120119454","route","Who Done It?","V6","OpenBeta","ob-route-a2937939-2c43-57aa-b7ee-0081779a38b1","Who Done It?","V6","","7A","ob-area-539d60ea-9196-573e-9a76-88ec0f0079ea","mp-area-114200315","https://openbeta.io/climb/a2937939-2c43-57aa-b7ee-0081779a38b1/who-done-it","2026-10-01T18:49:26.330Z","","","BLOCKED route geometry/missing evidence","true","true","attributed observation; exact importer link is not independent corroboration","Face, independent corridor evidence and approved overlay pending. Exact match to documented OpenBeta importer uuidv5(MP route numeric ID, NIL namespace). Mountain Project import lineage; corroborating source entry does not independently verify route facts."
"mp-route-125212748","route","Bush, The","V4","Mountain Project","mp-route-125212748","Bush, The","V4","","6B","mp-area-125212738","mp-area-125212738","https://www.mountainproject.com/route/125212748/the-bush","2026-10-01T18:48:22.259Z","36.16005","-115.41939","BLOCKED route geometry/missing evidence","true","true","attributed observation; exact importer link is not independent corroboration","Face, independent corridor evidence and approved overlay pending. Current numeric source route ID; not field verification."
"mp-route-107004798","route","A Clockwork Orange","V12","Mountain Project","mp-route-107004798","A Clockwork Orange","V12","","8A+","mp-area-105959355","mp-area-105959355","https://www.mountainproject.com/route/107004798/a-clockwork-orange","2026-10-01T18:48:22.742Z","36.15974","-115.41913","BLOCKED route geometry/missing evidence","true","true","attributed observation; exact importer link is not independent corroboration","Face, independent corridor evidence and approved overlay pending. Current numeric source route ID; not field verification."
"mp-route-107004798","route","A Clockwork Orange","V12","OpenBeta","ob-route-12937b66-51f2-535f-a6e9-914cd63e4836","A Clockwork Orange","V12","","8A+","ob-area-a829a425-b593-5a69-b1eb-35656ef30362","mp-area-105959355","https://openbeta.io/climb/12937b66-51f2-535f-a6e9-914cd63e4836/a-clockwork-orange","2026-10-01T18:49:27.571Z","","","BLOCKED route geometry/missing evidence","true","true","attributed observation; exact importer link is not independent corroboration","Face, independent corridor evidence and approved overlay pending. Exact match to documented OpenBeta importer uuidv5(MP route numeric ID, NIL namespace). Mountain Project import lineage; corroborating source entry does not independently verify route facts."
"mp-route-112430327","route","Big Love","V4","Mountain Project","mp-route-112430327","Big Love","V4","","6B","mp-area-105959355","mp-area-105959355","https://www.mountainproject.com/route/112430327/big-love","2026-10-01T18:48:22.485Z","36.15974","-115.41913","BLOCKED route geometry/missing evidence","true","true","attributed observation; exact importer link is not independent corroboration","Face, independent corridor evidence and approved overlay pending. Current numeric source route ID; not field verification."
"mp-route-112430327","route","Big Love","V4","OpenBeta","ob-route-aeb10615-939b-5a21-993b-13283db59f85","Big Love","V4","","6B","ob-area-a829a425-b593-5a69-b1eb-35656ef30362","mp-area-105959355","https://openbeta.io/climb/aeb10615-939b-5a21-993b-13283db59f85/big-love","2026-10-01T18:49:27.571Z","","","BLOCKED route geometry/missing evidence","true","true","attributed observation; exact importer link is not independent corroboration","Face, independent corridor evidence and approved overlay pending. Exact match to documented OpenBeta importer uuidv5(MP route numeric ID, NIL namespace). Mountain Project import lineage; corroborating source entry does not independently verify route facts."
"mp-route-107004045","route","Fear of a Black Hat","V9","Mountain Project","mp-route-107004045","Fear of a Black Hat","V9","","7C","mp-area-105959355","mp-area-105959355","https://www.mountainproject.com/route/107004045/fear-of-a-black-hat","2026-10-01T18:48:22.528Z","36.15974","-115.41913","BLOCKED route geometry/missing evidence","true","true","attributed observation; exact importer link is not independent corroboration","Face, independent corridor evidence and approved overlay pending. Current numeric source route ID; not field verification."
"mp-route-107004045","route","Fear of a Black Hat","V9","OpenBeta","ob-route-f1541193-8f92-50d6-ac8f-02abf2d66842","Fear of a Black Hat","V9","","7C","ob-area-a829a425-b593-5a69-b1eb-35656ef30362","mp-area-105959355","https://openbeta.io/climb/f1541193-8f92-50d6-ac8f-02abf2d66842/fear-of-a-black-hat","2026-10-01T18:49:27.571Z","","","BLOCKED route geometry/missing evidence","true","true","attributed observation; exact importer link is not independent corroboration","Face, independent corridor evidence and approved overlay pending. Exact match to documented OpenBeta importer uuidv5(MP route numeric ID, NIL namespace). Mountain Project import lineage; corroborating source entry does not independently verify route facts."
"mp-route-116693657","route","Full Regulation","V3","Mountain Project","mp-route-116693657","Full Regulation","V3","","6A","mp-area-105959355","mp-area-105959355","https://www.mountainproject.com/route/116693657/full-regulation","2026-10-01T18:48:22.566Z","36.15974","-115.41913","BLOCKED route geometry/missing evidence","true","true","attributed observation; exact importer link is not independent corroboration","Face, independent corridor evidence and approved overlay pending. Current numeric source route ID; not field verification."
"mp-route-116693657","route","Full Regulation","V3","OpenBeta","ob-route-81ae4bfd-e191-5349-8a13-bea44c97beee","Full Regulation","5.11a","5.11a","","ob-area-a829a425-b593-5a69-b1eb-35656ef30362","mp-area-105959355","https://openbeta.io/climb/81ae4bfd-e191-5349-8a13-bea44c97beee/full-regulation","2026-10-01T18:49:27.571Z","","","BLOCKED route geometry/missing evidence","true","true","attributed observation; exact importer link is not independent corroboration","Face, independent corridor evidence and approved overlay pending. Exact match to documented OpenBeta importer uuidv5(MP route numeric ID, NIL namespace). Mountain Project import lineage; corroborating source entry does not independently verify route facts."
"mp-route-124045669","route","Marriage","V6+","Mountain Project","mp-route-124045669","Marriage","V6+","","7A","mp-area-105959355","mp-area-105959355","https://www.mountainproject.com/route/124045669/marriage","2026-10-01T18:48:22.970Z","36.15974","-115.41913","BLOCKED route geometry/missing evidence","true","true","attributed observation; exact importer link is not independent corroboration","Face, independent corridor evidence and approved overlay pending. Current numeric source route ID; not field verification."
"mp-route-124045709","route","Marriage Sit","V7-","Mountain Project","mp-route-124045709","Marriage Sit","V7-","","7A+","mp-area-105959355","mp-area-105959355","https://www.mountainproject.com/route/124045709/marriage-sit","2026-10-01T18:48:22.990Z","36.15974","-115.41913","BLOCKED route geometry/missing evidence","true","true","attributed observation; exact importer link is not independent corroboration","Face, independent corridor evidence and approved overlay pending. Current numeric source route ID; not field verification."
"mp-route-113857995","route","Martinet's Rails","V1","Mountain Project","mp-route-113857995","Martinet's Rails","V1","","5","mp-area-105959355","mp-area-105959355","https://www.mountainproject.com/route/113857995/martinets-rails","2026-10-01T18:48:23.013Z","36.15974","-115.41913","BLOCKED route geometry/missing evidence","true","true","attributed observation; exact importer link is not independent corroboration","Face, independent corridor evidence and approved overlay pending. Current numeric source route ID; not field verification."
"mp-route-113857995","route","Martinet's Rails","V1","OpenBeta","ob-route-a55dbd8e-6f3e-5731-8770-306bf59ea692","Martinet's Rails","V1","","5","ob-area-a829a425-b593-5a69-b1eb-35656ef30362","mp-area-105959355","https://openbeta.io/climb/a55dbd8e-6f3e-5731-8770-306bf59ea692/martinets-rails","2026-10-01T18:49:27.571Z","","","BLOCKED route geometry/missing evidence","true","true","attributed observation; exact importer link is not independent corroboration","Face, independent corridor evidence and approved overlay pending. Exact match to documented OpenBeta importer uuidv5(MP route numeric ID, NIL namespace). Mountain Project import lineage; corroborating source entry does not independently verify route facts."
"mp-route-105959433","route","Perfect Poser","V1","Mountain Project","mp-route-105959433","Perfect Poser","V1","","5","mp-area-105959355","mp-area-105959355","https://www.mountainproject.com/route/105959433/perfect-poser","2026-10-01T18:48:23.001Z","36.09296","-115.3238","BLOCKED route geometry/missing evidence","true","true","attributed observation; exact importer link is not independent corroboration","Face, independent corridor evidence and approved overlay pending. Current numeric source route ID; not field verification."
"mp-route-105959433","route","Perfect Poser","V1","OpenBeta","ob-route-c3e735cd-55af-5389-a994-05c1a9a1cb91","Perfect Poser","V1","","5","ob-area-a829a425-b593-5a69-b1eb-35656ef30362","mp-area-105959355","https://openbeta.io/climb/c3e735cd-55af-5389-a994-05c1a9a1cb91/perfect-poser","2026-10-01T18:49:27.571Z","","","BLOCKED route geometry/missing evidence","true","true","attributed observation; exact importer link is not independent corroboration","Face, independent corridor evidence and approved overlay pending. Exact match to documented OpenBeta importer uuidv5(MP route numeric ID, NIL namespace). Mountain Project import lineage; corroborating source entry does not independently verify route facts."
"mp-route-111470042","route","Total Devastation","V2","Mountain Project","mp-route-111470042","Total Devastation","V2","","5+","mp-area-105959355","mp-area-105959355","https://www.mountainproject.com/route/111470042/total-devastation","2026-10-01T18:48:23.449Z","36.15974","-115.41913","BLOCKED route geometry/missing evidence","true","true","attributed observation; exact importer link is not independent corroboration","Face, independent corridor evidence and approved overlay pending. Source names differ; exact importer identity links entries, not spelling alone. Current numeric source route ID; not field verification."
"mp-route-111470042","route","Total Devastation","V2","OpenBeta","ob-route-5932ccc0-8eca-51c7-86a0-212a2cbfea32","Total Devistation","V2","","5+","ob-area-a829a425-b593-5a69-b1eb-35656ef30362","mp-area-105959355","https://openbeta.io/climb/5932ccc0-8eca-51c7-86a0-212a2cbfea32/total-devistation","2026-10-01T18:49:27.571Z","","","BLOCKED route geometry/missing evidence","true","true","attributed observation; exact importer link is not independent corroboration","Face, independent corridor evidence and approved overlay pending. Source names differ; exact importer identity links entries, not spelling alone. Exact match to documented OpenBeta importer uuidv5(MP route numeric ID, NIL namespace). Mountain Project import lineage; corroborating source entry does not independently verify route facts."
"mp-route-121616668","route","Total Devastation Direct","V8","Mountain Project","mp-route-121616668","Total Devastation Direct","V8","","7B","mp-area-105959355","mp-area-105959355","https://www.mountainproject.com/route/121616668/total-devastation-direct","2026-10-01T18:48:23.280Z","36.15974","-115.41913","BLOCKED route geometry/missing evidence","true","true","attributed observation; exact importer link is not independent corroboration","Face, independent corridor evidence and approved overlay pending. Source grades differ; inventory label is provisional, not an averaged grade. Source names differ; exact importer identity links entries, not spelling alone. Current numeric source route ID; not field verification."
"mp-route-121616668","route","Total Devastation Direct","V8","OpenBeta","ob-route-f89a922b-d713-540d-a72c-11ffec4694b5","Total Devastation right sit","V8-9","","7B+","ob-area-a829a425-b593-5a69-b1eb-35656ef30362","mp-area-105959355","https://openbeta.io/climb/f89a922b-d713-540d-a72c-11ffec4694b5/total-devastation-right-sit","2026-10-01T18:49:27.571Z","","","BLOCKED route geometry/missing evidence","true","true","attributed observation; exact importer link is not independent corroboration","Face, independent corridor evidence and approved overlay pending. Source grades differ; inventory label is provisional, not an averaged grade. Source names differ; exact importer identity links entries, not spelling alone. Exact match to documented OpenBeta importer uuidv5(MP route numeric ID, NIL namespace). Mountain Project import lineage; corroborating source entry does not independently verify route facts."
"mp-route-124045533","route","Total Devastation Left","V4","Mountain Project","mp-route-124045533","Total Devastation Left","V4","","6B","mp-area-105959355","mp-area-105959355","https://www.mountainproject.com/route/124045533/total-devastation-left","2026-10-01T18:48:23.269Z","36.15974","-115.41913","BLOCKED route geometry/missing evidence","true","true","attributed observation; exact importer link is not independent corroboration","Face, independent corridor evidence and approved overlay pending. Current numeric source route ID; not field verification."
"mp-route-107004813","route","West Face Left","V0","Mountain Project","mp-route-107004813","West Face Left","V0","","4","mp-area-105959355","mp-area-105959355","https://www.mountainproject.com/route/107004813/west-face-left","2026-10-01T18:48:23.269Z","36.15974","-115.41913","BLOCKED route geometry/missing evidence","true","true","attributed observation; exact importer link is not independent corroboration","Face, independent corridor evidence and approved overlay pending. Current numeric source route ID; not field verification."
"mp-route-107004813","route","West Face Left","V0","OpenBeta","ob-route-fd70c4db-307a-53d0-b418-5fba6aa2d646","West Face Left","V0","","4","ob-area-a829a425-b593-5a69-b1eb-35656ef30362","mp-area-105959355","https://openbeta.io/climb/fd70c4db-307a-53d0-b418-5fba6aa2d646/west-face-left","2026-10-01T18:49:27.571Z","","","BLOCKED route geometry/missing evidence","true","true","attributed observation; exact importer link is not independent corroboration","Face, independent corridor evidence and approved overlay pending. Exact match to documented OpenBeta importer uuidv5(MP route numeric ID, NIL namespace). Mountain Project import lineage; corroborating source entry does not independently verify route facts."
"mp-route-110174813","route","Arête Left","V2","Mountain Project","mp-route-110174813","Arête Left","V2","","5+","mp-area-200234406","mp-area-200234406","https://www.mountainproject.com/route/110174813/arete-left","2026-10-01T18:48:23.709Z","36.15991","-115.41909","BLOCKED identity/conflict","true","true","attributed observation; exact importer link is not independent corroboration","Face, independent corridor evidence and approved overlay pending. Current MP and OpenBeta source parents conflict. Source names differ; exact importer identity links entries, not spelling alone. Current numeric source route ID; not field verification."
"mp-route-110174813","route","Arête Left","V2","OpenBeta","ob-route-148e4cd3-d184-5403-b774-626e6020f397","arete left","V2","","5+","ob-area-89c199d1-a015-5314-875d-81c86eeef22f","mp-area-110174546","https://openbeta.io/climb/148e4cd3-d184-5403-b774-626e6020f397/arete-left","2026-10-01T18:49:27.573Z","","","BLOCKED identity/conflict","true","true","attributed observation; exact importer link is not independent corroboration","Face, independent corridor evidence and approved overlay pending. Current MP and OpenBeta source parents conflict. Source names differ; exact importer identity links entries, not spelling alone. Exact match to documented OpenBeta importer uuidv5(MP route numeric ID, NIL namespace). Mountain Project import lineage; corroborating source entry does not independently verify route facts."
"mp-route-110174831","route","Arête Right","V2","Mountain Project","mp-route-110174831","Arête Right","V2","","5+","mp-area-200234406","mp-area-200234406","https://www.mountainproject.com/route/110174831/arete-right","2026-10-01T18:48:23.673Z","36.15991","-115.41909","BLOCKED identity/conflict","true","true","attributed observation; exact importer link is not independent corroboration","Face, independent corridor evidence and approved overlay pending. Current MP and OpenBeta source parents conflict. Source names differ; exact importer identity links entries, not spelling alone. Current numeric source route ID; not field verification."
"mp-route-110174831","route","Arête Right","V2","OpenBeta","ob-route-18e499c0-097b-507e-98ac-21493c7fa8de","arete right","V2","","5+","ob-area-89c199d1-a015-5314-875d-81c86eeef22f","mp-area-110174546","https://openbeta.io/climb/18e499c0-097b-507e-98ac-21493c7fa8de/arete-right","2026-10-01T18:49:27.573Z","","","BLOCKED identity/conflict","true","true","attributed observation; exact importer link is not independent corroboration","Face, independent corridor evidence and approved overlay pending. Current MP and OpenBeta source parents conflict. Source names differ; exact importer identity links entries, not spelling alone. Exact match to documented OpenBeta importer uuidv5(MP route numeric ID, NIL namespace). Mountain Project import lineage; corroborating source entry does not independently verify route facts."
"mp-route-110174796","route","Left","V0","Mountain Project","mp-route-110174796","Left","V0","","4","mp-area-200234406","mp-area-200234406","https://www.mountainproject.com/route/110174796/left","2026-10-01T18:48:23.771Z","36.15991","-115.41909","BLOCKED identity/conflict","true","true","attributed observation; exact importer link is not independent corroboration","Face, independent corridor evidence and approved overlay pending. Current MP and OpenBeta source parents conflict. Source names differ; exact importer identity links entries, not spelling alone. Current numeric source route ID; not field verification."
"mp-route-110174796","route","Left","V0","OpenBeta","ob-route-e2fa52d4-a2b0-520a-a206-3303336ceff7","left","V0","","4","ob-area-89c199d1-a015-5314-875d-81c86eeef22f","mp-area-110174546","https://openbeta.io/climb/e2fa52d4-a2b0-520a-a206-3303336ceff7/left","2026-10-01T18:49:27.573Z","","","BLOCKED identity/conflict","true","true","attributed observation; exact importer link is not independent corroboration","Face, independent corridor evidence and approved overlay pending. Current MP and OpenBeta source parents conflict. Source names differ; exact importer identity links entries, not spelling alone. Exact match to documented OpenBeta importer uuidv5(MP route numeric ID, NIL namespace). Mountain Project import lineage; corroborating source entry does not independently verify route facts."
"mp-route-110174843","route","Right","V0","Mountain Project","mp-route-110174843","Right","V0","","4","mp-area-200234406","mp-area-200234406","https://www.mountainproject.com/route/110174843/right","2026-10-01T18:48:23.950Z","36.15991","-115.41909","BLOCKED identity/conflict","true","true","attributed observation; exact importer link is not independent corroboration","Face, independent corridor evidence and approved overlay pending. Current MP and OpenBeta source parents conflict. Source grades differ; inventory label is provisional, not an averaged grade. Source names differ; exact importer identity links entries, not spelling alone. Current numeric source route ID; not field verification."
"mp-route-110174843","route","Right","V0","OpenBeta","ob-route-730516cf-c114-527e-b050-14c764f37c50","right","V1","","5","ob-area-89c199d1-a015-5314-875d-81c86eeef22f","mp-area-110174546","https://openbeta.io/climb/730516cf-c114-527e-b050-14c764f37c50/right","2026-10-01T18:49:27.573Z","","","BLOCKED identity/conflict","true","true","attributed observation; exact importer link is not independent corroboration","Face, independent corridor evidence and approved overlay pending. Current MP and OpenBeta source parents conflict. Source grades differ; inventory label is provisional, not an averaged grade. Source names differ; exact importer identity links entries, not spelling alone. Exact match to documented OpenBeta importer uuidv5(MP route numeric ID, NIL namespace). Mountain Project import lineage; corroborating source entry does not independently verify route facts."
"mp-route-110174761","route","Groove, The","V1","Mountain Project","mp-route-110174761","Groove, The","V1","","5","mp-area-110174546","mp-area-110174546","https://www.mountainproject.com/route/110174761/the-groove","2026-10-01T18:48:24.354Z","36.15987","-115.41915","BLOCKED route geometry/missing evidence","true","true","attributed observation; exact importer link is not independent corroboration","Face, independent corridor evidence and approved overlay pending. Source names differ; exact importer identity links entries, not spelling alone. Current numeric source route ID; not field verification."
"mp-route-110174761","route","Groove, The","V1","OpenBeta","ob-route-828148c3-7ad6-5a32-a39a-e2b280cc5496","The Groove","V1","","5","ob-area-89c199d1-a015-5314-875d-81c86eeef22f","mp-area-110174546","https://openbeta.io/climb/828148c3-7ad6-5a32-a39a-e2b280cc5496/the-groove","2026-10-01T18:49:27.573Z","","","BLOCKED route geometry/missing evidence","true","true","attributed observation; exact importer link is not independent corroboration","Face, independent corridor evidence and approved overlay pending. Source names differ; exact importer identity links entries, not spelling alone. Exact match to documented OpenBeta importer uuidv5(MP route numeric ID, NIL namespace). Mountain Project import lineage; corroborating source entry does not independently verify route facts."
"mp-route-110174619","route","Left Left","V1","Mountain Project","mp-route-110174619","Left Left","V1","","5","mp-area-110174546","mp-area-110174546","https://www.mountainproject.com/route/110174619/left-left","2026-10-01T18:48:24.220Z","36.15987","-115.41915","BLOCKED route geometry/missing evidence","true","true","attributed observation; exact importer link is not independent corroboration","Face, independent corridor evidence and approved overlay pending. Source grades differ; inventory label is provisional, not an averaged grade. Source names differ; exact importer identity links entries, not spelling alone. Current numeric source route ID; not field verification."
"mp-route-110174619","route","Left Left","V1","OpenBeta","ob-route-b2c871de-7446-5c8b-aef7-f1138f36f9c2","Left left","V2","","5+","ob-area-89c199d1-a015-5314-875d-81c86eeef22f","mp-area-110174546","https://openbeta.io/climb/b2c871de-7446-5c8b-aef7-f1138f36f9c2/left-left","2026-10-01T18:49:27.573Z","","","BLOCKED route geometry/missing evidence","true","true","attributed observation; exact importer link is not independent corroboration","Face, independent corridor evidence and approved overlay pending. Source grades differ; inventory label is provisional, not an averaged grade. Source names differ; exact importer identity links entries, not spelling alone. Exact match to documented OpenBeta importer uuidv5(MP route numeric ID, NIL namespace). Mountain Project import lineage; corroborating source entry does not independently verify route facts."
"mp-route-110174744","route","Red Ball Jets","V2","Mountain Project","mp-route-110174744","Red Ball Jets","V2","","5+","mp-area-110174546","mp-area-110174546","https://www.mountainproject.com/route/110174744/red-ball-jets","2026-10-01T18:48:24.375Z","36.15987","-115.41915","BLOCKED route geometry/missing evidence","true","true","attributed observation; exact importer link is not independent corroboration","Face, independent corridor evidence and approved overlay pending. Current numeric source route ID; not field verification."
"mp-route-110174744","route","Red Ball Jets","V2","OpenBeta","ob-route-75f7933e-17eb-5189-bdd8-5a6d309d3f79","Red Ball Jets","V2","","5+","ob-area-89c199d1-a015-5314-875d-81c86eeef22f","mp-area-110174546","https://openbeta.io/climb/75f7933e-17eb-5189-bdd8-5a6d309d3f79/red-ball-jets","2026-10-01T18:49:27.573Z","","","BLOCKED route geometry/missing evidence","true","true","attributed observation; exact importer link is not independent corroboration","Face, independent corridor evidence and approved overlay pending. Exact match to documented OpenBeta importer uuidv5(MP route numeric ID, NIL namespace). Mountain Project import lineage; corroborating source entry does not independently verify route facts."
"mp-route-110174755","route","Squeeze Job","V2","Mountain Project","mp-route-110174755","Squeeze Job","V2","","5+","mp-area-110174546","mp-area-110174546","https://www.mountainproject.com/route/110174755/squeeze-job","2026-10-01T18:48:24.249Z","36.15987","-115.41915","BLOCKED route geometry/missing evidence","true","true","attributed observation; exact importer link is not independent corroboration","Face, independent corridor evidence and approved overlay pending. Source grades differ; inventory label is provisional, not an averaged grade. Current numeric source route ID; not field verification."
"mp-route-110174755","route","Squeeze Job","V2","OpenBeta","ob-route-8f5fe52a-c523-5add-9d86-422a195058a8","Squeeze Job","V1","","5","ob-area-89c199d1-a015-5314-875d-81c86eeef22f","mp-area-110174546","https://openbeta.io/climb/8f5fe52a-c523-5add-9d86-422a195058a8/squeeze-job","2026-10-01T18:49:27.573Z","","","BLOCKED route geometry/missing evidence","true","true","attributed observation; exact importer link is not independent corroboration","Face, independent corridor evidence and approved overlay pending. Source grades differ; inventory label is provisional, not an averaged grade. Exact match to documented OpenBeta importer uuidv5(MP route numeric ID, NIL namespace). Mountain Project import lineage; corroborating source entry does not independently verify route facts."
"mp-route-110174781","route","Thumbs Up","V1","Mountain Project","mp-route-110174781","Thumbs Up","V1","","5","mp-area-110174546","mp-area-110174546","https://www.mountainproject.com/route/110174781/thumbs-up","2026-10-01T18:48:24.663Z","36.15987","-115.41915","BLOCKED route geometry/missing evidence","true","true","attributed observation; exact importer link is not independent corroboration","Face, independent corridor evidence and approved overlay pending. Current numeric source route ID; not field verification."
"mp-route-110174781","route","Thumbs Up","V1","OpenBeta","ob-route-46a3a5a7-4afe-5d5e-9502-f6d65964c4a2","Thumbs Up","V1","","5","ob-area-89c199d1-a015-5314-875d-81c86eeef22f","mp-area-110174546","https://openbeta.io/climb/46a3a5a7-4afe-5d5e-9502-f6d65964c4a2/thumbs-up","2026-10-01T18:49:27.573Z","","","BLOCKED route geometry/missing evidence","true","true","attributed observation; exact importer link is not independent corroboration","Face, independent corridor evidence and approved overlay pending. Exact match to documented OpenBeta importer uuidv5(MP route numeric ID, NIL namespace). Mountain Project import lineage; corroborating source entry does not independently verify route facts."
"mp-route-200284515","route","Thumbs Up Face","V3-4","Mountain Project","mp-route-200284515","Thumbs Up Face","V3-4","","6A+","mp-area-110174546","mp-area-110174546","https://www.mountainproject.com/route/200284515/thumbs-up-face","2026-10-01T18:48:24.677Z","36.15987","-115.41915","BLOCKED route geometry/missing evidence","true","true","attributed observation; exact importer link is not independent corroboration","Face, independent corridor evidence and approved overlay pending. Current numeric source route ID; not field verification."
"mp-route-200443162","route","Front","V3","Mountain Project","mp-route-200443162","Front","V3","","6A","mp-area-200443140","mp-area-200443140","https://www.mountainproject.com/route/200443162/front","2026-10-01T18:48:24.626Z","36.16013","-115.41853","BLOCKED route geometry/missing evidence","true","true","attributed observation; exact importer link is not independent corroboration","Face, independent corridor evidence and approved overlay pending. Current numeric source route ID; not field verification."
"mp-route-200443155","route","Left Arete","V1","Mountain Project","mp-route-200443155","Left Arete","V1","","5","mp-area-200443140","mp-area-200443140","https://www.mountainproject.com/route/200443155/left-arete","2026-10-01T18:48:24.721Z","36.16013","-115.41853","BLOCKED route geometry/missing evidence","true","true","attributed observation; exact importer link is not independent corroboration","Face, independent corridor evidence and approved overlay pending. Current numeric source route ID; not field verification."
"mp-route-200443160","route","Slopey Traverse","V3-4","Mountain Project","mp-route-200443160","Slopey Traverse","V3-4","","6A+","mp-area-200443140","mp-area-200443140","https://www.mountainproject.com/route/200443160/slopey-traverse","2026-10-01T18:48:25.010Z","36.16013","-115.41853","BLOCKED route geometry/missing evidence","true","true","attributed observation; exact importer link is not independent corroboration","Face, independent corridor evidence and approved overlay pending. Current numeric source route ID; not field verification."
"mp-route-200443145","route","Tomahawk","V8","Mountain Project","mp-route-200443145","Tomahawk","V8","","7B","mp-area-200443140","mp-area-200443140","https://www.mountainproject.com/route/200443145/tomahawk","2026-10-01T18:48:25.034Z","36.16013","-115.41853","BLOCKED route geometry/missing evidence","true","true","attributed observation; exact importer link is not independent corroboration","Face, independent corridor evidence and approved overlay pending. Current numeric source route ID; not field verification."
"mp-route-114239666","route","Van Betten Arête","V3+","Mountain Project","mp-route-114239666","Van Betten Arête","V3+","","6A+","mp-area-114239653","mp-area-114239653","https://www.mountainproject.com/route/114239666/van-betten-arete","2026-10-01T18:48:24.971Z","36.16001","-115.41946","BLOCKED route geometry/missing evidence","true","true","attributed observation; exact importer link is not independent corroboration","Face, independent corridor evidence and approved overlay pending. Source grades differ; inventory label is provisional, not an averaged grade. Current numeric source route ID; not field verification."
"mp-route-114239666","route","Van Betten Arête","V3+","OpenBeta","ob-route-256ba050-6258-5ad7-aeeb-2e93c712c19f","Van Betten Arête","V3","","6A","ob-area-a4600446-7b09-5353-a809-98a4ea696b02","mp-area-114239653","https://openbeta.io/climb/256ba050-6258-5ad7-aeeb-2e93c712c19f/van-betten-arete","2026-10-01T18:49:26.713Z","","","BLOCKED route geometry/missing evidence","true","true","attributed observation; exact importer link is not independent corroboration","Face, independent corridor evidence and approved overlay pending. Source grades differ; inventory label is provisional, not an averaged grade. Exact match to documented OpenBeta importer uuidv5(MP route numeric ID, NIL namespace). Mountain Project import lineage; corroborating source entry does not independently verify route facts."
"mp-route-200443099","route","Wagyu","V4","Mountain Project","mp-route-200443099","Wagyu","V4","","6B","mp-area-200443089","mp-area-200443089","https://www.mountainproject.com/route/200443099/wagyu","2026-10-01T18:48:24.996Z","36.16051","-115.41834","BLOCKED route geometry/missing evidence","true","true","attributed observation; exact importer link is not independent corroboration","Face, independent corridor evidence and approved overlay pending. Current numeric source route ID; not field verification."
"mp-route-126091643","route","Andy's Right","V7-8","Mountain Project","mp-route-126091643","Andy's Right","V7-8","","7B","mp-area-125155528","mp-area-125155528","https://www.mountainproject.com/route/126091643/andys-right","2026-10-01T18:48:25.898Z","36.15985","-115.41897","BLOCKED route geometry/missing evidence","true","true","attributed observation; exact importer link is not independent corroboration","Face, independent corridor evidence and approved overlay pending. Current numeric source route ID; not field verification."
"mp-route-125155543","route","Wrong","V5","Mountain Project","mp-route-125155543","Wrong","V5","","6C","mp-area-125155528","mp-area-125155528","https://www.mountainproject.com/route/125155543/wrong","2026-10-01T18:48:25.313Z","36.15985","-115.41897","BLOCKED route geometry/missing evidence","true","true","attributed observation; exact importer link is not independent corroboration","Face, independent corridor evidence and approved overlay pending. Current numeric source route ID; not field verification."
"mp-route-116113116","route","$500","V8","Mountain Project","mp-route-116113116","$500","V8","","7B","mp-area-111106611","mp-area-111106611","https://www.mountainproject.com/route/116113116/500","2026-10-01T18:48:25.307Z","36.16003","-115.41704","BLOCKED route geometry/missing evidence","true","true","attributed observation; exact importer link is not independent corroboration","Face, independent corridor evidence and approved overlay pending. Current numeric source route ID; not field verification."
"mp-route-116113116","route","$500","V8","OpenBeta","ob-route-5792daa7-86a6-53f0-9ed1-ce2f2b1325a4","$500","V8","","7B","ob-area-036d9846-ae48-5dca-af18-4cf111a1ffab","mp-area-111106611","https://openbeta.io/climb/5792daa7-86a6-53f0-9ed1-ce2f2b1325a4/dollar500","2026-10-01T18:50:24.542Z","","","BLOCKED route geometry/missing evidence","true","true","attributed observation; exact importer link is not independent corroboration","Face, independent corridor evidence and approved overlay pending. Exact match to documented OpenBeta importer uuidv5(MP route numeric ID, NIL namespace). Mountain Project import lineage; corroborating source entry does not independently verify route facts."
"mp-route-111106615","route","$600","V9","Mountain Project","mp-route-111106615","$600","V9","","7C","mp-area-111106611","mp-area-111106611","https://www.mountainproject.com/route/111106615/600","2026-10-01T18:48:25.279Z","36.16003","-115.41704","BLOCKED route geometry/missing evidence","true","true","attributed observation; exact importer link is not independent corroboration","Face, independent corridor evidence and approved overlay pending. Current numeric source route ID; not field verification."
"mp-route-111106615","route","$600","V9","OpenBeta","ob-route-3dd6d265-0f9f-5025-95e6-e9fd3c2c25a1","$600","V9","","7C","ob-area-036d9846-ae48-5dca-af18-4cf111a1ffab","mp-area-111106611","https://openbeta.io/climb/3dd6d265-0f9f-5025-95e6-e9fd3c2c25a1/dollar600","2026-10-01T18:50:24.542Z","","","BLOCKED route geometry/missing evidence","true","true","attributed observation; exact importer link is not independent corroboration","Face, independent corridor evidence and approved overlay pending. Exact match to documented OpenBeta importer uuidv5(MP route numeric ID, NIL namespace). Mountain Project import lineage; corroborating source entry does not independently verify route facts."
"mp-route-123850394","route","$600 Boulder | 0394","V1","Mountain Project","mp-route-123850394","$600 Boulder | 0394","V1","","5","mp-area-111106611","mp-area-111106611","https://www.mountainproject.com/route/123850394/600-boulder-0394","2026-10-01T18:48:26.205Z","36.16003","-115.41704","BLOCKED route geometry/missing evidence","true","true","attributed observation; exact importer link is not independent corroboration","Face, independent corridor evidence and approved overlay pending. Current numeric source route ID; not field verification."
"mp-route-112473640","route","Kraft Dinner Right","V7","Mountain Project","mp-route-112473640","Kraft Dinner Right","V7","","7A+","mp-area-111106611","mp-area-111106611","https://www.mountainproject.com/route/112473640/kraft-dinner-right","2026-10-01T18:48:26.136Z","36.16003","-115.41704","BLOCKED route geometry/missing evidence","true","true","attributed observation; exact importer link is not independent corroboration","Face, independent corridor evidence and approved overlay pending. Current numeric source route ID; not field verification."
"mp-route-112473640","route","Kraft Dinner Right","V7","OpenBeta","ob-route-080d0841-e253-52da-b868-eec6b7e5b7b3","Kraft Dinner Right","V7","","7A+","ob-area-036d9846-ae48-5dca-af18-4cf111a1ffab","mp-area-111106611","https://openbeta.io/climb/080d0841-e253-52da-b868-eec6b7e5b7b3/kraft-dinner-right","2026-10-01T18:50:24.542Z","","","BLOCKED route geometry/missing evidence","true","true","attributed observation; exact importer link is not independent corroboration","Face, independent corridor evidence and approved overlay pending. Exact match to documented OpenBeta importer uuidv5(MP route numeric ID, NIL namespace). Mountain Project import lineage; corroborating source entry does not independently verify route facts."
"mp-route-121476571","route","Left Side Dihedral","V0","Mountain Project","mp-route-121476571","Left Side Dihedral","V0","","4","mp-area-111106611","mp-area-111106611","https://www.mountainproject.com/route/121476571/left-side-dihedral","2026-10-01T18:48:26.131Z","36.16003","-115.41704","BLOCKED route geometry/missing evidence","true","true","attributed observation; exact importer link is not independent corroboration","Face, independent corridor evidence and approved overlay pending. Current numeric source route ID; not field verification."
"mp-route-121476571","route","Left Side Dihedral","V0","OpenBeta","ob-route-ce0cf9fd-9c54-5136-a872-fea8c3aaa15f","Left Side Dihedral","V0","","4","ob-area-036d9846-ae48-5dca-af18-4cf111a1ffab","mp-area-111106611","https://openbeta.io/climb/ce0cf9fd-9c54-5136-a872-fea8c3aaa15f/left-side-dihedral","2026-10-01T18:50:24.542Z","","","BLOCKED route geometry/missing evidence","true","true","attributed observation; exact importer link is not independent corroboration","Face, independent corridor evidence and approved overlay pending. Exact match to documented OpenBeta importer uuidv5(MP route numeric ID, NIL namespace). Mountain Project import lineage; corroborating source entry does not independently verify route facts."
"mp-route-122238495","route","Left Side Left (Sit Start)","V2-3","Mountain Project","mp-route-122238495","Left Side Left (Sit Start)","V2-3","","5+","mp-area-111106611","mp-area-111106611","https://www.mountainproject.com/route/122238495/left-side-left-sit-start","2026-10-01T18:48:26.169Z","36.16003","-115.41704","BLOCKED route geometry/missing evidence","true","true","attributed observation; exact importer link is not independent corroboration","Face, independent corridor evidence and approved overlay pending. Current numeric source route ID; not field verification."
"mp-route-122238448","route","Left Side Left V1","V1","Mountain Project","mp-route-122238448","Left Side Left V1","V1","","5","mp-area-111106611","mp-area-111106611","https://www.mountainproject.com/route/122238448/left-side-left-v1","2026-10-01T18:48:26.451Z","36.16003","-115.41704","BLOCKED route geometry/missing evidence","true","true","attributed observation; exact importer link is not independent corroboration","Face, independent corridor evidence and approved overlay pending. Current numeric source route ID; not field verification."
"mp-route-121963723","route","Right Side Crack","V0","Mountain Project","mp-route-121963723","Right Side Crack","V0","","4","mp-area-111106611","mp-area-111106611","https://www.mountainproject.com/route/121963723/right-side-crack","2026-10-01T18:48:26.460Z","36.16003","-115.41704","BLOCKED route geometry/missing evidence","true","true","attributed observation; exact importer link is not independent corroboration","Face, independent corridor evidence and approved overlay pending. Source grades differ; inventory label is provisional, not an averaged grade. Current numeric source route ID; not field verification."
"mp-route-121963723","route","Right Side Crack","V0","OpenBeta","ob-route-a56b90b4-ae12-591a-aa5b-c69354ee85a2","Right Side Crack","V-easy","","3","ob-area-036d9846-ae48-5dca-af18-4cf111a1ffab","mp-area-111106611","https://openbeta.io/climb/a56b90b4-ae12-591a-aa5b-c69354ee85a2/right-side-crack","2026-10-01T18:50:24.542Z","","","BLOCKED route geometry/missing evidence","true","true","attributed observation; exact importer link is not independent corroboration","Face, independent corridor evidence and approved overlay pending. Source grades differ; inventory label is provisional, not an averaged grade. Exact match to documented OpenBeta importer uuidv5(MP route numeric ID, NIL namespace). Mountain Project import lineage; corroborating source entry does not independently verify route facts."
"mp-route-106378785","route","Angel Dyno","V7","Mountain Project","mp-route-106378785","Angel Dyno","V7","","7A+","mp-area-106378780","mp-area-106378780","https://www.mountainproject.com/route/106378785/angel-dyno","2026-10-01T18:48:26.517Z","36.15968","-115.4161","BLOCKED route geometry/missing evidence","true","true","attributed observation; exact importer link is not independent corroboration","Face, independent corridor evidence and approved overlay pending. Current numeric source route ID; not field verification."
"mp-route-106378785","route","Angel Dyno","V7","OpenBeta","ob-route-af0aafd2-cf21-5466-9e99-c99ba5c2e0f3","Angel Dyno","V7","","7A+","ob-area-31e106f6-2667-5ded-94a6-4a0767efd9a6","mp-area-106378780","https://openbeta.io/climb/af0aafd2-cf21-5466-9e99-c99ba5c2e0f3/angel-dyno","2026-10-01T18:49:25.420Z","","","BLOCKED route geometry/missing evidence","true","true","attributed observation; exact importer link is not independent corroboration","Face, independent corridor evidence and approved overlay pending. Exact match to documented OpenBeta importer uuidv5(MP route numeric ID, NIL namespace). Mountain Project import lineage; corroborating source entry does not independently verify route facts."
"mp-route-120554237","route","Angel Dyno Sit","V8","Mountain Project","mp-route-120554237","Angel Dyno Sit","V8","","7B","mp-area-106378780","mp-area-106378780","https://www.mountainproject.com/route/120554237/angel-dyno-sit","2026-10-01T18:48:26.482Z","36.15968","-115.4161","BLOCKED route geometry/missing evidence","true","true","attributed observation; exact importer link is not independent corroboration","Face, independent corridor evidence and approved overlay pending. Source names differ; exact importer identity links entries, not spelling alone. Current numeric source route ID; not field verification."
"mp-route-120554237","route","Angel Dyno Sit","V8","OpenBeta","ob-route-cd9908a8-3f68-5cfd-b8c5-58737aae1480","Angel Dynamo","V8","","7B","ob-area-31e106f6-2667-5ded-94a6-4a0767efd9a6","mp-area-106378780","https://openbeta.io/climb/cd9908a8-3f68-5cfd-b8c5-58737aae1480/angel-dynamo","2026-10-01T18:49:25.420Z","","","BLOCKED route geometry/missing evidence","true","true","attributed observation; exact importer link is not independent corroboration","Face, independent corridor evidence and approved overlay pending. Source names differ; exact importer identity links entries, not spelling alone. Exact match to documented OpenBeta importer uuidv5(MP route numeric ID, NIL namespace). Mountain Project import lineage; corroborating source entry does not independently verify route facts."
"mp-route-106705820","route","Earth Angel","V2","Mountain Project","mp-route-106705820","Earth Angel","V2","","5+","mp-area-106378780","mp-area-106378780","https://www.mountainproject.com/route/106705820/earth-angel","2026-10-01T18:48:26.840Z","36.15968","-115.4161","BLOCKED route geometry/missing evidence","true","true","attributed observation; exact importer link is not independent corroboration","Face, independent corridor evidence and approved overlay pending. Current numeric source route ID; not field verification."
"mp-route-106705820","route","Earth Angel","V2","OpenBeta","ob-route-495efdaa-10f9-53f2-a8aa-d83f799ca507","Earth Angel","V2","","5+","ob-area-31e106f6-2667-5ded-94a6-4a0767efd9a6","mp-area-106378780","https://openbeta.io/climb/495efdaa-10f9-53f2-a8aa-d83f799ca507/earth-angel","2026-10-01T18:49:25.420Z","","","BLOCKED route geometry/missing evidence","true","true","attributed observation; exact importer link is not independent corroboration","Face, independent corridor evidence and approved overlay pending. Exact match to documented OpenBeta importer uuidv5(MP route numeric ID, NIL namespace). Mountain Project import lineage; corroborating source entry does not independently verify route facts."
"mp-route-106705830","route","Huck, The","V5-","Mountain Project","mp-route-106705830","Huck, The","V5-","","6C","mp-area-106378780","mp-area-106378780","https://www.mountainproject.com/route/106705830/the-huck","2026-10-01T18:48:26.842Z","36.15968","-115.4161","BLOCKED route geometry/missing evidence","true","true","attributed observation; exact importer link is not independent corroboration","Face, independent corridor evidence and approved overlay pending. Source names differ; exact importer identity links entries, not spelling alone. Current numeric source route ID; not field verification."
"mp-route-106705830","route","Huck, The","V5-","OpenBeta","ob-route-8c91e528-2d99-5f5d-932c-ca8edb6acc1b","The Huck","V5-","","6C","ob-area-31e106f6-2667-5ded-94a6-4a0767efd9a6","mp-area-106378780","https://openbeta.io/climb/8c91e528-2d99-5f5d-932c-ca8edb6acc1b/the-huck","2026-10-01T18:49:25.420Z","","","BLOCKED route geometry/missing evidence","true","true","attributed observation; exact importer link is not independent corroboration","Face, independent corridor evidence and approved overlay pending. Source names differ; exact importer identity links entries, not spelling alone. Exact match to documented OpenBeta importer uuidv5(MP route numeric ID, NIL namespace). Mountain Project import lineage; corroborating source entry does not independently verify route facts."
"mp-route-113907839","route","Progressive Guy","V10","Mountain Project","mp-route-113907839","Progressive Guy","V10","","7C+","mp-area-106378780","mp-area-106378780","https://www.mountainproject.com/route/113907839/progressive-guy","2026-10-01T18:48:26.886Z","36.15968","-115.4161","BLOCKED route geometry/missing evidence","true","true","attributed observation; exact importer link is not independent corroboration","Face, independent corridor evidence and approved overlay pending. Current numeric source route ID; not field verification."
"mp-route-113907839","route","Progressive Guy","V10","OpenBeta","ob-route-848a26db-890c-5973-886c-390f6039d8c9","Progressive Guy","V10","","7C+","ob-area-31e106f6-2667-5ded-94a6-4a0767efd9a6","mp-area-106378780","https://openbeta.io/climb/848a26db-890c-5973-886c-390f6039d8c9/progressive-guy","2026-10-01T18:49:25.420Z","","","BLOCKED route geometry/missing evidence","true","true","attributed observation; exact importer link is not independent corroboration","Face, independent corridor evidence and approved overlay pending. Exact match to documented OpenBeta importer uuidv5(MP route numeric ID, NIL namespace). Mountain Project import lineage; corroborating source entry does not independently verify route facts."
"mp-route-124080785","route","Stoney Point Traverse","V3-4","Mountain Project","mp-route-124080785","Stoney Point Traverse","V3-4","","6A+","mp-area-106378780","mp-area-106378780","https://www.mountainproject.com/route/124080785/stoney-point-traverse","2026-10-01T18:48:26.880Z","36.15968","-115.4161","BLOCKED route geometry/missing evidence","true","true","attributed observation; exact importer link is not independent corroboration","Face, independent corridor evidence and approved overlay pending. Current numeric source route ID; not field verification."
"mp-route-123953521","route","Twinkle Toes","V-easy","Mountain Project","mp-route-123953521","Twinkle Toes","V-easy","","3","mp-area-106378780","mp-area-106378780","https://www.mountainproject.com/route/123953521/twinkle-toes","2026-10-01T18:48:27.175Z","36.15968","-115.4161","BLOCKED route geometry/missing evidence","true","true","attributed observation; exact importer link is not independent corroboration","Face, independent corridor evidence and approved overlay pending. Current numeric source route ID; not field verification."
"mp-route-122646008","route","Batmo-mantle","V2","Mountain Project","mp-route-122646008","Batmo-mantle","V2","","5+","mp-area-200619407","mp-area-200619407","https://www.mountainproject.com/route/122646008/batmo-mantle","2026-10-01T18:48:27.145Z","36.15991","-115.4171","BLOCKED route geometry/missing evidence","true","true","attributed observation; exact importer link is not independent corroboration","Face, independent corridor evidence and approved overlay pending. Current numeric source route ID; not field verification."
"mp-route-200619597","route","Low Rider Traverse","V1","Mountain Project","mp-route-200619597","Low Rider Traverse","V1","","5","mp-area-200619407","mp-area-200619407","https://www.mountainproject.com/route/200619597/low-rider-traverse","2026-10-01T18:48:27.142Z","36.15991","-115.4171","BLOCKED route geometry/missing evidence","true","true","attributed observation; exact importer link is not independent corroboration","Face, independent corridor evidence and approved overlay pending. Current numeric source route ID; not field verification."
"mp-route-200620008","route","Ring of Fire","V6-","Mountain Project","mp-route-200620008","Ring of Fire","V6-","","7A","mp-area-200619407","mp-area-200619407","https://www.mountainproject.com/route/200620008/ring-of-fire","2026-10-01T18:48:27.259Z","36.15991","-115.4171","BLOCKED route geometry/missing evidence","true","true","attributed observation; exact importer link is not independent corroboration","Face, independent corridor evidence and approved overlay pending. Current numeric source route ID; not field verification."
"mp-route-200619867","route","Shart and Sweet","V0+","Mountain Project","mp-route-200619867","Shart and Sweet","V0+","","4+","mp-area-200619407","mp-area-200619407","https://www.mountainproject.com/route/200619867/shart-and-sweet","2026-10-01T18:48:27.559Z","36.15991","-115.4171","BLOCKED route geometry/missing evidence","true","true","attributed observation; exact importer link is not independent corroboration","Face, independent corridor evidence and approved overlay pending. Current numeric source route ID; not field verification."
"mp-route-106964272","route","Best V3 at Kraft","V3","Mountain Project","mp-route-106964272","Best V3 at Kraft","V3","","6A","mp-area-106964269","mp-area-106964269","https://www.mountainproject.com/route/106964272/best-v3-at-kraft","2026-10-01T18:48:27.550Z","36.16033","-115.41682","BLOCKED route geometry/missing evidence","true","true","attributed observation; exact importer link is not independent corroboration","Face, independent corridor evidence and approved overlay pending. Current numeric source route ID; not field verification."
"mp-route-106964272","route","Best V3 at Kraft","V3","OpenBeta","ob-route-e3428111-d6c3-5268-bb8d-079e6d008a3b","Best V3 at Kraft","V3","","6A","ob-area-eff70c05-dbcd-5c54-87f4-cb5b8c4a8a66","mp-area-106964269","https://openbeta.io/climb/e3428111-d6c3-5268-bb8d-079e6d008a3b/best-v3-at-kraft","2026-10-01T18:49:25.081Z","","","BLOCKED route geometry/missing evidence","true","true","attributed observation; exact importer link is not independent corroboration","Face, independent corridor evidence and approved overlay pending. Exact match to documented OpenBeta importer uuidv5(MP route numeric ID, NIL namespace). Mountain Project import lineage; corroborating source entry does not independently verify route facts."
"mp-route-200415827","route","BV3 Left","V3-4","Mountain Project","mp-route-200415827","BV3 Left","V3-4","","6A+","mp-area-106964269","mp-area-106964269","https://www.mountainproject.com/route/200415827/bv3-left","2026-10-01T18:48:27.804Z","36.16033","-115.41682","BLOCKED route geometry/missing evidence","true","true","attributed observation; exact importer link is not independent corroboration","Face, independent corridor evidence and approved overlay pending. Current numeric source route ID; not field verification."
"mp-route-123647631","route","Secrets of the Barndoor","V9","Mountain Project","mp-route-123647631","Secrets of the Barndoor","V9","","7C","mp-area-106964269","mp-area-106964269","https://www.mountainproject.com/route/123647631/secrets-of-the-barndoor","2026-10-01T18:48:27.503Z","36.16033","-115.41682","BLOCKED route geometry/missing evidence","true","true","attributed observation; exact importer link is not independent corroboration","Face, independent corridor evidence and approved overlay pending. Current numeric source route ID; not field verification."
"mp-route-118153704","route","Sergeant Hightower","V9","Mountain Project","mp-route-118153704","Sergeant Hightower","V9","","7C","mp-area-106964269","mp-area-106964269","https://www.mountainproject.com/route/118153704/sergeant-hightower","2026-10-01T18:48:28.337Z","36.16033","-115.41682","BLOCKED route geometry/missing evidence","true","true","attributed observation; exact importer link is not independent corroboration","Face, independent corridor evidence and approved overlay pending. Source grades differ; inventory label is provisional, not an averaged grade. Source names differ; exact importer identity links entries, not spelling alone. Current numeric source route ID; not field verification."
"mp-route-118153704","route","Sergeant Hightower","V9","OpenBeta","ob-route-ab91704f-ee7c-5217-8a40-ef1af5f00276","Sargent Hightower","V9-","","7C","ob-area-eff70c05-dbcd-5c54-87f4-cb5b8c4a8a66","mp-area-106964269","https://openbeta.io/climb/ab91704f-ee7c-5217-8a40-ef1af5f00276/sargent-hightower","2026-10-01T18:49:25.081Z","","","BLOCKED route geometry/missing evidence","true","true","attributed observation; exact importer link is not independent corroboration","Face, independent corridor evidence and approved overlay pending. Source grades differ; inventory label is provisional, not an averaged grade. Source names differ; exact importer identity links entries, not spelling alone. Exact match to documented OpenBeta importer uuidv5(MP route numeric ID, NIL namespace). Mountain Project import lineage; corroborating source entry does not independently verify route facts."
"mp-route-106732680","route","Big Jugs","V0","Mountain Project","mp-route-106732680","Big Jugs","V0","","4","mp-area-106732667","mp-area-106732667","https://www.mountainproject.com/route/106732680/big-jugs","2026-10-01T18:48:28.056Z","36.15959","-115.41669","BLOCKED route geometry/missing evidence","true","true","attributed observation; exact importer link is not independent corroboration","Face, independent corridor evidence and approved overlay pending. Current numeric source route ID; not field verification."
"mp-route-106732680","route","Big Jugs","V0","OpenBeta","ob-route-cb83d4a4-a846-5e74-b04f-07df8369c036","Big Jugs","V0","","4","ob-area-a349cc05-b5b4-538a-81f2-060a0504a5b5","mp-area-106732667","https://openbeta.io/climb/cb83d4a4-a846-5e74-b04f-07df8369c036/big-jugs","2026-10-01T18:49:11.231Z","","","BLOCKED route geometry/missing evidence","true","true","attributed observation; exact importer link is not independent corroboration","Face, independent corridor evidence and approved overlay pending. Exact match to documented OpenBeta importer uuidv5(MP route numeric ID, NIL namespace). Mountain Project import lineage; corroborating source entry does not independently verify route facts."
"mp-route-111720059","route","Lowball","V3","Mountain Project","mp-route-111720059","Lowball","V3","","6A","mp-area-106732667","mp-area-106732667","https://www.mountainproject.com/route/111720059/lowball","2026-10-01T18:48:28.051Z","36.15959","-115.41669","BLOCKED identity/conflict","true","true","attributed observation; exact importer link is not independent corroboration","Face, independent corridor evidence and approved overlay pending. Exact route ID is linked, but OpenBeta physical parent identity is unresolved. Current numeric source route ID; not field verification."
"mp-route-111720059","route","Lowball","V3","OpenBeta","ob-route-b2a3e186-99a9-5d36-86ea-1a0ef6a6088e","Lowball","V3","","6A","ob-area-d315da8b-b355-5e19-8112-0e6d073180d7","ob-area-d315da8b-b355-5e19-8112-0e6d073180d7","https://openbeta.io/climb/b2a3e186-99a9-5d36-86ea-1a0ef6a6088e/lowball","2026-10-01T18:49:25.427Z","","","BLOCKED identity/conflict","true","true","attributed observation; exact importer link is not independent corroboration","Face, independent corridor evidence and approved overlay pending. Exact route ID is linked, but OpenBeta physical parent identity is unresolved. Exact match to documented OpenBeta importer uuidv5(MP route numeric ID, NIL namespace). Mountain Project import lineage; corroborating source entry does not independently verify route facts."
"mp-route-106732670","route","Perked Up","V2+","Mountain Project","mp-route-106732670","Perked Up","V2+","","5+","mp-area-106732667","mp-area-106732667","https://www.mountainproject.com/route/106732670/perked-up","2026-10-01T18:48:28.097Z","36.15959","-115.41669","BLOCKED route geometry/missing evidence","true","true","attributed observation; exact importer link is not independent corroboration","Face, independent corridor evidence and approved overlay pending. Current numeric source route ID; not field verification."
"mp-route-106732670","route","Perked Up","V2+","OpenBeta","ob-route-b36f6edf-1d43-5aea-93e0-34b9d300922e","Perked Up","V2+","","5+","ob-area-a349cc05-b5b4-538a-81f2-060a0504a5b5","mp-area-106732667","https://openbeta.io/climb/b36f6edf-1d43-5aea-93e0-34b9d300922e/perked-up","2026-10-01T18:49:11.231Z","","","BLOCKED route geometry/missing evidence","true","true","attributed observation; exact importer link is not independent corroboration","Face, independent corridor evidence and approved overlay pending. Exact match to documented OpenBeta importer uuidv5(MP route numeric ID, NIL namespace). Mountain Project import lineage; corroborating source entry does not independently verify route facts."
"mp-route-125484963","route","Perky Jugs","V3-4","Mountain Project","mp-route-125484963","Perky Jugs","V3-4","","6A+","mp-area-106732667","mp-area-106732667","https://www.mountainproject.com/route/125484963/perky-jugs","2026-10-01T18:48:28.581Z","36.15959","-115.41669","BLOCKED route geometry/missing evidence","true","true","attributed observation; exact importer link is not independent corroboration","Face, independent corridor evidence and approved overlay pending. Current numeric source route ID; not field verification."
"mp-route-113801751","route","Addiction","V0","Mountain Project","mp-route-113801751","Addiction","V0","","4","mp-area-123856651","mp-area-123856651","https://www.mountainproject.com/route/113801751/addiction","2026-10-01T18:48:28.563Z","36.15945","-115.41749","BLOCKED identity/conflict","true","true","attributed observation; exact importer link is not independent corroboration","Face, independent corridor evidence and approved overlay pending. Exact route ID is linked, but OpenBeta physical parent identity is unresolved. Current numeric source route ID; not field verification."
"mp-route-113801751","route","Addiction","V0","OpenBeta","ob-route-7abd96fc-6ca3-5787-b457-af82d8a83051","Addiction","V0","","4","ob-area-8cf3b9ff-49bd-5f3c-9f21-d6dfe564b9f0","ob-area-8cf3b9ff-49bd-5f3c-9f21-d6dfe564b9f0","https://openbeta.io/climb/7abd96fc-6ca3-5787-b457-af82d8a83051/addiction","2026-10-01T18:49:22.282Z","","","BLOCKED identity/conflict","true","true","attributed observation; exact importer link is not independent corroboration","Face, independent corridor evidence and approved overlay pending. Exact route ID is linked, but OpenBeta physical parent identity is unresolved. Exact match to documented OpenBeta importer uuidv5(MP route numeric ID, NIL namespace). Mountain Project import lineage; corroborating source entry does not independently verify route facts."
"mp-route-125073927","route","Baby's First Run N Jump","V1","Mountain Project","mp-route-125073927","Baby's First Run N Jump","V1","","5","mp-area-123856651","mp-area-123856651","https://www.mountainproject.com/route/125073927/babys-first-run-n-jump","2026-10-01T18:48:29.219Z","36.15945","-115.41749","BLOCKED route geometry/missing evidence","true","true","attributed observation; exact importer link is not independent corroboration","Face, independent corridor evidence and approved overlay pending. Current numeric source route ID; not field verification."
"mp-route-107430220","route","Backside Left","V0","Mountain Project","mp-route-107430220","Backside Left","V0","","4","mp-area-123856651","mp-area-123856651","https://www.mountainproject.com/route/107430220/backside-left","2026-10-01T18:48:28.593Z","36.15945","-115.41749","BLOCKED identity/conflict","true","true","attributed observation; exact importer link is not independent corroboration","Face, independent corridor evidence and approved overlay pending. Exact route ID is linked, but OpenBeta physical parent identity is unresolved. Current numeric source route ID; not field verification."
"mp-route-107430220","route","Backside Left","V0","OpenBeta","ob-route-50bcb06a-58bd-568a-a75c-15e595d36c53","Backside Left","V0","","4","ob-area-8cf3b9ff-49bd-5f3c-9f21-d6dfe564b9f0","ob-area-8cf3b9ff-49bd-5f3c-9f21-d6dfe564b9f0","https://openbeta.io/climb/50bcb06a-58bd-568a-a75c-15e595d36c53/backside-left","2026-10-01T18:49:22.282Z","","","BLOCKED identity/conflict","true","true","attributed observation; exact importer link is not independent corroboration","Face, independent corridor evidence and approved overlay pending. Exact route ID is linked, but OpenBeta physical parent identity is unresolved. Exact match to documented OpenBeta importer uuidv5(MP route numeric ID, NIL namespace). Mountain Project import lineage; corroborating source entry does not independently verify route facts."
"mp-route-107430226","route","Backside Left - SDS","V1","Mountain Project","mp-route-107430226","Backside Left - SDS","V1","","5","mp-area-123856651","mp-area-123856651","https://www.mountainproject.com/route/107430226/backside-left-sds","2026-10-01T18:48:29.945Z","36.15945","-115.41749","BLOCKED identity/conflict","true","true","attributed observation; exact importer link is not independent corroboration","Face, independent corridor evidence and approved overlay pending. Exact route ID is linked, but OpenBeta physical parent identity is unresolved. Current numeric source route ID; not field verification."
"mp-route-107430226","route","Backside Left - SDS","V1","OpenBeta","ob-route-9cf3efa3-2e98-5b32-bb35-1680ba0a1a30","Backside Left - SDS","V1","","5","ob-area-8cf3b9ff-49bd-5f3c-9f21-d6dfe564b9f0","ob-area-8cf3b9ff-49bd-5f3c-9f21-d6dfe564b9f0","https://openbeta.io/climb/9cf3efa3-2e98-5b32-bb35-1680ba0a1a30/backside-left-sds","2026-10-01T18:49:22.282Z","","","BLOCKED identity/conflict","true","true","attributed observation; exact importer link is not independent corroboration","Face, independent corridor evidence and approved overlay pending. Exact route ID is linked, but OpenBeta physical parent identity is unresolved. Exact match to documented OpenBeta importer uuidv5(MP route numeric ID, NIL namespace). Mountain Project import lineage; corroborating source entry does not independently verify route facts."
"mp-route-112868532","route","Backside Right Arete","V0+","Mountain Project","mp-route-112868532","Backside Right Arete","V0+","","4+","mp-area-123856651","mp-area-123856651","https://www.mountainproject.com/route/112868532/backside-right-arete","2026-10-01T18:48:29.545Z","36.15945","-115.41749","BLOCKED identity/conflict","true","true","attributed observation; exact importer link is not independent corroboration","Face, independent corridor evidence and approved overlay pending. Exact route ID is linked, but OpenBeta physical parent identity is unresolved. Current numeric source route ID; not field verification."
"mp-route-112868532","route","Backside Right Arete","V0+","OpenBeta","ob-route-f1a926bd-35c5-5c46-a26c-c1eb234c81aa","Backside Right Arete","V0+","","4+","ob-area-8cf3b9ff-49bd-5f3c-9f21-d6dfe564b9f0","ob-area-8cf3b9ff-49bd-5f3c-9f21-d6dfe564b9f0","https://openbeta.io/climb/f1a926bd-35c5-5c46-a26c-c1eb234c81aa/backside-right-arete","2026-10-01T18:49:22.282Z","","","BLOCKED identity/conflict","true","true","attributed observation; exact importer link is not independent corroboration","Face, independent corridor evidence and approved overlay pending. Exact route ID is linked, but OpenBeta physical parent identity is unresolved. Exact match to documented OpenBeta importer uuidv5(MP route numeric ID, NIL namespace). Mountain Project import lineage; corroborating source entry does not independently verify route facts."
"mp-route-106290339","route","Backside Right to Left Traverse","V1-","Mountain Project","mp-route-106290339","Backside Right to Left Traverse","V1-","","5-","mp-area-123856651","mp-area-123856651","https://www.mountainproject.com/route/106290339/backside-right-to-left-traverse","2026-10-01T18:48:30.016Z","36.15945","-115.41749","BLOCKED identity/conflict","true","true","attributed observation; exact importer link is not independent corroboration","Face, independent corridor evidence and approved overlay pending. Exact route ID is linked, but OpenBeta physical parent identity is unresolved. Source names differ; exact importer identity links entries, not spelling alone. Current numeric source route ID; not field verification."
"mp-route-106290339","route","Backside Right to Left Traverse","V1-","OpenBeta","ob-route-702b5f5d-2a82-5a41-b585-19934f23f4a5","Route of a^2 + b^2","V1-","","5-","ob-area-8cf3b9ff-49bd-5f3c-9f21-d6dfe564b9f0","ob-area-8cf3b9ff-49bd-5f3c-9f21-d6dfe564b9f0","https://openbeta.io/climb/702b5f5d-2a82-5a41-b585-19934f23f4a5/route-of-a2-b2","2026-10-01T18:49:22.282Z","","","BLOCKED identity/conflict","true","true","attributed observation; exact importer link is not independent corroboration","Face, independent corridor evidence and approved overlay pending. Exact route ID is linked, but OpenBeta physical parent identity is unresolved. Source names differ; exact importer identity links entries, not spelling alone. Exact match to documented OpenBeta importer uuidv5(MP route numeric ID, NIL namespace). Mountain Project import lineage; corroborating source entry does not independently verify route facts."
"mp-route-125074020","route","Black Parade","V1+","Mountain Project","mp-route-125074020","Black Parade","V1+","","5","mp-area-123856651","mp-area-123856651","https://www.mountainproject.com/route/125074020/black-parade","2026-10-01T18:48:29.536Z","36.15945","-115.41749","BLOCKED route geometry/missing evidence","true","true","attributed observation; exact importer link is not independent corroboration","Face, independent corridor evidence and approved overlay pending. Current numeric source route ID; not field verification."
"mp-route-107003134","route","Black Warm Up","V-easy","Mountain Project","mp-route-107003134","Black Warm Up","V-easy","","3","mp-area-123856651","mp-area-123856651","https://www.mountainproject.com/route/107003134/black-warm-up","2026-10-01T18:48:30.388Z","36.10745","-115.23152","BLOCKED identity/conflict","true","true","attributed observation; exact importer link is not independent corroboration","Face, independent corridor evidence and approved overlay pending. Exact route ID is linked, but OpenBeta physical parent identity is unresolved. Source names differ; exact importer identity links entries, not spelling alone. Current numeric source route ID; not field verification."
"mp-route-107003134","route","Black Warm Up","V-easy","OpenBeta","ob-route-2dccb3b3-bf75-5413-8912-ca0b991cb8df","Black Warm-up","V-easy","","3","ob-area-8cf3b9ff-49bd-5f3c-9f21-d6dfe564b9f0","ob-area-8cf3b9ff-49bd-5f3c-9f21-d6dfe564b9f0","https://openbeta.io/climb/2dccb3b3-bf75-5413-8912-ca0b991cb8df/black-warm-up","2026-10-01T18:49:22.282Z","","","BLOCKED identity/conflict","true","true","attributed observation; exact importer link is not independent corroboration","Face, independent corridor evidence and approved overlay pending. Exact route ID is linked, but OpenBeta physical parent identity is unresolved. Source names differ; exact importer identity links entries, not spelling alone. Exact match to documented OpenBeta importer uuidv5(MP route numeric ID, NIL namespace). Mountain Project import lineage; corroborating source entry does not independently verify route facts."
"mp-route-113801725","route","Black Warm Up Left","V0","Mountain Project","mp-route-113801725","Black Warm Up Left","V0","","4","mp-area-123856651","mp-area-123856651","https://www.mountainproject.com/route/113801725/black-warm-up-left","2026-10-01T18:48:30.255Z","36.15945","-115.41749","BLOCKED identity/conflict","true","true","attributed observation; exact importer link is not independent corroboration","Face, independent corridor evidence and approved overlay pending. Exact route ID is linked, but OpenBeta physical parent identity is unresolved. Current numeric source route ID; not field verification."
"mp-route-113801725","route","Black Warm Up Left","V0","OpenBeta","ob-route-564d0d84-3402-5da1-ad9f-f93a17108c58","Black Warm Up Left","V0","","4","ob-area-8cf3b9ff-49bd-5f3c-9f21-d6dfe564b9f0","ob-area-8cf3b9ff-49bd-5f3c-9f21-d6dfe564b9f0","https://openbeta.io/climb/564d0d84-3402-5da1-ad9f-f93a17108c58/black-warm-up-left","2026-10-01T18:49:22.282Z","","","BLOCKED identity/conflict","true","true","attributed observation; exact importer link is not independent corroboration","Face, independent corridor evidence and approved overlay pending. Exact route ID is linked, but OpenBeta physical parent identity is unresolved. Exact match to documented OpenBeta importer uuidv5(MP route numeric ID, NIL namespace). Mountain Project import lineage; corroborating source entry does not independently verify route facts."
"mp-route-113801710","route","Left Short Face","V1","Mountain Project","mp-route-113801710","Left Short Face","V1","","5","mp-area-123856651","mp-area-123856651","https://www.mountainproject.com/route/113801710/left-short-face","2026-10-01T18:48:30.733Z","36.15945","-115.41749","BLOCKED identity/conflict","true","true","attributed observation; exact importer link is not independent corroboration","Face, independent corridor evidence and approved overlay pending. Exact route ID is linked, but OpenBeta physical parent identity is unresolved. Current numeric source route ID; not field verification."
"mp-route-113801710","route","Left Short Face","V1","OpenBeta","ob-route-af4aa5e7-1559-56bc-a03c-8fcfe459b028","Left Short Face","V1","","5","ob-area-8cf3b9ff-49bd-5f3c-9f21-d6dfe564b9f0","ob-area-8cf3b9ff-49bd-5f3c-9f21-d6dfe564b9f0","https://openbeta.io/climb/af4aa5e7-1559-56bc-a03c-8fcfe459b028/left-short-face","2026-10-01T18:49:22.282Z","","","BLOCKED identity/conflict","true","true","attributed observation; exact importer link is not independent corroboration","Face, independent corridor evidence and approved overlay pending. Exact route ID is linked, but OpenBeta physical parent identity is unresolved. Exact match to documented OpenBeta importer uuidv5(MP route numeric ID, NIL namespace). Mountain Project import lineage; corroborating source entry does not independently verify route facts."
"mp-route-113801775","route","Slab Backside","V-easy","Mountain Project","mp-route-113801775","Slab Backside","V-easy","","3","mp-area-123856651","mp-area-123856651","https://www.mountainproject.com/route/113801775/slab-backside","2026-10-01T18:48:30.433Z","36.15945","-115.41749","BLOCKED identity/conflict","true","true","attributed observation; exact importer link is not independent corroboration","Face, independent corridor evidence and approved overlay pending. Exact route ID is linked, but OpenBeta physical parent identity is unresolved. Current numeric source route ID; not field verification."
"mp-route-113801775","route","Slab Backside","V-easy","OpenBeta","ob-route-b6cf90cb-22ce-5eb6-9a78-f7d9d1ad4934","Slab Backside","V-easy","","3","ob-area-8cf3b9ff-49bd-5f3c-9f21-d6dfe564b9f0","ob-area-8cf3b9ff-49bd-5f3c-9f21-d6dfe564b9f0","https://openbeta.io/climb/b6cf90cb-22ce-5eb6-9a78-f7d9d1ad4934/slab-backside","2026-10-01T18:49:22.282Z","","","BLOCKED identity/conflict","true","true","attributed observation; exact importer link is not independent corroboration","Face, independent corridor evidence and approved overlay pending. Exact route ID is linked, but OpenBeta physical parent identity is unresolved. Exact match to documented OpenBeta importer uuidv5(MP route numeric ID, NIL namespace). Mountain Project import lineage; corroborating source entry does not independently verify route facts."
"mp-route-113801739","route","Slab Right","V-easy","Mountain Project","mp-route-113801739","Slab Right","V-easy","","3","mp-area-123856651","mp-area-123856651","https://www.mountainproject.com/route/113801739/slab-right","2026-10-01T18:48:31.251Z","36.15945","-115.41749","BLOCKED identity/conflict","true","true","attributed observation; exact importer link is not independent corroboration","Face, independent corridor evidence and approved overlay pending. Exact route ID is linked, but OpenBeta physical parent identity is unresolved. Current numeric source route ID; not field verification."
"mp-route-113801739","route","Slab Right","V-easy","OpenBeta","ob-route-adc7583f-2184-5e2a-a879-1f92404b2fcf","Slab Right","V-easy","","3","ob-area-8cf3b9ff-49bd-5f3c-9f21-d6dfe564b9f0","ob-area-8cf3b9ff-49bd-5f3c-9f21-d6dfe564b9f0","https://openbeta.io/climb/adc7583f-2184-5e2a-a879-1f92404b2fcf/slab-right","2026-10-01T18:49:22.282Z","","","BLOCKED identity/conflict","true","true","attributed observation; exact importer link is not independent corroboration","Face, independent corridor evidence and approved overlay pending. Exact route ID is linked, but OpenBeta physical parent identity is unresolved. Exact match to documented OpenBeta importer uuidv5(MP route numeric ID, NIL namespace). Mountain Project import lineage; corroborating source entry does not independently verify route facts."
"mp-route-122238535","route","Traverse","V3","Mountain Project","mp-route-122238535","Traverse","V3","","6A","mp-area-123856651","mp-area-123856651","https://www.mountainproject.com/route/122238535/traverse","2026-10-01T18:48:31.321Z","36.15945","-115.41749","BLOCKED route geometry/missing evidence","true","true","attributed observation; exact importer link is not independent corroboration","Face, independent corridor evidence and approved overlay pending. Current numeric source route ID; not field verification."
"mp-route-107430198","route","Black Traverse","V2","Mountain Project","mp-route-107430198","Black Traverse","V2","","5+","mp-area-123856648","mp-area-123856648","https://www.mountainproject.com/route/107430198/black-traverse","2026-10-01T18:48:30.980Z","36.15935","-115.41759","BLOCKED identity/conflict","true","true","attributed observation; exact importer link is not independent corroboration","Face, independent corridor evidence and approved overlay pending. Exact route ID is linked, but OpenBeta physical parent identity is unresolved. Source names differ; exact importer identity links entries, not spelling alone. Current numeric source route ID; not field verification."
"mp-route-107430198","route","Black Traverse","V2","OpenBeta","ob-route-a71418bc-8735-54a5-8355-0a4a140b9c9b","Black Midget","V2","","5+","ob-area-8cf3b9ff-49bd-5f3c-9f21-d6dfe564b9f0","ob-area-8cf3b9ff-49bd-5f3c-9f21-d6dfe564b9f0","https://openbeta.io/climb/a71418bc-8735-54a5-8355-0a4a140b9c9b/black-midget","2026-10-01T18:49:22.282Z","","","BLOCKED identity/conflict","true","true","attributed observation; exact importer link is not independent corroboration","Face, independent corridor evidence and approved overlay pending. Exact route ID is linked, but OpenBeta physical parent identity is unresolved. Source names differ; exact importer identity links entries, not spelling alone. Exact match to documented OpenBeta importer uuidv5(MP route numeric ID, NIL namespace). Mountain Project import lineage; corroborating source entry does not independently verify route facts."
"mp-route-107430182","route","Fin","V3","Mountain Project","mp-route-107430182","Fin","V3","","6A","mp-area-123856648","mp-area-123856648","https://www.mountainproject.com/route/107430182/fin","2026-10-01T18:48:31.084Z","36.15935","-115.41759","BLOCKED identity/conflict","true","true","attributed observation; exact importer link is not independent corroboration","Face, independent corridor evidence and approved overlay pending. Exact route ID is linked, but OpenBeta physical parent identity is unresolved. Current numeric source route ID; not field verification."
"mp-route-107430182","route","Fin","V3","OpenBeta","ob-route-746bbb74-7bfc-5932-9e17-188f8670a7b7","Fin","V3","","6A","ob-area-8cf3b9ff-49bd-5f3c-9f21-d6dfe564b9f0","ob-area-8cf3b9ff-49bd-5f3c-9f21-d6dfe564b9f0","https://openbeta.io/climb/746bbb74-7bfc-5932-9e17-188f8670a7b7/fin","2026-10-01T18:49:22.282Z","","","BLOCKED identity/conflict","true","true","attributed observation; exact importer link is not independent corroboration","Face, independent corridor evidence and approved overlay pending. Exact route ID is linked, but OpenBeta physical parent identity is unresolved. Exact match to documented OpenBeta importer uuidv5(MP route numeric ID, NIL namespace). Mountain Project import lineage; corroborating source entry does not independently verify route facts."
"mp-route-107430210","route","Fin Backside","V0","Mountain Project","mp-route-107430210","Fin Backside","V0","","4","mp-area-123856648","mp-area-123856648","https://www.mountainproject.com/route/107430210/fin-backside","2026-10-01T18:48:31.562Z","36.15935","-115.41759","BLOCKED identity/conflict","true","true","attributed observation; exact importer link is not independent corroboration","Face, independent corridor evidence and approved overlay pending. Exact route ID is linked, but OpenBeta physical parent identity is unresolved. Current numeric source route ID; not field verification."
"mp-route-107430210","route","Fin Backside","V0","OpenBeta","ob-route-1ba84705-85f8-5a09-ad5c-6a0e7394cec7","Fin Backside","V0","","4","ob-area-8cf3b9ff-49bd-5f3c-9f21-d6dfe564b9f0","ob-area-8cf3b9ff-49bd-5f3c-9f21-d6dfe564b9f0","https://openbeta.io/climb/1ba84705-85f8-5a09-ad5c-6a0e7394cec7/fin-backside","2026-10-01T18:49:22.282Z","","","BLOCKED identity/conflict","true","true","attributed observation; exact importer link is not independent corroboration","Face, independent corridor evidence and approved overlay pending. Exact route ID is linked, but OpenBeta physical parent identity is unresolved. Exact match to documented OpenBeta importer uuidv5(MP route numeric ID, NIL namespace). Mountain Project import lineage; corroborating source entry does not independently verify route facts."
"mp-route-107430204","route","Fin Backside Left","V0-1","Mountain Project","mp-route-107430204","Fin Backside Left","V0-1","","4+","mp-area-123856648","mp-area-123856648","https://www.mountainproject.com/route/107430204/fin-backside-left","2026-10-01T18:48:31.715Z","36.15935","-115.41759","BLOCKED identity/conflict","true","true","attributed observation; exact importer link is not independent corroboration","Face, independent corridor evidence and approved overlay pending. Exact route ID is linked, but OpenBeta physical parent identity is unresolved. Current numeric source route ID; not field verification."
"mp-route-107430204","route","Fin Backside Left","V0-1","OpenBeta","ob-route-b0ab4ee0-e19e-5755-93ef-242268d6980b","Fin Backside Left","V0-1","","4+","ob-area-8cf3b9ff-49bd-5f3c-9f21-d6dfe564b9f0","ob-area-8cf3b9ff-49bd-5f3c-9f21-d6dfe564b9f0","https://openbeta.io/climb/b0ab4ee0-e19e-5755-93ef-242268d6980b/fin-backside-left","2026-10-01T18:49:22.282Z","","","BLOCKED identity/conflict","true","true","attributed observation; exact importer link is not independent corroboration","Face, independent corridor evidence and approved overlay pending. Exact route ID is linked, but OpenBeta physical parent identity is unresolved. Exact match to documented OpenBeta importer uuidv5(MP route numeric ID, NIL namespace). Mountain Project import lineage; corroborating source entry does not independently verify route facts."
"mp-route-107430169","route","Fin Face","V0+","Mountain Project","mp-route-107430169","Fin Face","V0+","","4+","mp-area-123856648","mp-area-123856648","https://www.mountainproject.com/route/107430169/fin-face","2026-10-01T18:48:31.898Z","36.15935","-115.41759","BLOCKED identity/conflict","true","true","attributed observation; exact importer link is not independent corroboration","Face, independent corridor evidence and approved overlay pending. Exact route ID is linked, but OpenBeta physical parent identity is unresolved. Current numeric source route ID; not field verification."
"mp-route-107430169","route","Fin Face","V0+","OpenBeta","ob-route-e00e6947-3f84-58a8-b549-f24cb1e577dc","Fin Face","V0+","","4+","ob-area-8cf3b9ff-49bd-5f3c-9f21-d6dfe564b9f0","ob-area-8cf3b9ff-49bd-5f3c-9f21-d6dfe564b9f0","https://openbeta.io/climb/e00e6947-3f84-58a8-b549-f24cb1e577dc/fin-face","2026-10-01T18:49:22.282Z","","","BLOCKED identity/conflict","true","true","attributed observation; exact importer link is not independent corroboration","Face, independent corridor evidence and approved overlay pending. Exact route ID is linked, but OpenBeta physical parent identity is unresolved. Exact match to documented OpenBeta importer uuidv5(MP route numeric ID, NIL namespace). Mountain Project import lineage; corroborating source entry does not independently verify route facts."
"mp-route-113801683","route","Fin Face Right","V0","Mountain Project","mp-route-113801683","Fin Face Right","V0","","4","mp-area-123856648","mp-area-123856648","https://www.mountainproject.com/route/113801683/fin-face-right","2026-10-01T18:48:31.817Z","36.15935","-115.41759","BLOCKED identity/conflict","true","true","attributed observation; exact importer link is not independent corroboration","Face, independent corridor evidence and approved overlay pending. Exact route ID is linked, but OpenBeta physical parent identity is unresolved. Current numeric source route ID; not field verification."
"mp-route-113801683","route","Fin Face Right","V0","OpenBeta","ob-route-020d18c6-4d92-5a69-a1b6-e460010580b8","Fin Face Right","V0","","4","ob-area-8cf3b9ff-49bd-5f3c-9f21-d6dfe564b9f0","ob-area-8cf3b9ff-49bd-5f3c-9f21-d6dfe564b9f0","https://openbeta.io/climb/020d18c6-4d92-5a69-a1b6-e460010580b8/fin-face-right","2026-10-01T18:49:22.282Z","","","BLOCKED identity/conflict","true","true","attributed observation; exact importer link is not independent corroboration","Face, independent corridor evidence and approved overlay pending. Exact route ID is linked, but OpenBeta physical parent identity is unresolved. Exact match to documented OpenBeta importer uuidv5(MP route numeric ID, NIL namespace). Mountain Project import lineage; corroborating source entry does not independently verify route facts."
"mp-route-107430176","route","Left","V0","Mountain Project","mp-route-107430176","Left","V0","","4","mp-area-123856648","mp-area-123856648","https://www.mountainproject.com/route/107430176/left","2026-10-01T18:48:32.159Z","36.15935","-115.41759","BLOCKED identity/conflict","true","true","attributed observation; exact importer link is not independent corroboration","Face, independent corridor evidence and approved overlay pending. Exact route ID is linked, but OpenBeta physical parent identity is unresolved. Current numeric source route ID; not field verification."
"mp-route-107430176","route","Left","V0","OpenBeta","ob-route-7e878fc2-2416-5973-99ee-89e5b4732d39","Left","V0","","4","ob-area-8cf3b9ff-49bd-5f3c-9f21-d6dfe564b9f0","ob-area-8cf3b9ff-49bd-5f3c-9f21-d6dfe564b9f0","https://openbeta.io/climb/7e878fc2-2416-5973-99ee-89e5b4732d39/left","2026-10-01T18:49:22.282Z","","","BLOCKED identity/conflict","true","true","attributed observation; exact importer link is not independent corroboration","Face, independent corridor evidence and approved overlay pending. Exact route ID is linked, but OpenBeta physical parent identity is unresolved. Exact match to documented OpenBeta importer uuidv5(MP route numeric ID, NIL namespace). Mountain Project import lineage; corroborating source entry does not independently verify route facts."
"mp-route-112868569","route","Leftmost Face","V-easy","Mountain Project","mp-route-112868569","Leftmost Face","V-easy","","3","mp-area-123856648","mp-area-123856648","https://www.mountainproject.com/route/112868569/leftmost-face","2026-10-01T18:48:32.541Z","36.15935","-115.41759","BLOCKED identity/conflict","true","true","attributed observation; exact importer link is not independent corroboration","Face, independent corridor evidence and approved overlay pending. Exact route ID is linked, but OpenBeta physical parent identity is unresolved. Current numeric source route ID; not field verification."
"mp-route-112868569","route","Leftmost Face","V-easy","OpenBeta","ob-route-d613fd89-4955-5fad-9b8d-d45713f920c3","Leftmost Face","V-easy","","3","ob-area-8cf3b9ff-49bd-5f3c-9f21-d6dfe564b9f0","ob-area-8cf3b9ff-49bd-5f3c-9f21-d6dfe564b9f0","https://openbeta.io/climb/d613fd89-4955-5fad-9b8d-d45713f920c3/leftmost-face","2026-10-01T18:49:22.282Z","","","BLOCKED identity/conflict","true","true","attributed observation; exact importer link is not independent corroboration","Face, independent corridor evidence and approved overlay pending. Exact route ID is linked, but OpenBeta physical parent identity is unresolved. Exact match to documented OpenBeta importer uuidv5(MP route numeric ID, NIL namespace). Mountain Project import lineage; corroborating source entry does not independently verify route facts."
"mp-route-106799344","route","Bubble Butt","V7","Mountain Project","mp-route-106799344","Bubble Butt","V7","","7A+","mp-area-106799341","mp-area-106799341","https://www.mountainproject.com/route/106799344/bubble-butt","2026-10-01T18:48:32.229Z","36.15985","-115.41568","BLOCKED route geometry/missing evidence","true","true","attributed observation; exact importer link is not independent corroboration","Face, independent corridor evidence and approved overlay pending. Current numeric source route ID; not field verification."
"mp-route-106799344","route","Bubble Butt","V7","OpenBeta","ob-route-52230b69-6a33-5795-abf6-433d09d63be7","Bubble Butt","V7","","7A+","ob-area-fd63e3c3-109e-5d17-80dc-eb89154e01b7","mp-area-106799341","https://openbeta.io/climb/52230b69-6a33-5795-abf6-433d09d63be7/bubble-butt","2026-10-01T18:49:23.260Z","","","BLOCKED route geometry/missing evidence","true","true","attributed observation; exact importer link is not independent corroboration","Face, independent corridor evidence and approved overlay pending. Exact match to documented OpenBeta importer uuidv5(MP route numeric ID, NIL namespace). Mountain Project import lineage; corroborating source entry does not independently verify route facts."
"mp-route-125257113","route","Right","V5+","Mountain Project","mp-route-125257113","Right","V5+","","6C+","mp-area-106799341","mp-area-106799341","https://www.mountainproject.com/route/125257113/right","2026-10-01T18:48:32.222Z","36.15985","-115.41568","BLOCKED route geometry/missing evidence","true","true","attributed observation; exact importer link is not independent corroboration","Face, independent corridor evidence and approved overlay pending. Current numeric source route ID; not field verification."
"mp-route-111106605","route","Scare Tactics","V9+","Mountain Project","mp-route-111106605","Scare Tactics","V9+","","7C","mp-area-106799341","mp-area-106799341","https://www.mountainproject.com/route/111106605/scare-tactics","2026-10-01T18:48:32.858Z","36.15985","-115.41568","BLOCKED route geometry/missing evidence","true","true","attributed observation; exact importer link is not independent corroboration","Face, independent corridor evidence and approved overlay pending. Source grades differ; inventory label is provisional, not an averaged grade. Current numeric source route ID; not field verification."
"mp-route-111106605","route","Scare Tactics","V9+","OpenBeta","ob-route-9fc7f8f8-130c-5fdb-95d8-f60e442ce7a2","Scare Tactics","V9","","7C","ob-area-fd63e3c3-109e-5d17-80dc-eb89154e01b7","mp-area-106799341","https://openbeta.io/climb/9fc7f8f8-130c-5fdb-95d8-f60e442ce7a2/scare-tactics","2026-10-01T18:49:23.260Z","","","BLOCKED route geometry/missing evidence","true","true","attributed observation; exact importer link is not independent corroboration","Face, independent corridor evidence and approved overlay pending. Source grades differ; inventory label is provisional, not an averaged grade. Exact match to documented OpenBeta importer uuidv5(MP route numeric ID, NIL namespace). Mountain Project import lineage; corroborating source entry does not independently verify route facts."
"mp-route-111214422","route","Scare Tactics Right","V9","Mountain Project","mp-route-111214422","Scare Tactics Right","V9","","7C","mp-area-106799341","mp-area-106799341","https://www.mountainproject.com/route/111214422/scare-tactics-right","2026-10-01T18:48:32.810Z","36.15985","-115.41568","BLOCKED route geometry/missing evidence","true","true","attributed observation; exact importer link is not independent corroboration","Face, independent corridor evidence and approved overlay pending. Current numeric source route ID; not field verification."
"mp-route-111214422","route","Scare Tactics Right","V9","OpenBeta","ob-route-a7ffe615-b823-5e5e-948d-a817fd17ae33","Scare Tactics Right","V9","","7C","ob-area-fd63e3c3-109e-5d17-80dc-eb89154e01b7","mp-area-106799341","https://openbeta.io/climb/a7ffe615-b823-5e5e-948d-a817fd17ae33/scare-tactics-right","2026-10-01T18:49:23.260Z","","","BLOCKED route geometry/missing evidence","true","true","attributed observation; exact importer link is not independent corroboration","Face, independent corridor evidence and approved overlay pending. Exact match to documented OpenBeta importer uuidv5(MP route numeric ID, NIL namespace). Mountain Project import lineage; corroborating source entry does not independently verify route facts."
"mp-route-106732641","route","Dusty Coffee","V4","Mountain Project","mp-route-106732641","Dusty Coffee","V4","","6B","mp-area-106732632","mp-area-106732632","https://www.mountainproject.com/route/106732641/dusty-coffee","2026-10-01T18:48:32.855Z","36.15961","-115.41636","BLOCKED route geometry/missing evidence","true","true","attributed observation; exact importer link is not independent corroboration","Face, independent corridor evidence and approved overlay pending. Current numeric source route ID; not field verification."
"mp-route-106732641","route","Dusty Coffee","V4","OpenBeta","ob-route-e595bae0-7213-5e1d-b246-01efd076204c","Dusty Coffee","V4","","6B","ob-area-2e653123-a3c9-5b9a-933e-0a71511b107c","mp-area-106732632","https://openbeta.io/climb/e595bae0-7213-5e1d-b246-01efd076204c/dusty-coffee","2026-10-01T18:49:22.279Z","","","BLOCKED route geometry/missing evidence","true","true","attributed observation; exact importer link is not independent corroboration","Face, independent corridor evidence and approved overlay pending. Exact match to documented OpenBeta importer uuidv5(MP route numeric ID, NIL namespace). Mountain Project import lineage; corroborating source entry does not independently verify route facts."
"mp-route-112381487","route","Dusty Coffee Right","V6","Mountain Project","mp-route-112381487","Dusty Coffee Right","V6","","7A","mp-area-106732632","mp-area-106732632","https://www.mountainproject.com/route/112381487/dusty-coffee-right","2026-10-01T18:48:33.211Z","36.15961","-115.41636","BLOCKED route geometry/missing evidence","true","true","attributed observation; exact importer link is not independent corroboration","Face, independent corridor evidence and approved overlay pending. Source grades differ; inventory label is provisional, not an averaged grade. Current numeric source route ID; not field verification."
"mp-route-112381487","route","Dusty Coffee Right","V6","OpenBeta","ob-route-30cf173b-6970-5d62-bac4-027be16b9fee","Dusty Coffee Right","V5","","6C","ob-area-2e653123-a3c9-5b9a-933e-0a71511b107c","mp-area-106732632","https://openbeta.io/climb/30cf173b-6970-5d62-bac4-027be16b9fee/dusty-coffee-right","2026-10-01T18:49:22.279Z","","","BLOCKED route geometry/missing evidence","true","true","attributed observation; exact importer link is not independent corroboration","Face, independent corridor evidence and approved overlay pending. Source grades differ; inventory label is provisional, not an averaged grade. Exact match to documented OpenBeta importer uuidv5(MP route numeric ID, NIL namespace). Mountain Project import lineage; corroborating source entry does not independently verify route facts."
"mp-route-107459063","route","Fire Fresh Traverse","V5-6","Mountain Project","mp-route-107459063","Fire Fresh Traverse","V5-6","","6C+","mp-area-106732632","mp-area-106732632","https://www.mountainproject.com/route/107459063/fire-fresh-traverse","2026-10-01T18:48:33.991Z","36.15961","-115.41636","BLOCKED route geometry/missing evidence","true","true","attributed observation; exact importer link is not independent corroboration","Face, independent corridor evidence and approved overlay pending. Current numeric source route ID; not field verification."
"mp-route-107459063","route","Fire Fresh Traverse","V5-6","OpenBeta","ob-route-26892b7b-f9ad-5116-b00a-d7802d5c2253","Fire Fresh Traverse","V5-6","","6C+","ob-area-2e653123-a3c9-5b9a-933e-0a71511b107c","mp-area-106732632","https://openbeta.io/climb/26892b7b-f9ad-5116-b00a-d7802d5c2253/fire-fresh-traverse","2026-10-01T18:49:22.279Z","","","BLOCKED route geometry/missing evidence","true","true","attributed observation; exact importer link is not independent corroboration","Face, independent corridor evidence and approved overlay pending. Exact match to documented OpenBeta importer uuidv5(MP route numeric ID, NIL namespace). Mountain Project import lineage; corroborating source entry does not independently verify route facts."
"mp-route-106732635","route","Jones'n","V4+","Mountain Project","mp-route-106732635","Jones'n","V4+","","6B+","mp-area-106732632","mp-area-106732632","https://www.mountainproject.com/route/106732635/jonesn","2026-10-01T18:48:33.551Z","36.15954","-115.41641","BLOCKED route geometry/missing evidence","true","true","attributed observation; exact importer link is not independent corroboration","Face, independent corridor evidence and approved overlay pending. Current numeric source route ID; not field verification."
"mp-route-106732635","route","Jones'n","V4+","OpenBeta","ob-route-cb83d6d3-2937-53bd-9cbf-58cd5f2bc921","Jones'n","V4+","","6B+","ob-area-2e653123-a3c9-5b9a-933e-0a71511b107c","mp-area-106732632","https://openbeta.io/climb/cb83d6d3-2937-53bd-9cbf-58cd5f2bc921/jonesn","2026-10-01T18:49:22.279Z","","","BLOCKED route geometry/missing evidence","true","true","attributed observation; exact importer link is not independent corroboration","Face, independent corridor evidence and approved overlay pending. Exact match to documented OpenBeta importer uuidv5(MP route numeric ID, NIL namespace). Mountain Project import lineage; corroborating source entry does not independently verify route facts."
"mp-route-116251270","route","Mantle Direct","V3+","Mountain Project","mp-route-116251270","Mantle Direct","V3+","","6A+","mp-area-106732632","mp-area-106732632","https://www.mountainproject.com/route/116251270/mantle-direct","2026-10-01T18:48:33.470Z","36.15961","-115.41636","BLOCKED route geometry/missing evidence","true","true","attributed observation; exact importer link is not independent corroboration","Face, independent corridor evidence and approved overlay pending. Source grades differ; inventory label is provisional, not an averaged grade. Source names differ; exact importer identity links entries, not spelling alone. Current numeric source route ID; not field verification."
"mp-route-116251270","route","Mantle Direct","V3+","OpenBeta","ob-route-d08755b7-1c60-5666-8b5e-72e4882a018b","Mantle direct","V4-","","6B","ob-area-2e653123-a3c9-5b9a-933e-0a71511b107c","mp-area-106732632","https://openbeta.io/climb/d08755b7-1c60-5666-8b5e-72e4882a018b/mantle-direct","2026-10-01T18:49:22.279Z","","","BLOCKED route geometry/missing evidence","true","true","attributed observation; exact importer link is not independent corroboration","Face, independent corridor evidence and approved overlay pending. Source grades differ; inventory label is provisional, not an averaged grade. Source names differ; exact importer identity links entries, not spelling alone. Exact match to documented OpenBeta importer uuidv5(MP route numeric ID, NIL namespace). Mountain Project import lineage; corroborating source entry does not independently verify route facts."
"mp-route-114576719","route","Rail to Seam","V4","Mountain Project","mp-route-114576719","Rail to Seam","V4","","6B","mp-area-106732632","mp-area-106732632","https://www.mountainproject.com/route/114576719/rail-to-seam","2026-10-01T18:48:33.987Z","36.15961","-115.41636","BLOCKED route geometry/missing evidence","true","true","attributed observation; exact importer link is not independent corroboration","Face, independent corridor evidence and approved overlay pending. Source names differ; exact importer identity links entries, not spelling alone. Current numeric source route ID; not field verification."
"mp-route-114576719","route","Rail to Seam","V4","OpenBeta","ob-route-5b129298-9cae-571d-8f1f-916ac6ad541c","Rail to seam","V4","","6B","ob-area-2e653123-a3c9-5b9a-933e-0a71511b107c","mp-area-106732632","https://openbeta.io/climb/5b129298-9cae-571d-8f1f-916ac6ad541c/rail-to-seam","2026-10-01T18:49:22.279Z","","","BLOCKED route geometry/missing evidence","true","true","attributed observation; exact importer link is not independent corroboration","Face, independent corridor evidence and approved overlay pending. Source names differ; exact importer identity links entries, not spelling alone. Exact match to documented OpenBeta importer uuidv5(MP route numeric ID, NIL namespace). Mountain Project import lineage; corroborating source entry does not independently verify route facts."
"mp-route-121908950","route","Three Feet to Gold","V8","Mountain Project","mp-route-121908950","Three Feet to Gold","V8","","7B","mp-area-106732632","mp-area-106732632","https://www.mountainproject.com/route/121908950/three-feet-to-gold","2026-10-01T18:48:34.732Z","36.15961","-115.41636","BLOCKED route geometry/missing evidence","true","true","attributed observation; exact importer link is not independent corroboration","Face, independent corridor evidence and approved overlay pending. Current numeric source route ID; not field verification."
"mp-route-121908950","route","Three Feet to Gold","V8","OpenBeta","ob-route-48a1b924-ab04-5259-9fb7-8574269f4e3e","Three Feet to Gold","V8","","7B","ob-area-2e653123-a3c9-5b9a-933e-0a71511b107c","mp-area-106732632","https://openbeta.io/climb/48a1b924-ab04-5259-9fb7-8574269f4e3e/three-feet-to-gold","2026-10-01T18:49:22.279Z","","","BLOCKED route geometry/missing evidence","true","true","attributed observation; exact importer link is not independent corroboration","Face, independent corridor evidence and approved overlay pending. Exact match to documented OpenBeta importer uuidv5(MP route numeric ID, NIL namespace). Mountain Project import lineage; corroborating source entry does not independently verify route facts."
"mp-route-107511502","route","Unnamed V2","V2","Mountain Project","mp-route-107511502","Unnamed V2","V2","","5+","mp-area-106732632","mp-area-106732632","https://www.mountainproject.com/route/107511502/unnamed-v2","2026-10-01T18:48:34.275Z","36.15961","-115.41636","BLOCKED route geometry/missing evidence","true","true","attributed observation; exact importer link is not independent corroboration","Face, independent corridor evidence and approved overlay pending. Current numeric source route ID; not field verification."
"mp-route-107511502","route","Unnamed V2","V2","OpenBeta","ob-route-71308052-db8b-5453-9622-f01f919f5947","Unnamed V2","V2","","5+","ob-area-2e653123-a3c9-5b9a-933e-0a71511b107c","mp-area-106732632","https://openbeta.io/climb/71308052-db8b-5453-9622-f01f919f5947/unnamed-v2","2026-10-01T18:49:22.279Z","","","BLOCKED route geometry/missing evidence","true","true","attributed observation; exact importer link is not independent corroboration","Face, independent corridor evidence and approved overlay pending. Exact match to documented OpenBeta importer uuidv5(MP route numeric ID, NIL namespace). Mountain Project import lineage; corroborating source entry does not independently verify route facts."
"mp-route-124134233","route","Brian's Butthole","V0","Mountain Project","mp-route-124134233","Brian's Butthole","V0","","4","mp-area-107430254","mp-area-107430254","https://www.mountainproject.com/route/124134233/brians-butthole","2026-10-01T18:48:34.323Z","36.1595","-115.4167","BLOCKED route geometry/missing evidence","true","true","attributed observation; exact importer link is not independent corroboration","Face, independent corridor evidence and approved overlay pending. Current numeric source route ID; not field verification."
"mp-route-107430258","route","Butt Crack, The","V3","Mountain Project","mp-route-107430258","Butt Crack, The","V3","","6A","mp-area-107430254","mp-area-107430254","https://www.mountainproject.com/route/107430258/the-butt-crack","2026-10-01T18:48:34.260Z","36.1595","-115.4167","BLOCKED route geometry/missing evidence","true","true","attributed observation; exact importer link is not independent corroboration","Face, independent corridor evidence and approved overlay pending. Source names differ; exact importer identity links entries, not spelling alone. Current numeric source route ID; not field verification."
"mp-route-107430258","route","Butt Crack, The","V3","OpenBeta","ob-route-55c30cf3-56dc-5be5-9fc7-dcb7088046df","The Butt Crack","V3","","6A","ob-area-c98b48db-a060-5c2f-b910-03695477ffb4","mp-area-107430254","https://openbeta.io/climb/55c30cf3-56dc-5be5-9fc7-dcb7088046df/the-butt-crack","2026-10-01T18:49:18.586Z","","","BLOCKED route geometry/missing evidence","true","true","attributed observation; exact importer link is not independent corroboration","Face, independent corridor evidence and approved overlay pending. Source names differ; exact importer identity links entries, not spelling alone. Exact match to documented OpenBeta importer uuidv5(MP route numeric ID, NIL namespace). Mountain Project import lineage; corroborating source entry does not independently verify route facts."
"mp-route-118345857","route","Send Before It Breaks","V5-6","Mountain Project","mp-route-118345857","Send Before It Breaks","V5-6","","6C+","mp-area-107430254","mp-area-107430254","https://www.mountainproject.com/route/118345857/send-before-it-breaks","2026-10-01T18:48:35.365Z","36.1595","-115.4167","BLOCKED route geometry/missing evidence","true","true","attributed observation; exact importer link is not independent corroboration","Face, independent corridor evidence and approved overlay pending. Current numeric source route ID; not field verification."
"mp-route-118345857","route","Send Before It Breaks","V5-6","OpenBeta","ob-route-572f2b02-c3d0-57b5-b57b-7ebdf7b27e4a","Send Before It Breaks","V5-6","","6C+","ob-area-c98b48db-a060-5c2f-b910-03695477ffb4","mp-area-107430254","https://openbeta.io/climb/572f2b02-c3d0-57b5-b57b-7ebdf7b27e4a/send-before-it-breaks","2026-10-01T18:49:18.586Z","","","BLOCKED route geometry/missing evidence","true","true","attributed observation; exact importer link is not independent corroboration","Face, independent corridor evidence and approved overlay pending. Exact match to documented OpenBeta importer uuidv5(MP route numeric ID, NIL namespace). Mountain Project import lineage; corroborating source entry does not independently verify route facts."
"mp-route-107430262","route","Southeast Face","V3","Mountain Project","mp-route-107430262","Southeast Face","V3","","6A","mp-area-107430254","mp-area-107430254","https://www.mountainproject.com/route/107430262/southeast-face","2026-10-01T18:48:35.011Z","36.1595","-115.4167","BLOCKED route geometry/missing evidence","true","true","attributed observation; exact importer link is not independent corroboration","Face, independent corridor evidence and approved overlay pending. Current numeric source route ID; not field verification."
"mp-route-107430262","route","Southeast Face","V3","OpenBeta","ob-route-1614fa1b-0cef-596a-9aaa-d1a947403cfc","Southeast Face","V3","","6A","ob-area-c98b48db-a060-5c2f-b910-03695477ffb4","mp-area-107430254","https://openbeta.io/climb/1614fa1b-0cef-596a-9aaa-d1a947403cfc/southeast-face","2026-10-01T18:49:18.586Z","","","BLOCKED route geometry/missing evidence","true","true","attributed observation; exact importer link is not independent corroboration","Face, independent corridor evidence and approved overlay pending. Exact match to documented OpenBeta importer uuidv5(MP route numeric ID, NIL namespace). Mountain Project import lineage; corroborating source entry does not independently verify route facts."
"mp-route-107430269","route","Southeast Face - SDS","V4+","Mountain Project","mp-route-107430269","Southeast Face - SDS","V4+","","6B+","mp-area-107430254","mp-area-107430254","https://www.mountainproject.com/route/107430269/southeast-face-sds","2026-10-01T18:48:35.441Z","36.1595","-115.4167","BLOCKED route geometry/missing evidence","true","true","attributed observation; exact importer link is not independent corroboration","Face, independent corridor evidence and approved overlay pending. Source grades differ; inventory label is provisional, not an averaged grade. Current numeric source route ID; not field verification."
"mp-route-107430269","route","Southeast Face - SDS","V4+","OpenBeta","ob-route-a816308d-073c-576a-8459-34e181b063da","Southeast Face - SDS","V4","","6B","ob-area-c98b48db-a060-5c2f-b910-03695477ffb4","mp-area-107430254","https://openbeta.io/climb/a816308d-073c-576a-8459-34e181b063da/southeast-face-sds","2026-10-01T18:49:18.586Z","","","BLOCKED route geometry/missing evidence","true","true","attributed observation; exact importer link is not independent corroboration","Face, independent corridor evidence and approved overlay pending. Source grades differ; inventory label is provisional, not an averaged grade. Exact match to documented OpenBeta importer uuidv5(MP route numeric ID, NIL namespace). Mountain Project import lineage; corroborating source entry does not independently verify route facts."
"mp-route-125499203","route","Castling","V6","Mountain Project","mp-route-125499203","Castling","V6","","7A","mp-area-120588274","mp-area-120588274","https://www.mountainproject.com/route/125499203/castling","2026-10-01T18:48:35.081Z","36.16011","-115.41796","BLOCKED route geometry/missing evidence","true","true","attributed observation; exact importer link is not independent corroboration","Face, independent corridor evidence and approved overlay pending. Current numeric source route ID; not field verification."
"mp-route-120588283","route","Front Mantle","V2","Mountain Project","mp-route-120588283","Front Mantle","V2","","5+","mp-area-120588274","mp-area-120588274","https://www.mountainproject.com/route/120588283/front-mantle","2026-10-01T18:48:35.810Z","36.16011","-115.41796","BLOCKED route geometry/missing evidence","true","true","attributed observation; exact importer link is not independent corroboration","Face, independent corridor evidence and approved overlay pending. Current numeric source route ID; not field verification."
"mp-route-120588283","route","Front Mantle","V2","OpenBeta","ob-route-1749721f-0a35-521d-8dea-688650a0d2ce","Front Mantle","V2","","5+","ob-area-7fbf3d1f-8dcf-5eef-b1cc-055c38605a0d","mp-area-120588274","https://openbeta.io/climb/1749721f-0a35-521d-8dea-688650a0d2ce/front-mantle","2026-10-01T18:49:21.924Z","","","BLOCKED route geometry/missing evidence","true","true","attributed observation; exact importer link is not independent corroboration","Face, independent corridor evidence and approved overlay pending. Exact match to documented OpenBeta importer uuidv5(MP route numeric ID, NIL namespace). Mountain Project import lineage; corroborating source entry does not independently verify route facts."
"mp-route-120588308","route","Mate in Two","V3-4","Mountain Project","mp-route-120588308","Mate in Two","V3-4","","6A+","mp-area-120588274","mp-area-120588274","https://www.mountainproject.com/route/120588308/mate-in-two","2026-10-01T18:48:35.693Z","36.16011","-115.41796","BLOCKED route geometry/missing evidence","true","true","attributed observation; exact importer link is not independent corroboration","Face, independent corridor evidence and approved overlay pending. Current numeric source route ID; not field verification."
"mp-route-120588308","route","Mate in Two","V3-4","OpenBeta","ob-route-9a1c4514-9302-52e8-a676-5d328c2fccf3","Mate in Two","V3-4","","6A+","ob-area-7fbf3d1f-8dcf-5eef-b1cc-055c38605a0d","mp-area-120588274","https://openbeta.io/climb/9a1c4514-9302-52e8-a676-5d328c2fccf3/mate-in-two","2026-10-01T18:49:21.924Z","","","BLOCKED route geometry/missing evidence","true","true","attributed observation; exact importer link is not independent corroboration","Face, independent corridor evidence and approved overlay pending. Exact match to documented OpenBeta importer uuidv5(MP route numeric ID, NIL namespace). Mountain Project import lineage; corroborating source entry does not independently verify route facts."
"mp-route-202376469","route","Mono Me","V0","Mountain Project","mp-route-202376469","Mono Me","V0","","4","mp-area-120588274","mp-area-120588274","https://www.mountainproject.com/route/202376469/mono-me","2026-10-01T18:48:35.692Z","36.16011","-115.41796","BLOCKED route geometry/missing evidence","true","true","attributed observation; exact importer link is not independent corroboration","Face, independent corridor evidence and approved overlay pending. Current numeric source route ID; not field verification."
"mp-route-120588296","route","Queen's Gambit","V1","Mountain Project","mp-route-120588296","Queen's Gambit","V1","","5","mp-area-120588274","mp-area-120588274","https://www.mountainproject.com/route/120588296/queens-gambit","2026-10-01T18:48:36.144Z","36.16011","-115.41796","BLOCKED route geometry/missing evidence","true","true","attributed observation; exact importer link is not independent corroboration","Face, independent corridor evidence and approved overlay pending. Current numeric source route ID; not field verification."
"mp-route-120588296","route","Queen's Gambit","V1","OpenBeta","ob-route-71383551-f1ce-5269-85e1-316af76b824b","Queen's Gambit","V1","","5","ob-area-7fbf3d1f-8dcf-5eef-b1cc-055c38605a0d","mp-area-120588274","https://openbeta.io/climb/71383551-f1ce-5269-85e1-316af76b824b/queens-gambit","2026-10-01T18:49:21.924Z","","","BLOCKED route geometry/missing evidence","true","true","attributed observation; exact importer link is not independent corroboration","Face, independent corridor evidence and approved overlay pending. Exact match to documented OpenBeta importer uuidv5(MP route numeric ID, NIL namespace). Mountain Project import lineage; corroborating source entry does not independently verify route facts."
"mp-route-200739087","route","Queen's Gambit Variation","V4","Mountain Project","mp-route-200739087","Queen's Gambit Variation","V4","","6B","mp-area-120588274","mp-area-120588274","https://www.mountainproject.com/route/200739087/queens-gambit-variation","2026-10-01T18:48:36.416Z","36.16011","-115.41796","BLOCKED route geometry/missing evidence","true","true","attributed observation; exact importer link is not independent corroboration","Face, independent corridor evidence and approved overlay pending. Current numeric source route ID; not field verification."
"mp-route-120588302","route","Right face","V2-3","Mountain Project","mp-route-120588302","Right face","V2-3","","5+","mp-area-120588274","mp-area-120588274","https://www.mountainproject.com/route/120588302/right-face","2026-10-01T18:48:36.502Z","36.16011","-115.41796","BLOCKED route geometry/missing evidence","true","true","attributed observation; exact importer link is not independent corroboration","Face, independent corridor evidence and approved overlay pending. Current numeric source route ID; not field verification."
"mp-route-120588302","route","Right face","V2-3","OpenBeta","ob-route-17caae28-391f-5884-85a6-1126e34add28","Right face","V2-3","","5+","ob-area-7fbf3d1f-8dcf-5eef-b1cc-055c38605a0d","mp-area-120588274","https://openbeta.io/climb/17caae28-391f-5884-85a6-1126e34add28/right-face","2026-10-01T18:49:21.924Z","","","BLOCKED route geometry/missing evidence","true","true","attributed observation; exact importer link is not independent corroboration","Face, independent corridor evidence and approved overlay pending. Exact match to documented OpenBeta importer uuidv5(MP route numeric ID, NIL namespace). Mountain Project import lineage; corroborating source entry does not independently verify route facts."
"mp-route-120588286","route","Stale Mate","V8","Mountain Project","mp-route-120588286","Stale Mate","V8","","7B","mp-area-120588274","mp-area-120588274","https://www.mountainproject.com/route/120588286/stale-mate","2026-10-01T18:48:36.461Z","36.16011","-115.41796","BLOCKED route geometry/missing evidence","true","true","attributed observation; exact importer link is not independent corroboration","Face, independent corridor evidence and approved overlay pending. Source grades differ; inventory label is provisional, not an averaged grade. Current numeric source route ID; not field verification."
"mp-route-120588286","route","Stale Mate","V8","OpenBeta","ob-route-7d3d6477-841f-5ec8-8cdc-cc0675661682","Stale Mate","V8-","","7B","ob-area-7fbf3d1f-8dcf-5eef-b1cc-055c38605a0d","mp-area-120588274","https://openbeta.io/climb/7d3d6477-841f-5ec8-8cdc-cc0675661682/stale-mate","2026-10-01T18:49:21.924Z","","","BLOCKED route geometry/missing evidence","true","true","attributed observation; exact importer link is not independent corroboration","Face, independent corridor evidence and approved overlay pending. Source grades differ; inventory label is provisional, not an averaged grade. Exact match to documented OpenBeta importer uuidv5(MP route numeric ID, NIL namespace). Mountain Project import lineage; corroborating source entry does not independently verify route facts."
"mp-route-107430933","route","Croupier, The","V2","Mountain Project","mp-route-107430933","Croupier, The","V2","","5+","mp-area-107430930","mp-area-107430930","https://www.mountainproject.com/route/107430933/the-croupier","2026-10-01T18:48:36.459Z","36.15959","-115.4168","BLOCKED route geometry/missing evidence","true","true","attributed observation; exact importer link is not independent corroboration","Face, independent corridor evidence and approved overlay pending. Source names differ; exact importer identity links entries, not spelling alone. Current numeric source route ID; not field verification."
"mp-route-107430933","route","Croupier, The","V2","OpenBeta","ob-route-7211cb79-27ff-5648-8dbf-656ebfd07235","The Croupier","V2","","5+","ob-area-ca11a30a-8e76-5578-becb-5fa6c953fed2","mp-area-107430930","https://openbeta.io/climb/7211cb79-27ff-5648-8dbf-656ebfd07235/the-croupier","2026-10-01T18:49:25.431Z","","","BLOCKED route geometry/missing evidence","true","true","attributed observation; exact importer link is not independent corroboration","Face, independent corridor evidence and approved overlay pending. Source names differ; exact importer identity links entries, not spelling alone. Exact match to documented OpenBeta importer uuidv5(MP route numeric ID, NIL namespace). Mountain Project import lineage; corroborating source entry does not independently verify route facts."
"mp-route-120661981","route","Lord Kerker's Penny Collection","V0-1","Mountain Project","mp-route-120661981","Lord Kerker's Penny Collection","V0-1","","4+","mp-area-107430930","mp-area-107430930","https://www.mountainproject.com/route/120661981/lord-kerkers-penny-collection","2026-10-01T18:48:36.905Z","36.15959","-115.4168","BLOCKED route geometry/missing evidence","true","true","attributed observation; exact importer link is not independent corroboration","Face, independent corridor evidence and approved overlay pending. Source names differ; exact importer identity links entries, not spelling alone. Current numeric source route ID; not field verification."
"mp-route-120661981","route","Lord Kerker's Penny Collection","V0-1","OpenBeta","ob-route-04371823-a5c4-5917-9481-5ae92fdae249","Lord kerkers Penny Collection","V0-1","","4+","ob-area-ca11a30a-8e76-5578-becb-5fa6c953fed2","mp-area-107430930","https://openbeta.io/climb/04371823-a5c4-5917-9481-5ae92fdae249/lord-kerkers-penny-collection","2026-10-01T18:49:25.431Z","","","BLOCKED route geometry/missing evidence","true","true","attributed observation; exact importer link is not independent corroboration","Face, independent corridor evidence and approved overlay pending. Source names differ; exact importer identity links entries, not spelling alone. Exact match to documented OpenBeta importer uuidv5(MP route numeric ID, NIL namespace). Mountain Project import lineage; corroborating source entry does not independently verify route facts."
"mp-route-108737205","route","Northeast Arete","V0-1","Mountain Project","mp-route-108737205","Northeast Arete","V0-1","","4+","mp-area-107430930","mp-area-107430930","https://www.mountainproject.com/route/108737205/northeast-arete","2026-10-01T18:48:37.121Z","36.15959","-115.4168","BLOCKED route geometry/missing evidence","true","true","attributed observation; exact importer link is not independent corroboration","Face, independent corridor evidence and approved overlay pending. Source grades differ; inventory label is provisional, not an averaged grade. Current numeric source route ID; not field verification."
"mp-route-108737205","route","Northeast Arete","V0-1","OpenBeta","ob-route-ce972c67-0ac6-55c3-97db-e075326c7d5e","Northeast Arete","V0","","4","ob-area-ca11a30a-8e76-5578-becb-5fa6c953fed2","mp-area-107430930","https://openbeta.io/climb/ce972c67-0ac6-55c3-97db-e075326c7d5e/northeast-arete","2026-10-01T18:49:25.431Z","","","BLOCKED route geometry/missing evidence","true","true","attributed observation; exact importer link is not independent corroboration","Face, independent corridor evidence and approved overlay pending. Source grades differ; inventory label is provisional, not an averaged grade. Exact match to documented OpenBeta importer uuidv5(MP route numeric ID, NIL namespace). Mountain Project import lineage; corroborating source entry does not independently verify route facts."
"mp-route-126830908","route","Northwest Arete","V1","Mountain Project","mp-route-126830908","Northwest Arete","V1","","5","mp-area-107430930","mp-area-107430930","https://www.mountainproject.com/route/126830908/northwest-arete","2026-10-01T18:48:36.815Z","36.15959","-115.4168","BLOCKED route geometry/missing evidence","true","true","attributed observation; exact importer link is not independent corroboration","Face, independent corridor evidence and approved overlay pending. Current numeric source route ID; not field verification."
"mp-route-107430940","route","Smiley Face","V1","Mountain Project","mp-route-107430940","Smiley Face","V1","","5","mp-area-107430930","mp-area-107430930","https://www.mountainproject.com/route/107430940/smiley-face","2026-10-01T18:48:36.733Z","36.15959","-115.4168","BLOCKED route geometry/missing evidence","true","true","attributed observation; exact importer link is not independent corroboration","Face, independent corridor evidence and approved overlay pending. Current numeric source route ID; not field verification."
"mp-route-107430940","route","Smiley Face","V1","OpenBeta","ob-route-dedfb087-3aec-5a24-ae89-93f4e592ee38","Smiley Face","V1","","5","ob-area-ca11a30a-8e76-5578-becb-5fa6c953fed2","mp-area-107430930","https://openbeta.io/climb/dedfb087-3aec-5a24-ae89-93f4e592ee38/smiley-face","2026-10-01T18:49:25.431Z","","","BLOCKED route geometry/missing evidence","true","true","attributed observation; exact importer link is not independent corroboration","Face, independent corridor evidence and approved overlay pending. Exact match to documented OpenBeta importer uuidv5(MP route numeric ID, NIL namespace). Mountain Project import lineage; corroborating source entry does not independently verify route facts."
"mp-route-123473676","route","Smiley Traverse","V2","Mountain Project","mp-route-123473676","Smiley Traverse","V2","","5+","mp-area-107430930","mp-area-107430930","https://www.mountainproject.com/route/123473676/smiley-traverse","2026-10-01T18:48:37.728Z","36.15959","-115.4168","BLOCKED route geometry/missing evidence","true","true","attributed observation; exact importer link is not independent corroboration","Face, independent corridor evidence and approved overlay pending. Current numeric source route ID; not field verification."
"mp-route-126854481","route","Done Better","V0","Mountain Project","mp-route-126854481","Done Better","V0","","4","mp-area-126854441","mp-area-126854441","https://www.mountainproject.com/route/126854481/done-better","2026-10-01T18:48:37.472Z","36.15966","-115.41646","BLOCKED route geometry/missing evidence","true","true","attributed observation; exact importer link is not independent corroboration","Face, independent corridor evidence and approved overlay pending. Current numeric source route ID; not field verification."
"mp-route-126854566","route","Done Deal","V0","Mountain Project","mp-route-126854566","Done Deal","V0","","4","mp-area-126854441","mp-area-126854441","https://www.mountainproject.com/route/126854566/done-deal","2026-10-01T18:48:37.429Z","36.15966","-115.41646","BLOCKED route geometry/missing evidence","true","true","attributed observation; exact importer link is not independent corroboration","Face, independent corridor evidence and approved overlay pending. Current numeric source route ID; not field verification."
"mp-route-126854516","route","Done Worse","V0","Mountain Project","mp-route-126854516","Done Worse","V0","","4","mp-area-126854441","mp-area-126854441","https://www.mountainproject.com/route/126854516/done-worse","2026-10-01T18:48:37.743Z","36.15966","-115.41646","BLOCKED route geometry/missing evidence","true","true","attributed observation; exact importer link is not independent corroboration","Face, independent corridor evidence and approved overlay pending. Current numeric source route ID; not field verification."
"mp-route-127185711","route","Delicate Ecosystem","V2+","Mountain Project","mp-route-127185711","Delicate Ecosystem","V2+","","5+","mp-area-127185616","mp-area-127185616","https://www.mountainproject.com/route/127185711/delicate-ecosystem","2026-10-01T18:48:38.045Z","36.1596","-115.41569","BLOCKED route geometry/missing evidence","true","true","attributed observation; exact importer link is not independent corroboration","Face, independent corridor evidence and approved overlay pending. Current numeric source route ID; not field verification."
"mp-route-111338570","route","Butterfly Kiss","V3","Mountain Project","mp-route-111338570","Butterfly Kiss","V3","","6A","mp-area-111338565","mp-area-111338565","https://www.mountainproject.com/route/111338570/butterfly-kiss","2026-10-01T18:48:38.011Z","36.15988","-115.41696","BLOCKED route geometry/missing evidence","true","true","attributed observation; exact importer link is not independent corroboration","Face, independent corridor evidence and approved overlay pending. Current numeric source route ID; not field verification."
"mp-route-111338570","route","Butterfly Kiss","V3","OpenBeta","ob-route-35a79616-6fa6-5937-b1ea-f8b9370687aa","Butterfly Kiss","V3","","6A","ob-area-dc293849-6686-5e3a-b165-484fce4d65d1","mp-area-111338565","https://openbeta.io/climb/35a79616-6fa6-5937-b1ea-f8b9370687aa/butterfly-kiss","2026-10-01T18:49:18.221Z","","","BLOCKED route geometry/missing evidence","true","true","attributed observation; exact importer link is not independent corroboration","Face, independent corridor evidence and approved overlay pending. Exact match to documented OpenBeta importer uuidv5(MP route numeric ID, NIL namespace). Mountain Project import lineage; corroborating source entry does not independently verify route facts."
"mp-route-120213946","route","Crack Right","V1+","Mountain Project","mp-route-120213946","Crack Right","V1+","","5","mp-area-111338565","mp-area-111338565","https://www.mountainproject.com/route/120213946/crack-right","2026-10-01T18:48:38.607Z","36.15988","-115.41696","BLOCKED route geometry/missing evidence","true","true","attributed observation; exact importer link is not independent corroboration","Face, independent corridor evidence and approved overlay pending. Source grades differ; inventory label is provisional, not an averaged grade. Current numeric source route ID; not field verification."
"mp-route-120213946","route","Crack Right","V1+","OpenBeta","ob-route-d6fd321e-ecf6-503a-a039-5df7f986d16b","Crack Right","V1","","5","ob-area-dc293849-6686-5e3a-b165-484fce4d65d1","mp-area-111338565","https://openbeta.io/climb/d6fd321e-ecf6-503a-a039-5df7f986d16b/crack-right","2026-10-01T18:49:18.221Z","","","BLOCKED route geometry/missing evidence","true","true","attributed observation; exact importer link is not independent corroboration","Face, independent corridor evidence and approved overlay pending. Source grades differ; inventory label is provisional, not an averaged grade. Exact match to documented OpenBeta importer uuidv5(MP route numeric ID, NIL namespace). Mountain Project import lineage; corroborating source entry does not independently verify route facts."
"mp-route-120256456","route","Family Feud","V10","Mountain Project","mp-route-120256456","Family Feud","V10","","7C+","mp-area-111338565","mp-area-111338565","https://www.mountainproject.com/route/120256456/family-feud","2026-10-01T18:48:38.071Z","36.15988","-115.41696","BLOCKED route geometry/missing evidence","true","true","attributed observation; exact importer link is not independent corroboration","Face, independent corridor evidence and approved overlay pending. Current numeric source route ID; not field verification."
"mp-route-120256456","route","Family Feud","V10","OpenBeta","ob-route-e54f85ba-255c-5ca6-be8b-b35ecfa1194a","Family Feud","V10","","7C+","ob-area-dc293849-6686-5e3a-b165-484fce4d65d1","mp-area-111338565","https://openbeta.io/climb/e54f85ba-255c-5ca6-be8b-b35ecfa1194a/family-feud","2026-10-01T18:49:18.221Z","","","BLOCKED route geometry/missing evidence","true","true","attributed observation; exact importer link is not independent corroboration","Face, independent corridor evidence and approved overlay pending. Exact match to documented OpenBeta importer uuidv5(MP route numeric ID, NIL namespace). Mountain Project import lineage; corroborating source entry does not independently verify route facts."
"mp-route-113852043","route","Hound Dog Arete","V3-4","Mountain Project","mp-route-113852043","Hound Dog Arete","V3-4","","6A+","mp-area-111338565","mp-area-111338565","https://www.mountainproject.com/route/113852043/hound-dog-arete","2026-10-01T18:48:39.466Z","36.15988","-115.41696","BLOCKED route geometry/missing evidence","true","true","attributed observation; exact importer link is not independent corroboration","Face, independent corridor evidence and approved overlay pending. Current numeric source route ID; not field verification."
"mp-route-113852043","route","Hound Dog Arete","V3-4","OpenBeta","ob-route-b5302f37-126a-5709-a987-646210c26615","Hound Dog Arete","V3-4","","6A+","ob-area-dc293849-6686-5e3a-b165-484fce4d65d1","mp-area-111338565","https://openbeta.io/climb/b5302f37-126a-5709-a987-646210c26615/hound-dog-arete","2026-10-01T18:49:18.221Z","","","BLOCKED route geometry/missing evidence","true","true","attributed observation; exact importer link is not independent corroboration","Face, independent corridor evidence and approved overlay pending. Exact match to documented OpenBeta importer uuidv5(MP route numeric ID, NIL namespace). Mountain Project import lineage; corroborating source entry does not independently verify route facts."
"mp-route-121377194","route","Pink Voltage","V4-5","Mountain Project","mp-route-121377194","Pink Voltage","V4-5","","6B+","mp-area-111338565","mp-area-111338565","https://www.mountainproject.com/route/121377194/pink-voltage","2026-10-01T18:48:38.971Z","36.15988","-115.41696","BLOCKED route geometry/missing evidence","true","true","attributed observation; exact importer link is not independent corroboration","Face, independent corridor evidence and approved overlay pending. Source grades differ; inventory label is provisional, not an averaged grade. Current numeric source route ID; not field verification."
"mp-route-121377194","route","Pink Voltage","V4-5","OpenBeta","ob-route-0bc1cded-de4f-5f35-b819-f6fbd389f518","Pink Voltage","V5-","","6C","ob-area-dc293849-6686-5e3a-b165-484fce4d65d1","mp-area-111338565","https://openbeta.io/climb/0bc1cded-de4f-5f35-b819-f6fbd389f518/pink-voltage","2026-10-01T18:49:18.221Z","","","BLOCKED route geometry/missing evidence","true","true","attributed observation; exact importer link is not independent corroboration","Face, independent corridor evidence and approved overlay pending. Source grades differ; inventory label is provisional, not an averaged grade. Exact match to documented OpenBeta importer uuidv5(MP route numeric ID, NIL namespace). Mountain Project import lineage; corroborating source entry does not independently verify route facts."
"mp-route-121883189","route","Square Arête","V6","Mountain Project","mp-route-121883189","Square Arête","V6","","7A","mp-area-111338565","mp-area-111338565","https://www.mountainproject.com/route/121883189/square-arete","2026-10-01T18:48:39.112Z","36.15988","-115.41696","BLOCKED route geometry/missing evidence","true","true","attributed observation; exact importer link is not independent corroboration","Face, independent corridor evidence and approved overlay pending. Source names differ; exact importer identity links entries, not spelling alone. Current numeric source route ID; not field verification."
"mp-route-121883189","route","Square Arête","V6","OpenBeta","ob-route-db4a4eb7-d58c-5d1e-9a28-db57131929a1","Square Arete","V6","","7A","ob-area-dc293849-6686-5e3a-b165-484fce4d65d1","mp-area-111338565","https://openbeta.io/climb/db4a4eb7-d58c-5d1e-9a28-db57131929a1/square-arete","2026-10-01T18:49:18.221Z","","","BLOCKED route geometry/missing evidence","true","true","attributed observation; exact importer link is not independent corroboration","Face, independent corridor evidence and approved overlay pending. Source names differ; exact importer identity links entries, not spelling alone. Exact match to documented OpenBeta importer uuidv5(MP route numeric ID, NIL namespace). Mountain Project import lineage; corroborating source entry does not independently verify route facts."
"mp-route-122055516","route","Square Arête Low","V8-","Mountain Project","mp-route-122055516","Square Arête Low","V8-","","7B","mp-area-111338565","mp-area-111338565","https://www.mountainproject.com/route/122055516/square-arete-low","2026-10-01T18:48:38.880Z","36.15988","-115.41696","BLOCKED route geometry/missing evidence","true","true","attributed observation; exact importer link is not independent corroboration","Face, independent corridor evidence and approved overlay pending. Current numeric source route ID; not field verification."
"mp-route-119994582","route","F.T.M.P (Feefee's Traverse Memorial Problem)","V0","Mountain Project","mp-route-119994582","F.T.M.P (Feefee's Traverse Memorial Problem)","V0","","4","mp-area-119994404","mp-area-119994404","https://www.mountainproject.com/route/119994582/ftmp-feefees-traverse-memorial-problem","2026-10-01T18:48:39.810Z","36.15962","-115.41647","BLOCKED route geometry/missing evidence","true","true","attributed observation; exact importer link is not independent corroboration","Face, independent corridor evidence and approved overlay pending. Current numeric source route ID; not field verification."
"mp-route-119994582","route","F.T.M.P (Feefee's Traverse Memorial Problem)","V0","OpenBeta","ob-route-323dd87c-fdce-5b1c-8287-8175c58cbdda","F.T.M.P (Feefee's Traverse Memorial Problem)","V0","","4","ob-area-4669af22-461a-5770-904a-1d4590ceef77","mp-area-119994404","https://openbeta.io/climb/323dd87c-fdce-5b1c-8287-8175c58cbdda/ftmp-feefees-traverse-memorial-problem","2026-10-01T18:49:18.225Z","","","BLOCKED route geometry/missing evidence","true","true","attributed observation; exact importer link is not independent corroboration","Face, independent corridor evidence and approved overlay pending. Exact match to documented OpenBeta importer uuidv5(MP route numeric ID, NIL namespace). Mountain Project import lineage; corroborating source entry does not independently verify route facts."
"mp-route-119994468","route","Peggy Man Traverse","V1","Mountain Project","mp-route-119994468","Peggy Man Traverse","V1","","5","mp-area-119994404","mp-area-119994404","https://www.mountainproject.com/route/119994468/peggy-man-traverse","2026-10-01T18:48:39.870Z","36.15962","-115.41647","BLOCKED route geometry/missing evidence","true","true","attributed observation; exact importer link is not independent corroboration","Face, independent corridor evidence and approved overlay pending. Current numeric source route ID; not field verification."
"mp-route-119994468","route","Peggy Man Traverse","V1","OpenBeta","ob-route-4dc7bfa5-84b2-5f3e-8da6-88188d930fd9","Peggy Man Traverse","V1","","5","ob-area-4669af22-461a-5770-904a-1d4590ceef77","mp-area-119994404","https://openbeta.io/climb/4dc7bfa5-84b2-5f3e-8da6-88188d930fd9/peggy-man-traverse","2026-10-01T18:49:18.225Z","","","BLOCKED route geometry/missing evidence","true","true","attributed observation; exact importer link is not independent corroboration","Face, independent corridor evidence and approved overlay pending. Exact match to documented OpenBeta importer uuidv5(MP route numeric ID, NIL namespace). Mountain Project import lineage; corroborating source entry does not independently verify route facts."
"mp-route-107400755","route","Picante Left","V1","Mountain Project","mp-route-107400755","Picante Left","V1","","5","mp-area-107400752","mp-area-107400752","https://www.mountainproject.com/route/107400755/picante-left","2026-10-01T18:48:40.286Z","36.1597","-115.41648","BLOCKED route geometry/missing evidence","true","true","attributed observation; exact importer link is not independent corroboration","Face, independent corridor evidence and approved overlay pending. Current numeric source route ID; not field verification."
"mp-route-107400755","route","Picante Left","V1","OpenBeta","ob-route-7ec6a075-af16-5ad4-ba86-3451ddb732a5","Picante Left","V1","","5","ob-area-5f43634c-0e13-5662-a924-4ad54cae1236","mp-area-107400752","https://openbeta.io/climb/7ec6a075-af16-5ad4-ba86-3451ddb732a5/picante-left","2026-10-01T18:49:17.599Z","","","BLOCKED route geometry/missing evidence","true","true","attributed observation; exact importer link is not independent corroboration","Face, independent corridor evidence and approved overlay pending. Exact match to documented OpenBeta importer uuidv5(MP route numeric ID, NIL namespace). Mountain Project import lineage; corroborating source entry does not independently verify route facts."
"mp-route-121850917","route","Picante Sauce","V0-1","Mountain Project","mp-route-121850917","Picante Sauce","V0-1","","4+","mp-area-107400752","mp-area-107400752","https://www.mountainproject.com/route/121850917/picante-sauce","2026-10-01T18:48:39.755Z","36.1597","-115.41648","BLOCKED route geometry/missing evidence","true","true","attributed observation; exact importer link is not independent corroboration","Face, independent corridor evidence and approved overlay pending. Current numeric source route ID; not field verification."
"mp-route-121850917","route","Picante Sauce","V0-1","OpenBeta","ob-route-088fceaf-81d4-503d-9736-5b9ab1fd8168","Picante Sauce","V0-1","","4+","ob-area-5f43634c-0e13-5662-a924-4ad54cae1236","mp-area-107400752","https://openbeta.io/climb/088fceaf-81d4-503d-9736-5b9ab1fd8168/picante-sauce","2026-10-01T18:49:17.599Z","","","BLOCKED route geometry/missing evidence","true","true","attributed observation; exact importer link is not independent corroboration","Face, independent corridor evidence and approved overlay pending. Exact match to documented OpenBeta importer uuidv5(MP route numeric ID, NIL namespace). Mountain Project import lineage; corroborating source entry does not independently verify route facts."
"mp-route-123736564","route","Cave Left","V5","Mountain Project","mp-route-123736564","Cave Left","V5","","6C","mp-area-105959400","mp-area-105959400","https://www.mountainproject.com/route/123736564/cave-left","2026-10-01T18:48:40.592Z","36.15937","-115.41662","BLOCKED route geometry/missing evidence","true","true","attributed observation; exact importer link is not independent corroboration","Face, independent corridor evidence and approved overlay pending. Current numeric source route ID; not field verification."
"mp-route-113679909","route","Center","V6-7","Mountain Project","mp-route-113679909","Center","V6-7","","7A+","mp-area-105959400","mp-area-105959400","https://www.mountainproject.com/route/113679909/center","2026-10-01T18:48:40.541Z","36.15937","-115.41662","BLOCKED route geometry/missing evidence","true","true","attributed observation; exact importer link is not independent corroboration","Face, independent corridor evidence and approved overlay pending. Current numeric source route ID; not field verification."
"mp-route-113679909","route","Center","V6-7","OpenBeta","ob-route-33a7a7d1-b408-5bf5-a2ca-e15b57b41c0a","Center","V6-7","","7A+","ob-area-0918eace-daa4-5304-82a5-944749e1d260","mp-area-105959400","https://openbeta.io/climb/33a7a7d1-b408-5bf5-a2ca-e15b57b41c0a/center","2026-10-01T18:49:17.625Z","","","BLOCKED route geometry/missing evidence","true","true","attributed observation; exact importer link is not independent corroboration","Face, independent corridor evidence and approved overlay pending. Exact match to documented OpenBeta importer uuidv5(MP route numeric ID, NIL namespace). Mountain Project import lineage; corroborating source entry does not independently verify route facts."
"mp-route-116680131","route","Center Direct","V8","Mountain Project","mp-route-116680131","Center Direct","V8","","7B","mp-area-105959400","mp-area-105959400","https://www.mountainproject.com/route/116680131/center-direct","2026-10-01T18:48:40.557Z","36.15937","-115.41662","BLOCKED route geometry/missing evidence","true","true","attributed observation; exact importer link is not independent corroboration","Face, independent corridor evidence and approved overlay pending. Current numeric source route ID; not field verification."
"mp-route-116680131","route","Center Direct","V8","OpenBeta","ob-route-78f43e0a-2c5f-567a-b8b2-4695e7d8d10c","Center Direct","V8","","7B","ob-area-0918eace-daa4-5304-82a5-944749e1d260","mp-area-105959400","https://openbeta.io/climb/78f43e0a-2c5f-567a-b8b2-4695e7d8d10c/center-direct","2026-10-01T18:49:17.625Z","","","BLOCKED route geometry/missing evidence","true","true","attributed observation; exact importer link is not independent corroboration","Face, independent corridor evidence and approved overlay pending. Exact match to documented OpenBeta importer uuidv5(MP route numeric ID, NIL namespace). Mountain Project import lineage; corroborating source entry does not independently verify route facts."
"mp-route-106650933","route","Full Traverse","V1-2","Mountain Project","mp-route-106650933","Full Traverse","V1-2","","5","mp-area-105959400","mp-area-105959400","https://www.mountainproject.com/route/106650933/full-traverse","2026-10-01T18:48:40.966Z","36.15937","-115.41662","BLOCKED route geometry/missing evidence","true","true","attributed observation; exact importer link is not independent corroboration","Face, independent corridor evidence and approved overlay pending. Current numeric source route ID; not field verification."
"mp-route-106650933","route","Full Traverse","V1-2","OpenBeta","ob-route-13494748-c38f-5e67-b14c-4bcb779c85c4","Full Traverse","V1-2","","5","ob-area-0918eace-daa4-5304-82a5-944749e1d260","mp-area-105959400","https://openbeta.io/climb/13494748-c38f-5e67-b14c-4bcb779c85c4/full-traverse","2026-10-01T18:49:17.625Z","","","BLOCKED route geometry/missing evidence","true","true","attributed observation; exact importer link is not independent corroboration","Face, independent corridor evidence and approved overlay pending. Exact match to documented OpenBeta importer uuidv5(MP route numeric ID, NIL namespace). Mountain Project import lineage; corroborating source entry does not independently verify route facts."
"mp-route-121702822","route","Left of Wald Face","V5+","Mountain Project","mp-route-121702822","Left of Wald Face","V5+","","6C+","mp-area-105959400","mp-area-105959400","https://www.mountainproject.com/route/121702822/left-of-wald-face","2026-10-01T18:48:41.320Z","36.15937","-115.41662","BLOCKED route geometry/missing evidence","true","true","attributed observation; exact importer link is not independent corroboration","Face, independent corridor evidence and approved overlay pending. Source grades differ; inventory label is provisional, not an averaged grade. Source names differ; exact importer identity links entries, not spelling alone. Current numeric source route ID; not field verification."
"mp-route-121702822","route","Left of Wald Face","V5+","OpenBeta","ob-route-c84142f5-3c46-58b8-9cef-b0a6411f9186","left","V5","","6C","ob-area-0918eace-daa4-5304-82a5-944749e1d260","mp-area-105959400","https://openbeta.io/climb/c84142f5-3c46-58b8-9cef-b0a6411f9186/left","2026-10-01T18:49:17.625Z","","","BLOCKED route geometry/missing evidence","true","true","attributed observation; exact importer link is not independent corroboration","Face, independent corridor evidence and approved overlay pending. Source grades differ; inventory label is provisional, not an averaged grade. Source names differ; exact importer identity links entries, not spelling alone. Exact match to documented OpenBeta importer uuidv5(MP route numeric ID, NIL namespace). Mountain Project import lineage; corroborating source entry does not independently verify route facts."
"mp-route-106650925","route","Poker Chips","V0-1","Mountain Project","mp-route-106650925","Poker Chips","V0-1","","4+","mp-area-105959400","mp-area-105959400","https://www.mountainproject.com/route/106650925/poker-chips","2026-10-01T18:48:41.307Z","36.15319","-115.36604","BLOCKED route geometry/missing evidence","true","true","attributed observation; exact importer link is not independent corroboration","Face, independent corridor evidence and approved overlay pending. Current numeric source route ID; not field verification."
"mp-route-106650925","route","Poker Chips","V0-1","OpenBeta","ob-route-759e4874-bcca-5b3c-bd9d-f2af64a043fc","Poker Chips","V0-1","","4+","ob-area-0918eace-daa4-5304-82a5-944749e1d260","mp-area-105959400","https://openbeta.io/climb/759e4874-bcca-5b3c-bd9d-f2af64a043fc/poker-chips","2026-10-01T18:49:17.625Z","","","BLOCKED route geometry/missing evidence","true","true","attributed observation; exact importer link is not independent corroboration","Face, independent corridor evidence and approved overlay pending. Exact match to documented OpenBeta importer uuidv5(MP route numeric ID, NIL namespace). Mountain Project import lineage; corroborating source entry does not independently verify route facts."
"mp-route-106650919","route","Potato Chips","V2","Mountain Project","mp-route-106650919","Potato Chips","V2","","5+","mp-area-105959400","mp-area-105959400","https://www.mountainproject.com/route/106650919/potato-chips","2026-10-01T18:48:41.236Z","36.15931","-115.41666","BLOCKED route geometry/missing evidence","true","true","attributed observation; exact importer link is not independent corroboration","Face, independent corridor evidence and approved overlay pending. Current numeric source route ID; not field verification."
"mp-route-106650919","route","Potato Chips","V2","OpenBeta","ob-route-777126ac-e3be-59ec-9a99-022245ca278b","Potato Chips","V2","","5+","ob-area-0918eace-daa4-5304-82a5-944749e1d260","mp-area-105959400","https://openbeta.io/climb/777126ac-e3be-59ec-9a99-022245ca278b/potato-chips","2026-10-01T18:49:17.625Z","","","BLOCKED route geometry/missing evidence","true","true","attributed observation; exact importer link is not independent corroboration","Face, independent corridor evidence and approved overlay pending. Exact match to documented OpenBeta importer uuidv5(MP route numeric ID, NIL namespace). Mountain Project import lineage; corroborating source entry does not independently verify route facts."
"mp-route-114236573","route","Potato Chips Low","V3+","Mountain Project","mp-route-114236573","Potato Chips Low","V3+","","6A+","mp-area-105959400","mp-area-105959400","https://www.mountainproject.com/route/114236573/potato-chips-low","2026-10-01T18:48:41.616Z","36.15937","-115.41662","BLOCKED route geometry/missing evidence","true","true","attributed observation; exact importer link is not independent corroboration","Face, independent corridor evidence and approved overlay pending. Source grades differ; inventory label is provisional, not an averaged grade. Current numeric source route ID; not field verification."
"mp-route-114236573","route","Potato Chips Low","V3+","OpenBeta","ob-route-5e7b15c8-2369-5912-b92d-63b951062f54","Potato Chips Low","V4-","","6B","ob-area-0918eace-daa4-5304-82a5-944749e1d260","mp-area-105959400","https://openbeta.io/climb/5e7b15c8-2369-5912-b92d-63b951062f54/potato-chips-low","2026-10-01T18:49:17.625Z","","","BLOCKED route geometry/missing evidence","true","true","attributed observation; exact importer link is not independent corroboration","Face, independent corridor evidence and approved overlay pending. Source grades differ; inventory label is provisional, not an averaged grade. Exact match to documented OpenBeta importer uuidv5(MP route numeric ID, NIL namespace). Mountain Project import lineage; corroborating source entry does not independently verify route facts."
"mp-route-108439752","route","Right Lip Traverse","V2","Mountain Project","mp-route-108439752","Right Lip Traverse","V2","","5+","mp-area-105959400","mp-area-105959400","https://www.mountainproject.com/route/108439752/right-lip-traverse","2026-10-01T18:48:42.163Z","36.15937","-115.41662","BLOCKED route geometry/missing evidence","true","true","attributed observation; exact importer link is not independent corroboration","Face, independent corridor evidence and approved overlay pending. Source grades differ; inventory label is provisional, not an averaged grade. Current numeric source route ID; not field verification."
"mp-route-108439752","route","Right Lip Traverse","V2","OpenBeta","ob-route-94c44d89-aad9-5806-8a2a-2adb0abaa23c","Right Lip Traverse","V2-","","5+","ob-area-0918eace-daa4-5304-82a5-944749e1d260","mp-area-105959400","https://openbeta.io/climb/94c44d89-aad9-5806-8a2a-2adb0abaa23c/right-lip-traverse","2026-10-01T18:49:17.625Z","","","BLOCKED route geometry/missing evidence","true","true","attributed observation; exact importer link is not independent corroboration","Face, independent corridor evidence and approved overlay pending. Source grades differ; inventory label is provisional, not an averaged grade. Exact match to documented OpenBeta importer uuidv5(MP route numeric ID, NIL namespace). Mountain Project import lineage; corroborating source entry does not independently verify route facts."
"mp-route-118057327","route","Stale Chips","V4","Mountain Project","mp-route-118057327","Stale Chips","V4","","6B","mp-area-105959400","mp-area-105959400","https://www.mountainproject.com/route/118057327/stale-chips","2026-10-01T18:48:41.885Z","36.15937","-115.41662","BLOCKED route geometry/missing evidence","true","true","attributed observation; exact importer link is not independent corroboration","Face, independent corridor evidence and approved overlay pending. Source grades differ; inventory label is provisional, not an averaged grade. Current numeric source route ID; not field verification."
"mp-route-118057327","route","Stale Chips","V4","OpenBeta","ob-route-63871931-e5a3-5cd4-af37-c5da0641db6d","Stale Chips","V4+","","6B+","ob-area-0918eace-daa4-5304-82a5-944749e1d260","mp-area-105959400","https://openbeta.io/climb/63871931-e5a3-5cd4-af37-c5da0641db6d/stale-chips","2026-10-01T18:49:17.625Z","","","BLOCKED route geometry/missing evidence","true","true","attributed observation; exact importer link is not independent corroboration","Face, independent corridor evidence and approved overlay pending. Source grades differ; inventory label is provisional, not an averaged grade. Exact match to documented OpenBeta importer uuidv5(MP route numeric ID, NIL namespace). Mountain Project import lineage; corroborating source entry does not independently verify route facts."
"mp-route-108731193","route","Wald Face","V2","Mountain Project","mp-route-108731193","Wald Face","V2","","5+","mp-area-105959400","mp-area-105959400","https://www.mountainproject.com/route/108731193/wald-face","2026-10-01T18:48:41.871Z","36.15937","-115.41662","BLOCKED route geometry/missing evidence","true","true","attributed observation; exact importer link is not independent corroboration","Face, independent corridor evidence and approved overlay pending. Current numeric source route ID; not field verification."
"mp-route-108731193","route","Wald Face","V2","OpenBeta","ob-route-18a2f6e6-6209-5783-bc0f-f9599b32b210","Wald Face","V2","","5+","ob-area-0918eace-daa4-5304-82a5-944749e1d260","mp-area-105959400","https://openbeta.io/climb/18a2f6e6-6209-5783-bc0f-f9599b32b210/wald-face","2026-10-01T18:49:17.625Z","","","BLOCKED route geometry/missing evidence","true","true","attributed observation; exact importer link is not independent corroboration","Face, independent corridor evidence and approved overlay pending. Exact match to documented OpenBeta importer uuidv5(MP route numeric ID, NIL namespace). Mountain Project import lineage; corroborating source entry does not independently verify route facts."
"mp-route-116355964","route","Pretzel","V2","Mountain Project","mp-route-116355964","Pretzel","V2","","5+","mp-area-116355933","mp-area-116355933","https://www.mountainproject.com/route/116355964/pretzel","2026-10-01T18:48:42.153Z","36.15968","-115.41673","BLOCKED route geometry/missing evidence","true","true","attributed observation; exact importer link is not independent corroboration","Face, independent corridor evidence and approved overlay pending. Current numeric source route ID; not field verification."
"mp-route-116355964","route","Pretzel","V2","OpenBeta","ob-route-53aaf9d6-d766-59ef-886f-3c576eb67dcb","Pretzel","V2","","5+","ob-area-5b41a2d1-46fd-5479-85fd-042a46a9ad06","mp-area-116355933","https://openbeta.io/climb/53aaf9d6-d766-59ef-886f-3c576eb67dcb/pretzel","2026-10-01T18:49:17.621Z","","","BLOCKED route geometry/missing evidence","true","true","attributed observation; exact importer link is not independent corroboration","Face, independent corridor evidence and approved overlay pending. Exact match to documented OpenBeta importer uuidv5(MP route numeric ID, NIL namespace). Mountain Project import lineage; corroborating source entry does not independently verify route facts."
"mp-route-116355980","route","Pretzel Direct","V4","Mountain Project","mp-route-116355980","Pretzel Direct","V4","","6B","mp-area-116355933","mp-area-116355933","https://www.mountainproject.com/route/116355980/pretzel-direct","2026-10-01T18:48:42.534Z","36.15968","-115.41673","BLOCKED route geometry/missing evidence","true","true","attributed observation; exact importer link is not independent corroboration","Face, independent corridor evidence and approved overlay pending. Current numeric source route ID; not field verification."
"mp-route-116355980","route","Pretzel Direct","V4","OpenBeta","ob-route-2cae17ae-49d2-58f2-b0f7-c2f55a8a74fc","Pretzel Direct","V4","","6B","ob-area-5b41a2d1-46fd-5479-85fd-042a46a9ad06","mp-area-116355933","https://openbeta.io/climb/2cae17ae-49d2-58f2-b0f7-c2f55a8a74fc/pretzel-direct","2026-10-01T18:49:17.621Z","","","BLOCKED route geometry/missing evidence","true","true","attributed observation; exact importer link is not independent corroboration","Face, independent corridor evidence and approved overlay pending. Exact match to documented OpenBeta importer uuidv5(MP route numeric ID, NIL namespace). Mountain Project import lineage; corroborating source entry does not independently verify route facts."
"mp-route-116356026","route","Pretzel Left","V1","Mountain Project","mp-route-116356026","Pretzel Left","V1","","5","mp-area-116355933","mp-area-116355933","https://www.mountainproject.com/route/116356026/pretzel-left","2026-10-01T18:48:42.419Z","36.15968","-115.41673","BLOCKED route geometry/missing evidence","true","true","attributed observation; exact importer link is not independent corroboration","Face, independent corridor evidence and approved overlay pending. Current numeric source route ID; not field verification."
"mp-route-116356026","route","Pretzel Left","V1","OpenBeta","ob-route-ad7cb888-78cb-504f-9df6-80dac5576350","Pretzel Left","V1","","5","ob-area-5b41a2d1-46fd-5479-85fd-042a46a9ad06","mp-area-116355933","https://openbeta.io/climb/ad7cb888-78cb-504f-9df6-80dac5576350/pretzel-left","2026-10-01T18:49:17.621Z","","","BLOCKED route geometry/missing evidence","true","true","attributed observation; exact importer link is not independent corroboration","Face, independent corridor evidence and approved overlay pending. Exact match to documented OpenBeta importer uuidv5(MP route numeric ID, NIL namespace). Mountain Project import lineage; corroborating source entry does not independently verify route facts."
"mp-route-116356013","route","Pretzel Traverse","V6","Mountain Project","mp-route-116356013","Pretzel Traverse","V6","","7A","mp-area-116355933","mp-area-116355933","https://www.mountainproject.com/route/116356013/pretzel-traverse","2026-10-01T18:48:42.513Z","36.15968","-115.41673","BLOCKED route geometry/missing evidence","true","true","attributed observation; exact importer link is not independent corroboration","Face, independent corridor evidence and approved overlay pending. Current numeric source route ID; not field verification."
"mp-route-116356013","route","Pretzel Traverse","V6","OpenBeta","ob-route-b819defa-49c2-5d1e-b695-55a8c787f060","Pretzel Traverse","V6","","7A","ob-area-5b41a2d1-46fd-5479-85fd-042a46a9ad06","mp-area-116355933","https://openbeta.io/climb/b819defa-49c2-5d1e-b695-55a8c787f060/pretzel-traverse","2026-10-01T18:49:17.621Z","","","BLOCKED route geometry/missing evidence","true","true","attributed observation; exact importer link is not independent corroboration","Face, independent corridor evidence and approved overlay pending. Exact match to documented OpenBeta importer uuidv5(MP route numeric ID, NIL namespace). Mountain Project import lineage; corroborating source entry does not independently verify route facts."
"mp-route-123478404","route","Halfpipe Surfer","V1-2","Mountain Project","mp-route-123478404","Halfpipe Surfer","V1-2","","5","mp-area-116107548","mp-area-116107548","https://www.mountainproject.com/route/123478404/halfpipe-surfer","2026-10-01T18:48:42.767Z","36.15979","-115.41618","BLOCKED route geometry/missing evidence","true","true","attributed observation; exact importer link is not independent corroboration","Face, independent corridor evidence and approved overlay pending. Current numeric source route ID; not field verification."
"mp-route-116107567","route","Prowler, The","V5","Mountain Project","mp-route-116107567","Prowler, The","V5","","6C","mp-area-116107548","mp-area-116107548","https://www.mountainproject.com/route/116107567/the-prowler","2026-10-01T18:48:43.115Z","36.15979","-115.41618","BLOCKED route geometry/missing evidence","true","true","attributed observation; exact importer link is not independent corroboration","Face, independent corridor evidence and approved overlay pending. Source names differ; exact importer identity links entries, not spelling alone. Current numeric source route ID; not field verification."
"mp-route-116107567","route","Prowler, The","V5","OpenBeta","ob-route-053038e0-d7d6-52d6-9705-4fce2e80d2de","The Prowler","V5","","6C","ob-area-1119343f-5842-525b-9815-60f749130e0f","mp-area-116107548","https://openbeta.io/climb/053038e0-d7d6-52d6-9705-4fce2e80d2de/the-prowler","2026-10-01T18:49:17.629Z","","","BLOCKED route geometry/missing evidence","true","true","attributed observation; exact importer link is not independent corroboration","Face, independent corridor evidence and approved overlay pending. Source names differ; exact importer identity links entries, not spelling alone. Exact match to documented OpenBeta importer uuidv5(MP route numeric ID, NIL namespace). Mountain Project import lineage; corroborating source entry does not independently verify route facts."
"mp-route-200870118","route","Spence, The","V1-2","Mountain Project","mp-route-200870118","Spence, The","V1-2","","5","mp-area-116107548","mp-area-116107548","https://www.mountainproject.com/route/200870118/the-spence","2026-10-01T18:48:43.294Z","36.15979","-115.41618","BLOCKED route geometry/missing evidence","true","true","attributed observation; exact importer link is not independent corroboration","Face, independent corridor evidence and approved overlay pending. Current numeric source route ID; not field verification."
"mp-route-110224461","route","Belly Flop","V5","Mountain Project","mp-route-110224461","Belly Flop","V5","","6C","mp-area-110224264","mp-area-110224264","https://www.mountainproject.com/route/110224461/belly-flop","2026-10-01T18:48:43.097Z","36.16001","-115.41766","BLOCKED route geometry/missing evidence","true","true","attributed observation; exact importer link is not independent corroboration","Face, independent corridor evidence and approved overlay pending. Current numeric source route ID; not field verification."
"mp-route-110224461","route","Belly Flop","V5","OpenBeta","ob-route-2fb82a76-b622-5969-8075-45c34bdeeb78","Belly Flop","V5","","6C","ob-area-f215e8b5-06c9-5a0b-b280-0fd36d9cd4c4","mp-area-110224264","https://openbeta.io/climb/2fb82a76-b622-5969-8075-45c34bdeeb78/belly-flop","2026-10-01T18:49:11.582Z","","","BLOCKED route geometry/missing evidence","true","true","attributed observation; exact importer link is not independent corroboration","Face, independent corridor evidence and approved overlay pending. Exact match to documented OpenBeta importer uuidv5(MP route numeric ID, NIL namespace). Mountain Project import lineage; corroborating source entry does not independently verify route facts."
"mp-route-110224426","route","Front Right Mantle","V2","Mountain Project","mp-route-110224426","Front Right Mantle","V2","","5+","mp-area-110224264","mp-area-110224264","https://www.mountainproject.com/route/110224426/front-right-mantle","2026-10-01T18:48:43.176Z","36.16001","-115.41766","BLOCKED route geometry/missing evidence","true","true","attributed observation; exact importer link is not independent corroboration","Face, independent corridor evidence and approved overlay pending. Current numeric source route ID; not field verification."
"mp-route-110224426","route","Front Right Mantle","V2","OpenBeta","ob-route-61b2a231-01c5-584e-9dca-26fcdf79f0a2","Front Right Mantle","V2","","5+","ob-area-f215e8b5-06c9-5a0b-b280-0fd36d9cd4c4","mp-area-110224264","https://openbeta.io/climb/61b2a231-01c5-584e-9dca-26fcdf79f0a2/front-right-mantle","2026-10-01T18:49:11.582Z","","","BLOCKED route geometry/missing evidence","true","true","attributed observation; exact importer link is not independent corroboration","Face, independent corridor evidence and approved overlay pending. Exact match to documented OpenBeta importer uuidv5(MP route numeric ID, NIL namespace). Mountain Project import lineage; corroborating source entry does not independently verify route facts."
"mp-route-123223333","route","Say Uncle","V8","Mountain Project","mp-route-123223333","Say Uncle","V8","","7B","mp-area-110224264","mp-area-110224264","https://www.mountainproject.com/route/123223333/say-uncle","2026-10-01T18:48:43.557Z","36.16001","-115.41766","BLOCKED route geometry/missing evidence","true","true","attributed observation; exact importer link is not independent corroboration","Face, independent corridor evidence and approved overlay pending. Current numeric source route ID; not field verification."
"mp-route-110224268","route","Shady Lady","V2","Mountain Project","mp-route-110224268","Shady Lady","V2","","5+","mp-area-110224264","mp-area-110224264","https://www.mountainproject.com/route/110224268/shady-lady","2026-10-01T18:48:43.561Z","36.16001","-115.41766","BLOCKED route geometry/missing evidence","true","true","attributed observation; exact importer link is not independent corroboration","Face, independent corridor evidence and approved overlay pending. Source names differ; exact importer identity links entries, not spelling alone. Current numeric source route ID; not field verification."
"mp-route-110224268","route","Shady Lady","V2","OpenBeta","ob-route-70d577c2-5aa5-5376-ba6e-f204240f8a82","Shady lady","V2","","5+","ob-area-f215e8b5-06c9-5a0b-b280-0fd36d9cd4c4","mp-area-110224264","https://openbeta.io/climb/70d577c2-5aa5-5376-ba6e-f204240f8a82/shady-lady","2026-10-01T18:49:11.582Z","","","BLOCKED route geometry/missing evidence","true","true","attributed observation; exact importer link is not independent corroboration","Face, independent corridor evidence and approved overlay pending. Source names differ; exact importer identity links entries, not spelling alone. Exact match to documented OpenBeta importer uuidv5(MP route numeric ID, NIL namespace). Mountain Project import lineage; corroborating source entry does not independently verify route facts."
"mp-route-110224293","route","South Arete","V0-1","Mountain Project","mp-route-110224293","South Arete","V0-1","","4+","mp-area-110224264","mp-area-110224264","https://www.mountainproject.com/route/110224293/south-arete","2026-10-01T18:48:43.550Z","36.16001","-115.41766","BLOCKED route geometry/missing evidence","true","true","attributed observation; exact importer link is not independent corroboration","Face, independent corridor evidence and approved overlay pending. Current numeric source route ID; not field verification."
"mp-route-110224293","route","South Arete","V0-1","OpenBeta","ob-route-c1cde7b5-c63e-542f-b992-3e77a61ef36d","South Arete","V0-1","","4+","ob-area-f215e8b5-06c9-5a0b-b280-0fd36d9cd4c4","mp-area-110224264","https://openbeta.io/climb/c1cde7b5-c63e-542f-b992-3e77a61ef36d/south-arete","2026-10-01T18:49:11.582Z","","","BLOCKED route geometry/missing evidence","true","true","attributed observation; exact importer link is not independent corroboration","Face, independent corridor evidence and approved overlay pending. Exact match to documented OpenBeta importer uuidv5(MP route numeric ID, NIL namespace). Mountain Project import lineage; corroborating source entry does not independently verify route facts."
"mp-route-123223360","route","Super Slap","V7","Mountain Project","mp-route-123223360","Super Slap","V7","","7A+","mp-area-110224264","mp-area-110224264","https://www.mountainproject.com/route/123223360/super-slap","2026-10-01T18:48:43.943Z","36.16001","-115.41766","BLOCKED route geometry/missing evidence","true","true","attributed observation; exact importer link is not independent corroboration","Face, independent corridor evidence and approved overlay pending. Current numeric source route ID; not field verification."
"mp-route-110224441","route","Uncle Dirt Nap","V4","Mountain Project","mp-route-110224441","Uncle Dirt Nap","V4","","6B","mp-area-110224264","mp-area-110224264","https://www.mountainproject.com/route/110224441/uncle-dirt-nap","2026-10-01T18:48:44.249Z","36.16001","-115.41766","BLOCKED route geometry/missing evidence","true","true","attributed observation; exact importer link is not independent corroboration","Face, independent corridor evidence and approved overlay pending. Current numeric source route ID; not field verification."
"mp-route-110224441","route","Uncle Dirt Nap","V4","OpenBeta","ob-route-f5510e39-508e-5e4c-8ba6-505c3fb366cf","Uncle Dirt Nap","V4","","6B","ob-area-f215e8b5-06c9-5a0b-b280-0fd36d9cd4c4","mp-area-110224264","https://openbeta.io/climb/f5510e39-508e-5e4c-8ba6-505c3fb366cf/uncle-dirt-nap","2026-10-01T18:49:11.582Z","","","BLOCKED route geometry/missing evidence","true","true","attributed observation; exact importer link is not independent corroboration","Face, independent corridor evidence and approved overlay pending. Exact match to documented OpenBeta importer uuidv5(MP route numeric ID, NIL namespace). Mountain Project import lineage; corroborating source entry does not independently verify route facts."
"mp-route-200632114","route","Backside","V0","Mountain Project","mp-route-200632114","Backside","V0","","4","mp-area-113973264","mp-area-113973264","https://www.mountainproject.com/route/200632114/backside","2026-10-01T18:48:44.300Z","36.16013","-115.41808","BLOCKED route geometry/missing evidence","true","true","attributed observation; exact importer link is not independent corroboration","Face, independent corridor evidence and approved overlay pending. Current numeric source route ID; not field verification."
"mp-route-117283318","route","Flush it","V1-","Mountain Project","mp-route-117283318","Flush it","V1-","","5-","mp-area-113973264","mp-area-113973264","https://www.mountainproject.com/route/117283318/flush-it","2026-10-01T18:48:44.220Z","36.16013","-115.41808","BLOCKED route geometry/missing evidence","true","true","attributed observation; exact importer link is not independent corroboration","Face, independent corridor evidence and approved overlay pending. Current numeric source route ID; not field verification."
"mp-route-117283318","route","Flush it","V1-","OpenBeta","ob-route-40174e5c-5b1a-5c6d-b9a8-726afe34eea4","Flush it","V1-","","5-","ob-area-2ab636bc-4071-5e5d-85fe-5c9f970f8901","mp-area-113973264","https://openbeta.io/climb/40174e5c-5b1a-5c6d-b9a8-726afe34eea4/flush-it","2026-10-01T18:49:16.767Z","","","BLOCKED route geometry/missing evidence","true","true","attributed observation; exact importer link is not independent corroboration","Face, independent corridor evidence and approved overlay pending. Exact match to documented OpenBeta importer uuidv5(MP route numeric ID, NIL namespace). Mountain Project import lineage; corroborating source entry does not independently verify route facts."
"mp-route-113994538","route","Shitter Direct, The","V2","Mountain Project","mp-route-113994538","Shitter Direct, The","V2","","5+","mp-area-113973264","mp-area-113973264","https://www.mountainproject.com/route/113994538/the-shitter-direct","2026-10-01T18:48:44.547Z","36.16013","-115.41808","BLOCKED route geometry/missing evidence","true","true","attributed observation; exact importer link is not independent corroboration","Face, independent corridor evidence and approved overlay pending. Source names differ; exact importer identity links entries, not spelling alone. Current numeric source route ID; not field verification."
"mp-route-113994538","route","Shitter Direct, The","V2","OpenBeta","ob-route-c6e334c7-f271-52e2-a863-b8305a1ade33","The Shitter Direct","V2","","5+","ob-area-2ab636bc-4071-5e5d-85fe-5c9f970f8901","mp-area-113973264","https://openbeta.io/climb/c6e334c7-f271-52e2-a863-b8305a1ade33/the-shitter-direct","2026-10-01T18:49:16.767Z","","","BLOCKED route geometry/missing evidence","true","true","attributed observation; exact importer link is not independent corroboration","Face, independent corridor evidence and approved overlay pending. Source names differ; exact importer identity links entries, not spelling alone. Exact match to documented OpenBeta importer uuidv5(MP route numeric ID, NIL namespace). Mountain Project import lineage; corroborating source entry does not independently verify route facts."
"mp-route-126016410","route","Grand Traverse","V2-3","Mountain Project","mp-route-126016410","Grand Traverse","V2-3","","5+","mp-area-126016123","mp-area-126016123","https://www.mountainproject.com/route/126016410/grand-traverse","2026-10-01T18:48:44.847Z","36.15918","-115.41693","BLOCKED route geometry/missing evidence","true","true","attributed observation; exact importer link is not independent corroboration","Face, independent corridor evidence and approved overlay pending. Current numeric source route ID; not field verification."
"mp-route-126016220","route","Left","V2-3","Mountain Project","mp-route-126016220","Left","V2-3","","5+","mp-area-126016123","mp-area-126016123","https://www.mountainproject.com/route/126016220/left","2026-10-01T18:48:44.776Z","36.15918","-115.41693","BLOCKED route geometry/missing evidence","true","true","attributed observation; exact importer link is not independent corroboration","Face, independent corridor evidence and approved overlay pending. Current numeric source route ID; not field verification."
"mp-route-126784057","route","Poppa Squat","V2-3","Mountain Project","mp-route-126784057","Poppa Squat","V2-3","","5+","mp-area-126016123","mp-area-126016123","https://www.mountainproject.com/route/126784057/poppa-squat","2026-10-01T18:48:44.884Z","36.15918","-115.41693","BLOCKED route geometry/missing evidence","true","true","attributed observation; exact importer link is not independent corroboration","Face, independent corridor evidence and approved overlay pending. Current numeric source route ID; not field verification."
"mp-route-118192401","route","Right V1","V1","Mountain Project","mp-route-118192401","Right V1","V1","","5","mp-area-126016123","mp-area-126016123","https://www.mountainproject.com/route/118192401/right-v1","2026-10-01T18:48:45.136Z","36.15918","-115.41693","BLOCKED identity/conflict","true","true","attributed observation; exact importer link is not independent corroboration","Face, independent corridor evidence and approved overlay pending. Current MP and OpenBeta source parents conflict. Current numeric source route ID; not field verification."
"mp-route-118192401","route","Right V1","V1","OpenBeta","ob-route-4a8dc4fe-5ccd-50cf-959d-b7d439d159b5","Right V1","V1","","5","ob-area-fd409330-0964-529e-badd-7e6492fd1bd8","mp-area-106657477","https://openbeta.io/climb/4a8dc4fe-5ccd-50cf-959d-b7d439d159b5/right-v1","2026-10-01T18:49:11.228Z","","","BLOCKED identity/conflict","true","true","attributed observation; exact importer link is not independent corroboration","Face, independent corridor evidence and approved overlay pending. Current MP and OpenBeta source parents conflict. Exact match to documented OpenBeta importer uuidv5(MP route numeric ID, NIL namespace). Mountain Project import lineage; corroborating source entry does not independently verify route facts."
"mp-route-106617793","route","Front Side Crack","V0","Mountain Project","mp-route-106617793","Front Side Crack","V0","5.8","4","mp-area-105959392","mp-area-105959392","https://www.mountainproject.com/route/106617793/front-side-crack","2026-10-01T18:48:45.538Z","45.64115","-111.00098","BLOCKED route geometry/missing evidence","true","true","attributed observation; exact importer link is not independent corroboration","Face, independent corridor evidence and approved overlay pending. Source names differ; exact importer identity links entries, not spelling alone. Current numeric source route ID; not field verification."
"mp-route-106617793","route","Front Side Crack","V0","OpenBeta","ob-route-3086a50f-0240-53c9-9350-a5177726073a","Plumbers Crack (North side chimney)","5.8","5.8","","ob-area-6b5eaf89-4194-5d74-84e3-4d0bdaa65429","mp-area-105959392","https://openbeta.io/climb/3086a50f-0240-53c9-9350-a5177726073a/plumbers-crack-north-side-chimney","2026-10-01T18:50:23.751Z","","","BLOCKED route geometry/missing evidence","true","true","attributed observation; exact importer link is not independent corroboration","Face, independent corridor evidence and approved overlay pending. Source names differ; exact importer identity links entries, not spelling alone. Exact match to documented OpenBeta importer uuidv5(MP route numeric ID, NIL namespace). Mountain Project import lineage; corroborating source entry does not independently verify route facts."
"mp-route-106629920","route","Leaning Wide Crack","V1","Mountain Project","mp-route-106629920","Leaning Wide Crack","V1","5.9","5","mp-area-105959392","mp-area-105959392","https://www.mountainproject.com/route/106629920/leaning-wide-crack","2026-10-01T18:48:45.672Z","36.15993","-115.41713","BLOCKED route geometry/missing evidence","true","true","attributed observation; exact importer link is not independent corroboration","Face, independent corridor evidence and approved overlay pending. Current numeric source route ID; not field verification."
"mp-route-106629920","route","Leaning Wide Crack","V1","OpenBeta","ob-route-9b4a4adf-42bc-53bb-a42e-fed10b9c5b40","Leaning Wide Crack","5.9","5.9","","ob-area-6b5eaf89-4194-5d74-84e3-4d0bdaa65429","mp-area-105959392","https://openbeta.io/climb/9b4a4adf-42bc-53bb-a42e-fed10b9c5b40/leaning-wide-crack","2026-10-01T18:50:23.751Z","","","BLOCKED route geometry/missing evidence","true","true","attributed observation; exact importer link is not independent corroboration","Face, independent corridor evidence and approved overlay pending. Exact match to documented OpenBeta importer uuidv5(MP route numeric ID, NIL namespace). Mountain Project import lineage; corroborating source entry does not independently verify route facts."
"mp-route-116385877","route","Mole, The","V7","Mountain Project","mp-route-116385877","Mole, The","V7","","7A+","mp-area-105959392","mp-area-105959392","https://www.mountainproject.com/route/116385877/the-mole","2026-10-01T18:48:45.387Z","36.15993","-115.41713","BLOCKED route geometry/missing evidence","true","true","attributed observation; exact importer link is not independent corroboration","Face, independent corridor evidence and approved overlay pending. Source names differ; exact importer identity links entries, not spelling alone. Current numeric source route ID; not field verification."
"mp-route-116385877","route","Mole, The","V7","OpenBeta","ob-route-6919b71e-c8b0-5703-a716-f118b77cbdd7","The Mole","V7","","7A+","ob-area-6b5eaf89-4194-5d74-84e3-4d0bdaa65429","mp-area-105959392","https://openbeta.io/climb/6919b71e-c8b0-5703-a716-f118b77cbdd7/the-mole","2026-10-01T18:50:23.751Z","","","BLOCKED route geometry/missing evidence","true","true","attributed observation; exact importer link is not independent corroboration","Face, independent corridor evidence and approved overlay pending. Source names differ; exact importer identity links entries, not spelling alone. Exact match to documented OpenBeta importer uuidv5(MP route numeric ID, NIL namespace). Mountain Project import lineage; corroborating source entry does not independently verify route facts."
"mp-route-107974947","route","Phazed (a.k.a. The Hole)","V10-11","Mountain Project","mp-route-107974947","Phazed (a.k.a. The Hole)","V10-11","","8A","mp-area-105959392","mp-area-105959392","https://www.mountainproject.com/route/107974947/phazed-aka-the-hole","2026-10-01T18:48:45.539Z","36.15993","-115.41713","BLOCKED route geometry/missing evidence","true","true","attributed observation; exact importer link is not independent corroboration","Face, independent corridor evidence and approved overlay pending. Current numeric source route ID; not field verification."
"mp-route-107974947","route","Phazed (a.k.a. The Hole)","V10-11","OpenBeta","ob-route-e95f543e-f35e-5ae8-a192-fb13f207e0a2","Phazed (a.k.a. The Hole)","V10-11","","8A","ob-area-6b5eaf89-4194-5d74-84e3-4d0bdaa65429","mp-area-105959392","https://openbeta.io/climb/e95f543e-f35e-5ae8-a192-fb13f207e0a2/phazed-aka-the-hole","2026-10-01T18:50:23.751Z","","","BLOCKED route geometry/missing evidence","true","true","attributed observation; exact importer link is not independent corroboration","Face, independent corridor evidence and approved overlay pending. Exact match to documented OpenBeta importer uuidv5(MP route numeric ID, NIL namespace). Mountain Project import lineage; corroborating source entry does not independently verify route facts."
"mp-route-107185645","route","Plumber's Crack","V2","Mountain Project","mp-route-107185645","Plumber's Crack","V2","5.9","5+","mp-area-105959392","mp-area-105959392","https://www.mountainproject.com/route/107185645/plumbers-crack","2026-10-01T18:48:45.941Z","36.15675","-115.42212","BLOCKED route geometry/missing evidence","true","true","attributed observation; exact importer link is not independent corroboration","Face, independent corridor evidence and approved overlay pending. Current numeric source route ID; not field verification."
"mp-route-107185645","route","Plumber's Crack","V2","OpenBeta","ob-route-d98a98e7-029b-51c4-869e-b8831f199b06","Plumber's Crack","5.9","5.9","","ob-area-6b5eaf89-4194-5d74-84e3-4d0bdaa65429","mp-area-105959392","https://openbeta.io/climb/d98a98e7-029b-51c4-869e-b8831f199b06/plumbers-crack","2026-10-01T18:50:23.751Z","","","BLOCKED route geometry/missing evidence","true","true","attributed observation; exact importer link is not independent corroboration","Face, independent corridor evidence and approved overlay pending. Exact match to documented OpenBeta importer uuidv5(MP route numeric ID, NIL namespace). Mountain Project import lineage; corroborating source entry does not independently verify route facts."
"mp-route-123599243","route","Plumber’s Crack Traverse","V10","Mountain Project","mp-route-123599243","Plumber’s Crack Traverse","V10","","7C+","mp-area-105959392","mp-area-105959392","https://www.mountainproject.com/route/123599243/plumbers-crack-traverse","2026-10-01T18:48:45.956Z","36.15993","-115.41713","BLOCKED route geometry/missing evidence","true","true","attributed observation; exact importer link is not independent corroboration","Face, independent corridor evidence and approved overlay pending. Current numeric source route ID; not field verification."
"mp-route-107974932","route","Slice N Dice","V9","Mountain Project","mp-route-107974932","Slice N Dice","V9","","7C","mp-area-105959392","mp-area-105959392","https://www.mountainproject.com/route/107974932/slice-n-dice","2026-10-01T18:48:46.191Z","36.15993","-115.41713","BLOCKED route geometry/missing evidence","true","true","attributed observation; exact importer link is not independent corroboration","Face, independent corridor evidence and approved overlay pending. Current numeric source route ID; not field verification."
"mp-route-107974932","route","Slice N Dice","V9","OpenBeta","ob-route-00f542f3-a861-5355-afae-18e9b66d19c9","Slice N Dice","V9","","7C","ob-area-6b5eaf89-4194-5d74-84e3-4d0bdaa65429","mp-area-105959392","https://openbeta.io/climb/00f542f3-a861-5355-afae-18e9b66d19c9/slice-n-dice","2026-10-01T18:50:23.751Z","","","BLOCKED route geometry/missing evidence","true","true","attributed observation; exact importer link is not independent corroboration","Face, independent corridor evidence and approved overlay pending. Exact match to documented OpenBeta importer uuidv5(MP route numeric ID, NIL namespace). Mountain Project import lineage; corroborating source entry does not independently verify route facts."
"mp-route-110174865","route","Split Decision","V1","Mountain Project","mp-route-110174865","Split Decision","V1","","5","mp-area-105959392","mp-area-105959392","https://www.mountainproject.com/route/110174865/split-decision","2026-10-01T18:48:45.987Z","36.15993","-115.41713","BLOCKED route geometry/missing evidence","true","true","attributed observation; exact importer link is not independent corroboration","Face, independent corridor evidence and approved overlay pending. Current numeric source route ID; not field verification."
"mp-route-110174865","route","Split Decision","V1","OpenBeta","ob-route-7027749e-b401-585f-a811-37d3e09ddb26","Split Decision","V1","","5","ob-area-6b5eaf89-4194-5d74-84e3-4d0bdaa65429","mp-area-105959392","https://openbeta.io/climb/7027749e-b401-585f-a811-37d3e09ddb26/split-decision","2026-10-01T18:50:23.751Z","","","BLOCKED route geometry/missing evidence","true","true","attributed observation; exact importer link is not independent corroboration","Face, independent corridor evidence and approved overlay pending. Exact match to documented OpenBeta importer uuidv5(MP route numeric ID, NIL namespace). Mountain Project import lineage; corroborating source entry does not independently verify route facts."
"mp-route-115968255","route","Split Decision Sit","V5","Mountain Project","mp-route-115968255","Split Decision Sit","V5","","6C","mp-area-105959392","mp-area-105959392","https://www.mountainproject.com/route/115968255/split-decision-sit","2026-10-01T18:48:46.815Z","36.15993","-115.41713","BLOCKED route geometry/missing evidence","true","true","attributed observation; exact importer link is not independent corroboration","Face, independent corridor evidence and approved overlay pending. Current numeric source route ID; not field verification."
"mp-route-115968255","route","Split Decision Sit","V5","OpenBeta","ob-route-a083d06e-b76f-5d07-ba1d-a8abf9bbff3a","Split Decision Sit","V5","","6C","ob-area-6b5eaf89-4194-5d74-84e3-4d0bdaa65429","mp-area-105959392","https://openbeta.io/climb/a083d06e-b76f-5d07-ba1d-a8abf9bbff3a/split-decision-sit","2026-10-01T18:50:23.751Z","","","BLOCKED route geometry/missing evidence","true","true","attributed observation; exact importer link is not independent corroboration","Face, independent corridor evidence and approved overlay pending. Exact match to documented OpenBeta importer uuidv5(MP route numeric ID, NIL namespace). Mountain Project import lineage; corroborating source entry does not independently verify route facts."
"mp-route-202695721","route","No Big Dill","V7","Mountain Project","mp-route-202695721","No Big Dill","V7","","7A+","mp-area-202292980","mp-area-202292980","https://www.mountainproject.com/route/202695721/no-big-dill","2026-10-01T18:48:46.494Z","36.16079","-115.4175","BLOCKED route geometry/missing evidence","true","true","attributed observation; exact importer link is not independent corroboration","Face, independent corridor evidence and approved overlay pending. Current numeric source route ID; not field verification."
"mp-route-202292987","route","Split Brick Chimney","V0","Mountain Project","mp-route-202292987","Split Brick Chimney","V0","","4","mp-area-202292980","mp-area-202292980","https://www.mountainproject.com/route/202292987/split-brick-chimney","2026-10-01T18:48:46.441Z","36.16079","-115.4175","BLOCKED route geometry/missing evidence","true","true","attributed observation; exact importer link is not independent corroboration","Face, independent corridor evidence and approved overlay pending. Current numeric source route ID; not field verification."
"mp-route-108737225","route","Backside Left Crack","V0-","Mountain Project","mp-route-108737225","Backside Left Crack","V0-","","4-","mp-area-107430991","mp-area-107430991","https://www.mountainproject.com/route/108737225/backside-left-crack","2026-10-01T18:48:46.503Z","36.1597","-115.4171","BLOCKED route geometry/missing evidence","true","true","attributed observation; exact importer link is not independent corroboration","Face, independent corridor evidence and approved overlay pending. Current numeric source route ID; not field verification."
"mp-route-108737225","route","Backside Left Crack","V0-","OpenBeta","ob-route-acebb940-1a2b-574a-b5e6-b8f16427c54a","Backside Left Crack","V0-","","4-","ob-area-3dd093bf-c198-5c99-9d86-a676f84cdc40","mp-area-107430991","https://openbeta.io/climb/acebb940-1a2b-574a-b5e6-b8f16427c54a/backside-left-crack","2026-10-01T18:49:11.560Z","","","BLOCKED route geometry/missing evidence","true","true","attributed observation; exact importer link is not independent corroboration","Face, independent corridor evidence and approved overlay pending. Exact match to documented OpenBeta importer uuidv5(MP route numeric ID, NIL namespace). Mountain Project import lineage; corroborating source entry does not independently verify route facts."
"mp-route-108737232","route","Backside Right Crack","V2","Mountain Project","mp-route-108737232","Backside Right Crack","V2","","5+","mp-area-107430991","mp-area-107430991","https://www.mountainproject.com/route/108737232/backside-right-crack","2026-10-01T18:48:47.107Z","36.1597","-115.4171","BLOCKED route geometry/missing evidence","true","true","attributed observation; exact importer link is not independent corroboration","Face, independent corridor evidence and approved overlay pending. Current numeric source route ID; not field verification."
"mp-route-108737232","route","Backside Right Crack","V2","OpenBeta","ob-route-4c278527-86a4-519b-962f-29279a3ceb8c","Backside Right Crack","V2","","5+","ob-area-3dd093bf-c198-5c99-9d86-a676f84cdc40","mp-area-107430991","https://openbeta.io/climb/4c278527-86a4-519b-962f-29279a3ceb8c/backside-right-crack","2026-10-01T18:49:11.560Z","","","BLOCKED route geometry/missing evidence","true","true","attributed observation; exact importer link is not independent corroboration","Face, independent corridor evidence and approved overlay pending. Exact match to documented OpenBeta importer uuidv5(MP route numeric ID, NIL namespace). Mountain Project import lineage; corroborating source entry does not independently verify route facts."
"mp-route-123326041","route","Coors Light","V7","Mountain Project","mp-route-123326041","Coors Light","V7","","7A+","mp-area-107430991","mp-area-107430991","https://www.mountainproject.com/route/123326041/coors-light","2026-10-01T18:48:47.130Z","36.1597","-115.4171","BLOCKED route geometry/missing evidence","true","true","attributed observation; exact importer link is not independent corroboration","Face, independent corridor evidence and approved overlay pending. Current numeric source route ID; not field verification."
"mp-route-107431035","route","Crack, The","V0-1","Mountain Project","mp-route-107431035","Crack, The","V0-1","","4+","mp-area-107430991","mp-area-107430991","https://www.mountainproject.com/route/107431035/the-crack","2026-10-01T18:48:47.047Z","36.1597","-115.4171","BLOCKED route geometry/missing evidence","true","true","attributed observation; exact importer link is not independent corroboration","Face, independent corridor evidence and approved overlay pending. Source names differ; exact importer identity links entries, not spelling alone. Current numeric source route ID; not field verification."
"mp-route-107431035","route","Crack, The","V0-1","OpenBeta","ob-route-ef7be260-3844-5594-b5ea-a3a1d8d8ad8e","The Crack","V0-1","","4+","ob-area-3dd093bf-c198-5c99-9d86-a676f84cdc40","mp-area-107430991","https://openbeta.io/climb/ef7be260-3844-5594-b5ea-a3a1d8d8ad8e/the-crack","2026-10-01T18:49:11.560Z","","","BLOCKED route geometry/missing evidence","true","true","attributed observation; exact importer link is not independent corroboration","Face, independent corridor evidence and approved overlay pending. Source names differ; exact importer identity links entries, not spelling alone. Exact match to documented OpenBeta importer uuidv5(MP route numeric ID, NIL namespace). Mountain Project import lineage; corroborating source entry does not independently verify route facts."
"mp-route-107430996","route","Front Center","V1","Mountain Project","mp-route-107430996","Front Center","V1","","5","mp-area-107430991","mp-area-107430991","https://www.mountainproject.com/route/107430996/front-center","2026-10-01T18:48:47.096Z","36.1597","-115.4171","BLOCKED route geometry/missing evidence","true","true","attributed observation; exact importer link is not independent corroboration","Face, independent corridor evidence and approved overlay pending. Current numeric source route ID; not field verification."
"mp-route-107430996","route","Front Center","V1","OpenBeta","ob-route-8ffef116-1013-538f-8ed8-7564893b5c68","Front Center","V1","","5","ob-area-3dd093bf-c198-5c99-9d86-a676f84cdc40","mp-area-107430991","https://openbeta.io/climb/8ffef116-1013-538f-8ed8-7564893b5c68/front-center","2026-10-01T18:49:11.560Z","","","BLOCKED route geometry/missing evidence","true","true","attributed observation; exact importer link is not independent corroboration","Face, independent corridor evidence and approved overlay pending. Exact match to documented OpenBeta importer uuidv5(MP route numeric ID, NIL namespace). Mountain Project import lineage; corroborating source entry does not independently verify route facts."
"mp-route-107431022","route","Front Left","V2-","Mountain Project","mp-route-107431022","Front Left","V2-","","5+","mp-area-107430991","mp-area-107430991","https://www.mountainproject.com/route/107431022/front-left","2026-10-01T18:48:47.499Z","36.1597","-115.4171","BLOCKED route geometry/missing evidence","true","true","attributed observation; exact importer link is not independent corroboration","Face, independent corridor evidence and approved overlay pending. Current numeric source route ID; not field verification."
"mp-route-107431022","route","Front Left","V2-","OpenBeta","ob-route-1cf620da-bd95-5e30-89e6-d92d81281e92","Front Left","V2-","","5+","ob-area-3dd093bf-c198-5c99-9d86-a676f84cdc40","mp-area-107430991","https://openbeta.io/climb/1cf620da-bd95-5e30-89e6-d92d81281e92/front-left","2026-10-01T18:49:11.560Z","","","BLOCKED route geometry/missing evidence","true","true","attributed observation; exact importer link is not independent corroboration","Face, independent corridor evidence and approved overlay pending. Exact match to documented OpenBeta importer uuidv5(MP route numeric ID, NIL namespace). Mountain Project import lineage; corroborating source entry does not independently verify route facts."
"mp-route-108741870","route","Pinnacle Behind Super Scream","V0","Mountain Project","mp-route-108741870","Pinnacle Behind Super Scream","V0","","4","mp-area-107430991","mp-area-107430991","https://www.mountainproject.com/route/108741870/pinnacle-behind-super-scream","2026-10-01T18:48:47.395Z","36.1597","-115.4171","BLOCKED route geometry/missing evidence","true","true","attributed observation; exact importer link is not independent corroboration","Face, independent corridor evidence and approved overlay pending. Current numeric source route ID; not field verification."
"mp-route-108741870","route","Pinnacle Behind Super Scream","V0","OpenBeta","ob-route-ff71b095-66d9-5079-88dd-83915e837584","Pinnacle Behind Super Scream","V0","","4","ob-area-3dd093bf-c198-5c99-9d86-a676f84cdc40","mp-area-107430991","https://openbeta.io/climb/ff71b095-66d9-5079-88dd-83915e837584/pinnacle-behind-super-scream","2026-10-01T18:49:11.560Z","","","BLOCKED route geometry/missing evidence","true","true","attributed observation; exact importer link is not independent corroboration","Face, independent corridor evidence and approved overlay pending. Exact match to documented OpenBeta importer uuidv5(MP route numeric ID, NIL namespace). Mountain Project import lineage; corroborating source entry does not independently verify route facts."
"mp-route-107431004","route","Right Arete","V4","Mountain Project","mp-route-107431004","Right Arete","V4","","6B","mp-area-107430991","mp-area-107430991","https://www.mountainproject.com/route/107431004/right-arete","2026-10-01T18:48:47.372Z","36.1597","-115.4171","BLOCKED route geometry/missing evidence","true","true","attributed observation; exact importer link is not independent corroboration","Face, independent corridor evidence and approved overlay pending. Current numeric source route ID; not field verification."
"mp-route-107431004","route","Right Arete","V4","OpenBeta","ob-route-36573c14-8c49-5797-9a23-8d7b9871c2ac","Right Arete","V4","","6B","ob-area-3dd093bf-c198-5c99-9d86-a676f84cdc40","mp-area-107430991","https://openbeta.io/climb/36573c14-8c49-5797-9a23-8d7b9871c2ac/right-arete","2026-10-01T18:49:11.560Z","","","BLOCKED route geometry/missing evidence","true","true","attributed observation; exact importer link is not independent corroboration","Face, independent corridor evidence and approved overlay pending. Exact match to documented OpenBeta importer uuidv5(MP route numeric ID, NIL namespace). Mountain Project import lineage; corroborating source entry does not independently verify route facts."
"mp-route-107431015","route","Right Bulge","V2","Mountain Project","mp-route-107431015","Right Bulge","V2","","5+","mp-area-107430991","mp-area-107430991","https://www.mountainproject.com/route/107431015/right-bulge","2026-10-01T18:48:47.453Z","36.1597","-115.4171","BLOCKED route geometry/missing evidence","true","true","attributed observation; exact importer link is not independent corroboration","Face, independent corridor evidence and approved overlay pending. Current numeric source route ID; not field verification."
"mp-route-107431015","route","Right Bulge","V2","OpenBeta","ob-route-84f8614b-58f8-5d34-978b-42ee79c7ce75","Right Bulge","V2","","5+","ob-area-3dd093bf-c198-5c99-9d86-a676f84cdc40","mp-area-107430991","https://openbeta.io/climb/84f8614b-58f8-5d34-978b-42ee79c7ce75/right-bulge","2026-10-01T18:49:11.560Z","","","BLOCKED route geometry/missing evidence","true","true","attributed observation; exact importer link is not independent corroboration","Face, independent corridor evidence and approved overlay pending. Exact match to documented OpenBeta importer uuidv5(MP route numeric ID, NIL namespace). Mountain Project import lineage; corroborating source entry does not independently verify route facts."
"mp-route-121725135","route","Super Scream","V8","Mountain Project","mp-route-121725135","Super Scream","V8","","7B","mp-area-107430991","mp-area-107430991","https://www.mountainproject.com/route/121725135/super-scream","2026-10-01T18:48:47.780Z","36.1597","-115.4171","BLOCKED route geometry/missing evidence","true","true","attributed observation; exact importer link is not independent corroboration","Face, independent corridor evidence and approved overlay pending. Current numeric source route ID; not field verification."
"mp-route-121725135","route","Super Scream","V8","OpenBeta","ob-route-8f636410-65b6-56f6-8158-afb899c8437e","Super Scream","V8","","7B","ob-area-3dd093bf-c198-5c99-9d86-a676f84cdc40","mp-area-107430991","https://openbeta.io/climb/8f636410-65b6-56f6-8158-afb899c8437e/super-scream","2026-10-01T18:49:11.560Z","","","BLOCKED route geometry/missing evidence","true","true","attributed observation; exact importer link is not independent corroboration","Face, independent corridor evidence and approved overlay pending. Exact match to documented OpenBeta importer uuidv5(MP route numeric ID, NIL namespace). Mountain Project import lineage; corroborating source entry does not independently verify route facts."
"mp-route-200302939","route","Timepiece","V1","Mountain Project","mp-route-200302939","Timepiece","V1","","5","mp-area-200302919","mp-area-200302919","https://www.mountainproject.com/route/200302939/timepiece","2026-10-01T18:48:47.761Z","36.15987","-115.41568","BLOCKED route geometry/missing evidence","true","true","attributed observation; exact importer link is not independent corroboration","Face, independent corridor evidence and approved overlay pending. Current numeric source route ID; not field verification."
"mp-route-124041284","route","One Pump Chump","V3","Mountain Project","mp-route-124041284","One Pump Chump","V3","","6A","mp-area-107429189","mp-area-107429189","https://www.mountainproject.com/route/124041284/one-pump-chump","2026-10-01T18:48:47.854Z","36.15993","-115.4168","BLOCKED route geometry/missing evidence","true","true","attributed observation; exact importer link is not independent corroboration","Face, independent corridor evidence and approved overlay pending. Current numeric source route ID; not field verification."
"mp-route-107429192","route","Ultimate Grandstaff","V4","Mountain Project","mp-route-107429192","Ultimate Grandstaff","V4","","6B","mp-area-107429189","mp-area-107429189","https://www.mountainproject.com/route/107429192/ultimate-grandstaff","2026-10-01T18:48:47.778Z","36.15993","-115.4168","BLOCKED route geometry/missing evidence","true","true","attributed observation; exact importer link is not independent corroboration","Face, independent corridor evidence and approved overlay pending. Current numeric source route ID; not field verification."
"mp-route-107429192","route","Ultimate Grandstaff","V4","OpenBeta","ob-route-26b2730e-a4b8-5b63-8461-6bbe52d164a6","Ultimate Grandstaff","V4","","6B","ob-area-083f2ab7-7677-585f-abf1-f5e9dd483414","mp-area-107429189","https://openbeta.io/climb/26b2730e-a4b8-5b63-8461-6bbe52d164a6/ultimate-grandstaff","2026-10-01T18:49:11.233Z","","","BLOCKED route geometry/missing evidence","true","true","attributed observation; exact importer link is not independent corroboration","Face, independent corridor evidence and approved overlay pending. Exact match to documented OpenBeta importer uuidv5(MP route numeric ID, NIL namespace). Mountain Project import lineage; corroborating source entry does not independently verify route facts."
"mp-route-109961884","route","Ultimate Grandstaff Sit","V6","Mountain Project","mp-route-109961884","Ultimate Grandstaff Sit","V6","","7A","mp-area-107429189","mp-area-107429189","https://www.mountainproject.com/route/109961884/ultimate-grandstaff-sit","2026-10-01T18:48:48.153Z","36.15993","-115.4168","BLOCKED route geometry/missing evidence","true","true","attributed observation; exact importer link is not independent corroboration","Face, independent corridor evidence and approved overlay pending. Source names differ; exact importer identity links entries, not spelling alone. Current numeric source route ID; not field verification."
"mp-route-109961884","route","Ultimate Grandstaff Sit","V6","OpenBeta","ob-route-9670d49d-e43f-5608-bbad-84c28ba76f90","Ultimate Grandstaff sit","V6","","7A","ob-area-083f2ab7-7677-585f-abf1-f5e9dd483414","mp-area-107429189","https://openbeta.io/climb/9670d49d-e43f-5608-bbad-84c28ba76f90/ultimate-grandstaff-sit","2026-10-01T18:49:11.233Z","","","BLOCKED route geometry/missing evidence","true","true","attributed observation; exact importer link is not independent corroboration","Face, independent corridor evidence and approved overlay pending. Source names differ; exact importer identity links entries, not spelling alone. Exact match to documented OpenBeta importer uuidv5(MP route numeric ID, NIL namespace). Mountain Project import lineage; corroborating source entry does not independently verify route facts."
"mp-route-122054559","route","32 oz.","V4+","Mountain Project","mp-route-122054559","32 oz.","V4+","","6B+","mp-area-106657477","mp-area-106657477","https://www.mountainproject.com/route/122054559/32-oz","2026-10-01T18:48:48.204Z","36.15949","-115.41688","BLOCKED route geometry/missing evidence","true","true","attributed observation; exact importer link is not independent corroboration","Face, independent corridor evidence and approved overlay pending. Current numeric source route ID; not field verification."
"mp-route-107518517","route","Arete V5","V5","Mountain Project","mp-route-107518517","Arete V5","V5","","6C","mp-area-106657477","mp-area-106657477","https://www.mountainproject.com/route/107518517/arete-v5","2026-10-01T18:48:48.205Z","36.15949","-115.41688","BLOCKED route geometry/missing evidence","true","true","attributed observation; exact importer link is not independent corroboration","Face, independent corridor evidence and approved overlay pending. Current numeric source route ID; not field verification."
"mp-route-107518517","route","Arete V5","V5","OpenBeta","ob-route-adde76e7-0aa3-5139-982c-b7ad5f5cfe9b","Arete V5","V5","","6C","ob-area-fd409330-0964-529e-badd-7e6492fd1bd8","mp-area-106657477","https://openbeta.io/climb/adde76e7-0aa3-5139-982c-b7ad5f5cfe9b/arete-v5","2026-10-01T18:49:11.228Z","","","BLOCKED route geometry/missing evidence","true","true","attributed observation; exact importer link is not independent corroboration","Face, independent corridor evidence and approved overlay pending. Exact match to documented OpenBeta importer uuidv5(MP route numeric ID, NIL namespace). Mountain Project import lineage; corroborating source entry does not independently verify route facts."
"mp-route-107430907","route","Backside Left","V0","Mountain Project","mp-route-107430907","Backside Left","V0","","4","mp-area-106657477","mp-area-106657477","https://www.mountainproject.com/route/107430907/backside-left","2026-10-01T18:48:48.121Z","36.15949","-115.41688","BLOCKED route geometry/missing evidence","true","true","attributed observation; exact importer link is not independent corroboration","Face, independent corridor evidence and approved overlay pending. Current numeric source route ID; not field verification."
"mp-route-107430907","route","Backside Left","V0","OpenBeta","ob-route-be0753dc-7ff0-51ed-9f21-6d6e827b8180","Backside Left","V0","","4","ob-area-fd409330-0964-529e-badd-7e6492fd1bd8","mp-area-106657477","https://openbeta.io/climb/be0753dc-7ff0-51ed-9f21-6d6e827b8180/backside-left","2026-10-01T18:49:11.228Z","","","BLOCKED route geometry/missing evidence","true","true","attributed observation; exact importer link is not independent corroboration","Face, independent corridor evidence and approved overlay pending. Exact match to documented OpenBeta importer uuidv5(MP route numeric ID, NIL namespace). Mountain Project import lineage; corroborating source entry does not independently verify route facts."
"mp-route-107430912","route","Backside Right","V1","Mountain Project","mp-route-107430912","Backside Right","V1","","5","mp-area-106657477","mp-area-106657477","https://www.mountainproject.com/route/107430912/backside-right","2026-10-01T18:48:48.506Z","36.15949","-115.41688","BLOCKED route geometry/missing evidence","true","true","attributed observation; exact importer link is not independent corroboration","Face, independent corridor evidence and approved overlay pending. Current numeric source route ID; not field verification."
"mp-route-107430912","route","Backside Right","V1","OpenBeta","ob-route-fd1826ba-cec7-5a02-9579-4fc60491421a","Backside Right","V1","","5","ob-area-fd409330-0964-529e-badd-7e6492fd1bd8","mp-area-106657477","https://openbeta.io/climb/fd1826ba-cec7-5a02-9579-4fc60491421a/backside-right","2026-10-01T18:49:11.228Z","","","BLOCKED route geometry/missing evidence","true","true","attributed observation; exact importer link is not independent corroboration","Face, independent corridor evidence and approved overlay pending. Exact match to documented OpenBeta importer uuidv5(MP route numeric ID, NIL namespace). Mountain Project import lineage; corroborating source entry does not independently verify route facts."
"mp-route-107116919","route","Charleston Syndrome","V3","Mountain Project","mp-route-107116919","Charleston Syndrome","V3","","6A","mp-area-106657477","mp-area-106657477","https://www.mountainproject.com/route/107116919/charleston-syndrome","2026-10-01T18:48:48.879Z","36.15949","-115.41688","BLOCKED route geometry/missing evidence","true","true","attributed observation; exact importer link is not independent corroboration","Face, independent corridor evidence and approved overlay pending. Current numeric source route ID; not field verification."
"mp-route-107116919","route","Charleston Syndrome","V3","OpenBeta","ob-route-20d6e5f0-2175-5471-ab9e-5b5f3edbb686","Charleston Syndrome","V3","","6A","ob-area-fd409330-0964-529e-badd-7e6492fd1bd8","mp-area-106657477","https://openbeta.io/climb/20d6e5f0-2175-5471-ab9e-5b5f3edbb686/charleston-syndrome","2026-10-01T18:49:11.228Z","","","BLOCKED route geometry/missing evidence","true","true","attributed observation; exact importer link is not independent corroboration","Face, independent corridor evidence and approved overlay pending. Exact match to documented OpenBeta importer uuidv5(MP route numeric ID, NIL namespace). Mountain Project import lineage; corroborating source entry does not independently verify route facts."
"mp-route-107396283","route","Donkey Punch","V5+","Mountain Project","mp-route-107396283","Donkey Punch","V5+","","6C+","mp-area-106657477","mp-area-106657477","https://www.mountainproject.com/route/107396283/donkey-punch","2026-10-01T18:48:48.477Z","36.15949","-115.41688","BLOCKED route geometry/missing evidence","true","true","attributed observation; exact importer link is not independent corroboration","Face, independent corridor evidence and approved overlay pending. Source grades differ; inventory label is provisional, not an averaged grade. Current numeric source route ID; not field verification."
"mp-route-107396283","route","Donkey Punch","V5+","OpenBeta","ob-route-1ececf38-26f4-5cb9-9909-f958aa5778ca","Donkey Punch","V5","","6C","ob-area-fd409330-0964-529e-badd-7e6492fd1bd8","mp-area-106657477","https://openbeta.io/climb/1ececf38-26f4-5cb9-9909-f958aa5778ca/donkey-punch","2026-10-01T18:49:11.228Z","","","BLOCKED route geometry/missing evidence","true","true","attributed observation; exact importer link is not independent corroboration","Face, independent corridor evidence and approved overlay pending. Source grades differ; inventory label is provisional, not an averaged grade. Exact match to documented OpenBeta importer uuidv5(MP route numeric ID, NIL namespace). Mountain Project import lineage; corroborating source entry does not independently verify route facts."
"mp-route-107432448","route","Donkey Punch - Right","V5","Mountain Project","mp-route-107432448","Donkey Punch - Right","V5","","6C","mp-area-106657477","mp-area-106657477","https://www.mountainproject.com/route/107432448/donkey-punch-right","2026-10-01T18:48:48.483Z","36.15949","-115.41688","BLOCKED route geometry/missing evidence","true","true","attributed observation; exact importer link is not independent corroboration","Face, independent corridor evidence and approved overlay pending. Current numeric source route ID; not field verification."
"mp-route-107432448","route","Donkey Punch - Right","V5","OpenBeta","ob-route-72a15d63-6e4c-5692-a4aa-dd73d76cce3c","Donkey Punch - Right","V5","","6C","ob-area-fd409330-0964-529e-badd-7e6492fd1bd8","mp-area-106657477","https://openbeta.io/climb/72a15d63-6e4c-5692-a4aa-dd73d76cce3c/donkey-punch-right","2026-10-01T18:49:11.228Z","","","BLOCKED route geometry/missing evidence","true","true","attributed observation; exact importer link is not independent corroboration","Face, independent corridor evidence and approved overlay pending. Exact match to documented OpenBeta importer uuidv5(MP route numeric ID, NIL namespace). Mountain Project import lineage; corroborating source entry does not independently verify route facts."
"mp-route-106657480","route","Fluffer","V2","Mountain Project","mp-route-106657480","Fluffer","V2","","5+","mp-area-106657477","mp-area-106657477","https://www.mountainproject.com/route/106657480/fluffer","2026-10-01T18:48:49.157Z","36.15949","-115.41688","BLOCKED route geometry/missing evidence","true","true","attributed observation; exact importer link is not independent corroboration","Face, independent corridor evidence and approved overlay pending. Source grades differ; inventory label is provisional, not an averaged grade. Current numeric source route ID; not field verification."
"mp-route-106657480","route","Fluffer","V2","OpenBeta","ob-route-76379fd8-8f38-54de-9e62-cfed239e5442","Fluffer","V1-2","","5","ob-area-fd409330-0964-529e-badd-7e6492fd1bd8","mp-area-106657477","https://openbeta.io/climb/76379fd8-8f38-54de-9e62-cfed239e5442/fluffer","2026-10-01T18:49:11.228Z","","","BLOCKED route geometry/missing evidence","true","true","attributed observation; exact importer link is not independent corroboration","Face, independent corridor evidence and approved overlay pending. Source grades differ; inventory label is provisional, not an averaged grade. Exact match to documented OpenBeta importer uuidv5(MP route numeric ID, NIL namespace). Mountain Project import lineage; corroborating source entry does not independently verify route facts."
"mp-route-107430917","route","Northwest Face Left","V0","Mountain Project","mp-route-107430917","Northwest Face Left","V0","","4","mp-area-106657477","mp-area-106657477","https://www.mountainproject.com/route/107430917/northwest-face-left","2026-10-01T18:48:49.205Z","36.15949","-115.41688","BLOCKED route geometry/missing evidence","true","true","attributed observation; exact importer link is not independent corroboration","Face, independent corridor evidence and approved overlay pending. Current numeric source route ID; not field verification."
"mp-route-107430917","route","Northwest Face Left","V0","OpenBeta","ob-route-9f11bc6b-0de7-5e75-b0a4-7bae8ee12c37","Northwest Face Left","V0","","4","ob-area-fd409330-0964-529e-badd-7e6492fd1bd8","mp-area-106657477","https://openbeta.io/climb/9f11bc6b-0de7-5e75-b0a4-7bae8ee12c37/northwest-face-left","2026-10-01T18:49:11.228Z","","","BLOCKED route geometry/missing evidence","true","true","attributed observation; exact importer link is not independent corroboration","Face, independent corridor evidence and approved overlay pending. Exact match to documented OpenBeta importer uuidv5(MP route numeric ID, NIL namespace). Mountain Project import lineage; corroborating source entry does not independently verify route facts."
"mp-route-121965213","route","Northwest Face Right","V0","Mountain Project","mp-route-121965213","Northwest Face Right","V0","","4","mp-area-106657477","mp-area-106657477","https://www.mountainproject.com/route/121965213/northwest-face-right","2026-10-01T18:48:49.153Z","36.15949","-115.41688","BLOCKED route geometry/missing evidence","true","true","attributed observation; exact importer link is not independent corroboration","Face, independent corridor evidence and approved overlay pending. Source grades differ; inventory label is provisional, not an averaged grade. Current numeric source route ID; not field verification."
"mp-route-121965213","route","Northwest Face Right","V0","OpenBeta","ob-route-467e9c2f-77b3-5e51-b89a-e3e826c6f7ab","Northwest Face Right","V-easy","","3","ob-area-fd409330-0964-529e-badd-7e6492fd1bd8","mp-area-106657477","https://openbeta.io/climb/467e9c2f-77b3-5e51-b89a-e3e826c6f7ab/northwest-face-right","2026-10-01T18:49:11.228Z","","","BLOCKED route geometry/missing evidence","true","true","attributed observation; exact importer link is not independent corroboration","Face, independent corridor evidence and approved overlay pending. Source grades differ; inventory label is provisional, not an averaged grade. Exact match to documented OpenBeta importer uuidv5(MP route numeric ID, NIL namespace). Mountain Project import lineage; corroborating source entry does not independently verify route facts."
"mp-route-107430241","route","Prefunk","V0","Mountain Project","mp-route-107430241","Prefunk","V0","","4","mp-area-106657477","mp-area-106657477","https://www.mountainproject.com/route/107430241/prefunk","2026-10-01T18:48:49.196Z","36.15949","-115.41688","BLOCKED route geometry/missing evidence","true","true","attributed observation; exact importer link is not independent corroboration","Face, independent corridor evidence and approved overlay pending. Current numeric source route ID; not field verification."
"mp-route-107430241","route","Prefunk","V0","OpenBeta","ob-route-cf920fdb-f47e-52d8-95b9-25db07f412f4","Prefunk","V0","","4","ob-area-fd409330-0964-529e-badd-7e6492fd1bd8","mp-area-106657477","https://openbeta.io/climb/cf920fdb-f47e-52d8-95b9-25db07f412f4/prefunk","2026-10-01T18:49:11.228Z","","","BLOCKED route geometry/missing evidence","true","true","attributed observation; exact importer link is not independent corroboration","Face, independent corridor evidence and approved overlay pending. Exact match to documented OpenBeta importer uuidv5(MP route numeric ID, NIL namespace). Mountain Project import lineage; corroborating source entry does not independently verify route facts."
"mp-route-107432411","route","Right Downclimb","V-easy","Mountain Project","mp-route-107432411","Right Downclimb","V-easy","","3","mp-area-106657477","mp-area-106657477","https://www.mountainproject.com/route/107432411/right-downclimb","2026-10-01T18:48:49.511Z","36.15949","-115.41688","BLOCKED route geometry/missing evidence","true","true","attributed observation; exact importer link is not independent corroboration","Face, independent corridor evidence and approved overlay pending. Current numeric source route ID; not field verification."
"mp-route-107432411","route","Right Downclimb","V-easy","OpenBeta","ob-route-c1803dae-2302-5fb5-82cc-e52e60978428","Right Downclimb","V-easy","","3","ob-area-fd409330-0964-529e-badd-7e6492fd1bd8","mp-area-106657477","https://openbeta.io/climb/c1803dae-2302-5fb5-82cc-e52e60978428/right-downclimb","2026-10-01T18:49:11.228Z","","","BLOCKED route geometry/missing evidence","true","true","attributed observation; exact importer link is not independent corroboration","Face, independent corridor evidence and approved overlay pending. Exact match to documented OpenBeta importer uuidv5(MP route numeric ID, NIL namespace). Mountain Project import lineage; corroborating source entry does not independently verify route facts."
"mp-route-125574115","route","Rub One Off","V6","Mountain Project","mp-route-125574115","Rub One Off","V6","","7A","mp-area-106657477","mp-area-106657477","https://www.mountainproject.com/route/125574115/rub-one-off","2026-10-01T18:48:49.514Z","36.15949","-115.41688","BLOCKED route geometry/missing evidence","true","true","attributed observation; exact importer link is not independent corroboration","Face, independent corridor evidence and approved overlay pending. Current numeric source route ID; not field verification."
"mp-route-122054608","route","Secret","V2","Mountain Project","mp-route-122054608","Secret","V2","","5+","mp-area-106657477","mp-area-106657477","https://www.mountainproject.com/route/122054608/secret","2026-10-01T18:48:49.470Z","36.15949","-115.41688","BLOCKED route geometry/missing evidence","true","true","attributed observation; exact importer link is not independent corroboration","Face, independent corridor evidence and approved overlay pending. Current numeric source route ID; not field verification."
"mp-route-106657484","route","Your Project","V5","Mountain Project","mp-route-106657484","Your Project","V5","","6C","mp-area-106657477","mp-area-106657477","https://www.mountainproject.com/route/106657484/your-project","2026-10-01T18:48:49.994Z","36.15949","-115.41688","BLOCKED route geometry/missing evidence","true","true","attributed observation; exact importer link is not independent corroboration","Face, independent corridor evidence and approved overlay pending. Current numeric source route ID; not field verification."
"mp-route-106657484","route","Your Project","V5","OpenBeta","ob-route-8c642af9-922e-5d0f-99eb-4495c225c9e5","Your Project","V5","","6C","ob-area-fd409330-0964-529e-badd-7e6492fd1bd8","mp-area-106657477","https://openbeta.io/climb/8c642af9-922e-5d0f-99eb-4495c225c9e5/your-project","2026-10-01T18:49:11.228Z","","","BLOCKED route geometry/missing evidence","true","true","attributed observation; exact importer link is not independent corroboration","Face, independent corridor evidence and approved overlay pending. Exact match to documented OpenBeta importer uuidv5(MP route numeric ID, NIL namespace). Mountain Project import lineage; corroborating source entry does not independently verify route facts."
"mp-route-122003753","route","Left","V0","Mountain Project","mp-route-122003753","Left","V0","","4","mp-area-122003728","mp-area-122003728","https://www.mountainproject.com/route/122003753/left","2026-10-01T18:48:50.271Z","36.15951","-115.41683","BLOCKED route geometry/missing evidence","true","true","attributed observation; exact importer link is not independent corroboration","Face, independent corridor evidence and approved overlay pending. Current numeric source route ID; not field verification."
"mp-route-122003736","route","Rail","V1-2","Mountain Project","mp-route-122003736","Rail","V1-2","","5","mp-area-122003728","mp-area-122003728","https://www.mountainproject.com/route/122003736/rail","2026-10-01T18:48:50.700Z","36.15951","-115.41683","BLOCKED route geometry/missing evidence","true","true","attributed observation; exact importer link is not independent corroboration","Face, independent corridor evidence and approved overlay pending. Current numeric source route ID; not field verification."
"mp-route-126854369","route","Wayward Sit, The","V0+","Mountain Project","mp-route-126854369","Wayward Sit, The","V0+","","4+","mp-area-122003728","mp-area-122003728","https://www.mountainproject.com/route/126854369/the-wayward-sit","2026-10-01T18:48:50.226Z","36.15951","-115.41683","BLOCKED route geometry/missing evidence","true","true","attributed observation; exact importer link is not independent corroboration","Face, independent corridor evidence and approved overlay pending. Current numeric source route ID; not field verification."
"mp-route-122003762","route","Wayward Son, The","V0","Mountain Project","mp-route-122003762","Wayward Son, The","V0","","4","mp-area-122003728","mp-area-122003728","https://www.mountainproject.com/route/122003762/the-wayward-son","2026-10-01T18:48:50.323Z","36.15951","-115.41683","BLOCKED route geometry/missing evidence","true","true","attributed observation; exact importer link is not independent corroboration","Face, independent corridor evidence and approved overlay pending. Current numeric source route ID; not field verification."
"mp-route-107430965","route","Betty","V1","Mountain Project","mp-route-107430965","Betty","V1","","5","mp-area-107430957","mp-area-107430957","https://www.mountainproject.com/route/107430965/betty","2026-10-01T18:48:50.936Z","36.15963","-115.41703","BLOCKED route geometry/missing evidence","true","true","attributed observation; exact importer link is not independent corroboration","Face, independent corridor evidence and approved overlay pending. Current numeric source route ID; not field verification."
"mp-route-107430965","route","Betty","V1","OpenBeta","ob-route-9c56f0bd-ba96-5b74-a4f4-4aa747a8d905","Betty","V1","","5","ob-area-60c59bc7-d794-5b9c-8c6d-233b483e18f5","mp-area-107430957","https://openbeta.io/climb/9c56f0bd-ba96-5b74-a4f4-4aa747a8d905/betty","2026-10-01T18:49:11.202Z","","","BLOCKED route geometry/missing evidence","true","true","attributed observation; exact importer link is not independent corroboration","Face, independent corridor evidence and approved overlay pending. Exact match to documented OpenBeta importer uuidv5(MP route numeric ID, NIL namespace). Mountain Project import lineage; corroborating source entry does not independently verify route facts."
"mp-route-107430973","route","Left","V2-","Mountain Project","mp-route-107430973","Left","V2-","","5+","mp-area-107430957","mp-area-107430957","https://www.mountainproject.com/route/107430973/left","2026-10-01T18:48:50.973Z","36.15963","-115.41703","BLOCKED route geometry/missing evidence","true","true","attributed observation; exact importer link is not independent corroboration","Face, independent corridor evidence and approved overlay pending. Current numeric source route ID; not field verification."
"mp-route-107430973","route","Left","V2-","OpenBeta","ob-route-8312b0c5-0dba-5d6b-aea5-2521100d9632","Left","V2-","","5+","ob-area-60c59bc7-d794-5b9c-8c6d-233b483e18f5","mp-area-107430957","https://openbeta.io/climb/8312b0c5-0dba-5d6b-aea5-2521100d9632/left","2026-10-01T18:49:11.202Z","","","BLOCKED route geometry/missing evidence","true","true","attributed observation; exact importer link is not independent corroboration","Face, independent corridor evidence and approved overlay pending. Exact match to documented OpenBeta importer uuidv5(MP route numeric ID, NIL namespace). Mountain Project import lineage; corroborating source entry does not independently verify route facts."
"mp-route-120097786","route","Put Your Beer Down Traverse","V3","Mountain Project","mp-route-120097786","Put Your Beer Down Traverse","V3","","6A","mp-area-107430957","mp-area-107430957","https://www.mountainproject.com/route/120097786/put-your-beer-down-traverse","2026-10-01T18:48:51.015Z","36.15963","-115.41703","BLOCKED route geometry/missing evidence","true","true","attributed observation; exact importer link is not independent corroboration","Face, independent corridor evidence and approved overlay pending. Source grades differ; inventory label is provisional, not an averaged grade. Current numeric source route ID; not field verification."
"mp-route-120097786","route","Put Your Beer Down Traverse","V3","OpenBeta","ob-route-277892df-e0a8-5f97-9023-46af7dac169a","Put Your Beer Down Traverse","V2-3","","5+","ob-area-60c59bc7-d794-5b9c-8c6d-233b483e18f5","mp-area-107430957","https://openbeta.io/climb/277892df-e0a8-5f97-9023-46af7dac169a/put-your-beer-down-traverse","2026-10-01T18:49:11.202Z","","","BLOCKED route geometry/missing evidence","true","true","attributed observation; exact importer link is not independent corroboration","Face, independent corridor evidence and approved overlay pending. Source grades differ; inventory label is provisional, not an averaged grade. Exact match to documented OpenBeta importer uuidv5(MP route numeric ID, NIL namespace). Mountain Project import lineage; corroborating source entry does not independently verify route facts."
"mp-route-107430960","route","Put Your Shoes on Arete","V2+","Mountain Project","mp-route-107430960","Put Your Shoes on Arete","V2+","","5+","mp-area-107430957","mp-area-107430957","https://www.mountainproject.com/route/107430960/put-your-shoes-on-arete","2026-10-01T18:48:51.050Z","36.15963","-115.41703","BLOCKED route geometry/missing evidence","true","true","attributed observation; exact importer link is not independent corroboration","Face, independent corridor evidence and approved overlay pending. Current numeric source route ID; not field verification."
"mp-route-107430960","route","Put Your Shoes on Arete","V2+","OpenBeta","ob-route-cf6438b2-c253-5bab-aa73-71451d151098","Put Your Shoes on Arete","V2+","","5+","ob-area-60c59bc7-d794-5b9c-8c6d-233b483e18f5","mp-area-107430957","https://openbeta.io/climb/cf6438b2-c253-5bab-aa73-71451d151098/put-your-shoes-on-arete","2026-10-01T18:49:11.202Z","","","BLOCKED route geometry/missing evidence","true","true","attributed observation; exact importer link is not independent corroboration","Face, independent corridor evidence and approved overlay pending. Exact match to documented OpenBeta importer uuidv5(MP route numeric ID, NIL namespace). Mountain Project import lineage; corroborating source entry does not independently verify route facts."
"mp-route-114126124","route","Right to Left","V1","Mountain Project","mp-route-114126124","Right to Left","V1","","5","mp-area-107430957","mp-area-107430957","https://www.mountainproject.com/route/114126124/right-to-left","2026-10-01T18:48:51.258Z","36.15963","-115.41703","BLOCKED route geometry/missing evidence","true","true","attributed observation; exact importer link is not independent corroboration","Face, independent corridor evidence and approved overlay pending. Current numeric source route ID; not field verification."
"mp-route-114126124","route","Right to Left","V1","OpenBeta","ob-route-8f2a7580-44af-5c9f-a2d8-3d3f95bc2b8e","Right to Left","V1","","5","ob-area-60c59bc7-d794-5b9c-8c6d-233b483e18f5","mp-area-107430957","https://openbeta.io/climb/8f2a7580-44af-5c9f-a2d8-3d3f95bc2b8e/right-to-left","2026-10-01T18:49:11.202Z","","","BLOCKED route geometry/missing evidence","true","true","attributed observation; exact importer link is not independent corroboration","Face, independent corridor evidence and approved overlay pending. Exact match to documented OpenBeta importer uuidv5(MP route numeric ID, NIL namespace). Mountain Project import lineage; corroborating source entry does not independently verify route facts."
"mp-route-200412186","route","After Work Dyno","V6","Mountain Project","mp-route-200412186","After Work Dyno","V6","","7A","mp-area-200412165","mp-area-200412165","https://www.mountainproject.com/route/200412186/after-work-dyno","2026-10-01T18:48:51.323Z","36.15984","-115.41383","BLOCKED route geometry/missing evidence","true","true","attributed observation; exact importer link is not independent corroboration","Face, independent corridor evidence and approved overlay pending. Current numeric source route ID; not field verification."
"mp-route-202547654","route","Arête","V1","Mountain Project","mp-route-202547654","Arête","V1","","5","mp-area-202547607","mp-area-202547607","https://www.mountainproject.com/route/202547654/arete","2026-10-01T18:48:51.341Z","36.15956","-115.41415","BLOCKED route geometry/missing evidence","true","true","attributed observation; exact importer link is not independent corroboration","Face, independent corridor evidence and approved overlay pending. Current numeric source route ID; not field verification."
"mp-route-202547615","route","DDT","V2-3","Mountain Project","mp-route-202547615","DDT","V2-3","","5+","mp-area-202547607","mp-area-202547607","https://www.mountainproject.com/route/202547615/ddt","2026-10-01T18:48:51.301Z","36.15956","-115.41415","BLOCKED route geometry/missing evidence","true","true","attributed observation; exact importer link is not independent corroboration","Face, independent corridor evidence and approved overlay pending. Current numeric source route ID; not field verification."
"mp-route-125484941","route","Earth Tide","V6","Mountain Project","mp-route-125484941","Earth Tide","V6","","7A","mp-area-125484924","mp-area-125484924","https://www.mountainproject.com/route/125484941/earth-tide","2026-10-01T18:48:52.008Z","36.15984","-115.41464","BLOCKED route geometry/missing evidence","true","true","attributed observation; exact importer link is not independent corroboration","Face, independent corridor evidence and approved overlay pending. Current numeric source route ID; not field verification."
"mp-route-125485013","route","Moon Bow","V4","Mountain Project","mp-route-125485013","Moon Bow","V4","","6B","mp-area-125484924","mp-area-125484924","https://www.mountainproject.com/route/125485013/moon-bow","2026-10-01T18:48:51.564Z","36.15984","-115.41464","BLOCKED route geometry/missing evidence","true","true","attributed observation; exact importer link is not independent corroboration","Face, independent corridor evidence and approved overlay pending. Current numeric source route ID; not field verification."
"mp-route-125485043","route","Moon Bow Sit","V6-7","Mountain Project","mp-route-125485043","Moon Bow Sit","V6-7","","7A+","mp-area-125484924","mp-area-125484924","https://www.mountainproject.com/route/125485043/moon-bow-sit","2026-10-01T18:48:51.628Z","36.15984","-115.41464","BLOCKED route geometry/missing evidence","true","true","attributed observation; exact importer link is not independent corroboration","Face, independent corridor evidence and approved overlay pending. Current numeric source route ID; not field verification."
"mp-route-121775062","route","Good Times","V6-","Mountain Project","mp-route-121775062","Good Times","V6-","","7A","mp-area-121775048","mp-area-121775048","https://www.mountainproject.com/route/121775062/good-times","2026-10-01T18:48:51.591Z","36.15966","-115.41475","BLOCKED route geometry/missing evidence","true","true","attributed observation; exact importer link is not independent corroboration","Face, independent corridor evidence and approved overlay pending. Source grades differ; inventory label is provisional, not an averaged grade. Current numeric source route ID; not field verification."
"mp-route-121775062","route","Good Times","V6-","OpenBeta","ob-route-215a043f-8568-5736-a0c0-65f9eee6ed1d","Good Times","V6","","7A","ob-area-2c82a742-f269-5548-8708-c814f5cd8ae8","mp-area-121775048","https://openbeta.io/climb/215a043f-8568-5736-a0c0-65f9eee6ed1d/good-times","2026-10-01T18:49:18.591Z","","","BLOCKED route geometry/missing evidence","true","true","attributed observation; exact importer link is not independent corroboration","Face, independent corridor evidence and approved overlay pending. Source grades differ; inventory label is provisional, not an averaged grade. Exact match to documented OpenBeta importer uuidv5(MP route numeric ID, NIL namespace). Mountain Project import lineage; corroborating source entry does not independently verify route facts."
"mp-route-123941974","route","Ok Times","V2-","Mountain Project","mp-route-123941974","Ok Times","V2-","","5+","mp-area-121775048","mp-area-121775048","https://www.mountainproject.com/route/123941974/ok-times","2026-10-01T18:48:52.247Z","36.15966","-115.41475","BLOCKED route geometry/missing evidence","true","true","attributed observation; exact importer link is not independent corroboration","Face, independent corridor evidence and approved overlay pending. Current numeric source route ID; not field verification."
"mp-route-107030493","route","Across the Choss","V1","Mountain Project","mp-route-107030493","Across the Choss","V1","","5","mp-area-106056258","mp-area-106056258","https://www.mountainproject.com/route/107030493/across-the-choss","2026-10-01T18:48:52.353Z","36.15924","-115.41487","BLOCKED route geometry/missing evidence","true","true","attributed observation; exact importer link is not independent corroboration","Face, independent corridor evidence and approved overlay pending. Current numeric source route ID; not field verification."
"mp-route-107030493","route","Across the Choss","V1","OpenBeta","ob-route-08e48180-3624-5317-8e3e-55527b8ec3eb","Across the Choss","V1","","5","ob-area-f669b1e7-d7f9-5bec-9210-43f00b401f95","mp-area-106056258","https://openbeta.io/climb/08e48180-3624-5317-8e3e-55527b8ec3eb/across-the-choss","2026-10-01T18:49:18.240Z","","","BLOCKED route geometry/missing evidence","true","true","attributed observation; exact importer link is not independent corroboration","Face, independent corridor evidence and approved overlay pending. Exact match to documented OpenBeta importer uuidv5(MP route numeric ID, NIL namespace). Mountain Project import lineage; corroborating source entry does not independently verify route facts."
"mp-route-116980157","route","Clam Bumper Right","V0","Mountain Project","mp-route-116980157","Clam Bumper Right","V0","","4","mp-area-106056258","mp-area-106056258","https://www.mountainproject.com/route/116980157/clam-bumper-right","2026-10-01T18:48:52.345Z","36.15924","-115.41487","BLOCKED route geometry/missing evidence","true","true","attributed observation; exact importer link is not independent corroboration","Face, independent corridor evidence and approved overlay pending. Current numeric source route ID; not field verification."
"mp-route-116980157","route","Clam Bumper Right","V0","OpenBeta","ob-route-25cd35ca-a42d-57e5-b226-c220b221bce0","Clam Bumper Right","V0","","4","ob-area-f669b1e7-d7f9-5bec-9210-43f00b401f95","mp-area-106056258","https://openbeta.io/climb/25cd35ca-a42d-57e5-b226-c220b221bce0/clam-bumper-right","2026-10-01T18:49:18.240Z","","","BLOCKED route geometry/missing evidence","true","true","attributed observation; exact importer link is not independent corroboration","Face, independent corridor evidence and approved overlay pending. Exact match to documented OpenBeta importer uuidv5(MP route numeric ID, NIL namespace). Mountain Project import lineage; corroborating source entry does not independently verify route facts."
"mp-route-106652005","route","Clam Bumper, The","V3","Mountain Project","mp-route-106652005","Clam Bumper, The","V3","","6A","mp-area-106056258","mp-area-106056258","https://www.mountainproject.com/route/106652005/the-clam-bumper","2026-10-01T18:48:52.316Z","36.15924","-115.41487","BLOCKED route geometry/missing evidence","true","true","attributed observation; exact importer link is not independent corroboration","Face, independent corridor evidence and approved overlay pending. Source names differ; exact importer identity links entries, not spelling alone. Current numeric source route ID; not field verification."
"mp-route-106652005","route","Clam Bumper, The","V3","OpenBeta","ob-route-d03167f6-04d4-52ac-b4a2-0b7bfbefd0c8","The Clam Bumper","V3","","6A","ob-area-f669b1e7-d7f9-5bec-9210-43f00b401f95","mp-area-106056258","https://openbeta.io/climb/d03167f6-04d4-52ac-b4a2-0b7bfbefd0c8/the-clam-bumper","2026-10-01T18:49:18.240Z","","","BLOCKED route geometry/missing evidence","true","true","attributed observation; exact importer link is not independent corroboration","Face, independent corridor evidence and approved overlay pending. Source names differ; exact importer identity links entries, not spelling alone. Exact match to documented OpenBeta importer uuidv5(MP route numeric ID, NIL namespace). Mountain Project import lineage; corroborating source entry does not independently verify route facts."
"mp-route-106652010","route","Jenna's Jewelry","V3-4","Mountain Project","mp-route-106652010","Jenna's Jewelry","V3-4","","6A+","mp-area-106056258","mp-area-106056258","https://www.mountainproject.com/route/106652010/jennas-jewelry","2026-10-01T18:48:53.094Z","36.15924","-115.41487","BLOCKED route geometry/missing evidence","true","true","attributed observation; exact importer link is not independent corroboration","Face, independent corridor evidence and approved overlay pending. Current numeric source route ID; not field verification."
"mp-route-106652010","route","Jenna's Jewelry","V3-4","OpenBeta","ob-route-29ff75d5-9b6a-503f-b3c8-5377075304a2","Jenna's Jewelry","V3-4","","6A+","ob-area-f669b1e7-d7f9-5bec-9210-43f00b401f95","mp-area-106056258","https://openbeta.io/climb/29ff75d5-9b6a-503f-b3c8-5377075304a2/jennas-jewelry","2026-10-01T18:49:18.240Z","","","BLOCKED route geometry/missing evidence","true","true","attributed observation; exact importer link is not independent corroboration","Face, independent corridor evidence and approved overlay pending. Exact match to documented OpenBeta importer uuidv5(MP route numeric ID, NIL namespace). Mountain Project import lineage; corroborating source entry does not independently verify route facts."
"mp-route-202867946","route","Northeast Corner","V0","Mountain Project","mp-route-202867946","Northeast Corner","V0","","4","mp-area-106056258","mp-area-106056258","https://www.mountainproject.com/route/202867946/northeast-corner","2026-10-01T18:48:52.620Z","36.15924","-115.41487","BLOCKED route geometry/missing evidence","true","true","attributed observation; exact importer link is not independent corroboration","Face, independent corridor evidence and approved overlay pending. Current numeric source route ID; not field verification."
"mp-route-110224533","route","Northeast Face Center","V1","Mountain Project","mp-route-110224533","Northeast Face Center","V1","","5","mp-area-106056258","mp-area-106056258","https://www.mountainproject.com/route/110224533/northeast-face-center","2026-10-01T18:48:52.801Z","36.15924","-115.41487","BLOCKED route geometry/missing evidence","true","true","attributed observation; exact importer link is not independent corroboration","Face, independent corridor evidence and approved overlay pending. Current numeric source route ID; not field verification."
"mp-route-110224533","route","Northeast Face Center","V1","OpenBeta","ob-route-b0037be6-71a3-5e6a-9086-dc13a8d94c22","Northeast Face Center","V1","","5","ob-area-f669b1e7-d7f9-5bec-9210-43f00b401f95","mp-area-106056258","https://openbeta.io/climb/b0037be6-71a3-5e6a-9086-dc13a8d94c22/northeast-face-center","2026-10-01T18:49:18.240Z","","","BLOCKED route geometry/missing evidence","true","true","attributed observation; exact importer link is not independent corroboration","Face, independent corridor evidence and approved overlay pending. Exact match to documented OpenBeta importer uuidv5(MP route numeric ID, NIL namespace). Mountain Project import lineage; corroborating source entry does not independently verify route facts."
"mp-route-107444907","route","Pearl Necklace","V6-","Mountain Project","mp-route-107444907","Pearl Necklace","V6-","","7A","mp-area-106056258","mp-area-106056258","https://www.mountainproject.com/route/107444907/pearl-necklace","2026-10-01T18:48:52.635Z","36.15924","-115.41487","BLOCKED route geometry/missing evidence","true","true","attributed observation; exact importer link is not independent corroboration","Face, independent corridor evidence and approved overlay pending. Current numeric source route ID; not field verification."
"mp-route-107444907","route","Pearl Necklace","V6-","OpenBeta","ob-route-82130f89-4fd4-5d13-a520-3a33d5cd38d8","Pearl Necklace","V6-","","7A","ob-area-f669b1e7-d7f9-5bec-9210-43f00b401f95","mp-area-106056258","https://openbeta.io/climb/82130f89-4fd4-5d13-a520-3a33d5cd38d8/pearl-necklace","2026-10-01T18:49:18.240Z","","","BLOCKED route geometry/missing evidence","true","true","attributed observation; exact importer link is not independent corroboration","Face, independent corridor evidence and approved overlay pending. Exact match to documented OpenBeta importer uuidv5(MP route numeric ID, NIL namespace). Mountain Project import lineage; corroborating source entry does not independently verify route facts."
"mp-route-106056281","route","Pearl, The","V5","Mountain Project","mp-route-106056281","Pearl, The","V5","","6C","mp-area-106056258","mp-area-106056258","https://www.mountainproject.com/route/106056281/the-pearl","2026-10-01T18:48:53.472Z","36.15924","-115.41487","BLOCKED route geometry/missing evidence","true","true","attributed observation; exact importer link is not independent corroboration","Face, independent corridor evidence and approved overlay pending. Source names differ; exact importer identity links entries, not spelling alone. Current numeric source route ID; not field verification."
"mp-route-106056281","route","Pearl, The","V5","OpenBeta","ob-route-74844eca-8296-51f6-9d0a-fc952dd4184b","The Pearl","V5","","6C","ob-area-f669b1e7-d7f9-5bec-9210-43f00b401f95","mp-area-106056258","https://openbeta.io/climb/74844eca-8296-51f6-9d0a-fc952dd4184b/the-pearl","2026-10-01T18:49:18.240Z","","","BLOCKED route geometry/missing evidence","true","true","attributed observation; exact importer link is not independent corroboration","Face, independent corridor evidence and approved overlay pending. Source names differ; exact importer identity links entries, not spelling alone. Exact match to documented OpenBeta importer uuidv5(MP route numeric ID, NIL namespace). Mountain Project import lineage; corroborating source entry does not independently verify route facts."
"mp-route-107030486","route","Six Pack","V0","Mountain Project","mp-route-107030486","Six Pack","V0","","4","mp-area-106056258","mp-area-106056258","https://www.mountainproject.com/route/107030486/six-pack","2026-10-01T18:48:53.321Z","36.15924","-115.41487","BLOCKED route geometry/missing evidence","true","true","attributed observation; exact importer link is not independent corroboration","Face, independent corridor evidence and approved overlay pending. Current numeric source route ID; not field verification."
"mp-route-107030486","route","Six Pack","V0","OpenBeta","ob-route-b079894a-f198-5cbb-8fea-4b4bcf4e6fcf","Six Pack","V0","","4","ob-area-f669b1e7-d7f9-5bec-9210-43f00b401f95","mp-area-106056258","https://openbeta.io/climb/b079894a-f198-5cbb-8fea-4b4bcf4e6fcf/six-pack","2026-10-01T18:49:18.240Z","","","BLOCKED route geometry/missing evidence","true","true","attributed observation; exact importer link is not independent corroboration","Face, independent corridor evidence and approved overlay pending. Exact match to documented OpenBeta importer uuidv5(MP route numeric ID, NIL namespace). Mountain Project import lineage; corroborating source entry does not independently verify route facts."
"mp-route-110224675","route","Spreader, The","V0","Mountain Project","mp-route-110224675","Spreader, The","V0","","4","mp-area-106056258","mp-area-106056258","https://www.mountainproject.com/route/110224675/the-spreader","2026-10-01T18:48:53.384Z","36.15984","-115.41909","BLOCKED route geometry/missing evidence","true","true","attributed observation; exact importer link is not independent corroboration","Face, independent corridor evidence and approved overlay pending. Source names differ; exact importer identity links entries, not spelling alone. Current numeric source route ID; not field verification."
"mp-route-110224675","route","Spreader, The","V0","OpenBeta","ob-route-9cfe0aab-e5a3-5e4a-8381-2142527c4733","The Spreader","V0","","4","ob-area-f669b1e7-d7f9-5bec-9210-43f00b401f95","mp-area-106056258","https://openbeta.io/climb/9cfe0aab-e5a3-5e4a-8381-2142527c4733/the-spreader","2026-10-01T18:49:18.240Z","","","BLOCKED route geometry/missing evidence","true","true","attributed observation; exact importer link is not independent corroboration","Face, independent corridor evidence and approved overlay pending. Source names differ; exact importer identity links entries, not spelling alone. Exact match to documented OpenBeta importer uuidv5(MP route numeric ID, NIL namespace). Mountain Project import lineage; corroborating source entry does not independently verify route facts."
"mp-route-126854254","route","Vajazzled","V4-5","Mountain Project","mp-route-126854254","Vajazzled","V4-5","","6B+","mp-area-106056258","mp-area-106056258","https://www.mountainproject.com/route/126854254/vajazzled","2026-10-01T18:48:53.404Z","36.15924","-115.41487","BLOCKED route geometry/missing evidence","true","true","attributed observation; exact importer link is not independent corroboration","Face, independent corridor evidence and approved overlay pending. Current numeric source route ID; not field verification."
"mp-route-125692296","route","Right Arête","V0","Mountain Project","mp-route-125692296","Right Arête","V0","","4","mp-area-125692223","mp-area-125692223","https://www.mountainproject.com/route/125692296/right-arete","2026-10-01T18:48:53.952Z","36.15961","-115.41432","BLOCKED route geometry/missing evidence","true","true","attributed observation; exact importer link is not independent corroboration","Face, independent corridor evidence and approved overlay pending. Current numeric source route ID; not field verification."
"mp-route-125692239","route","Swirly Arête","V2","Mountain Project","mp-route-125692239","Swirly Arête","V2","","5+","mp-area-125692223","mp-area-125692223","https://www.mountainproject.com/route/125692239/swirly-arete","2026-10-01T18:48:53.780Z","36.15961","-115.41432","BLOCKED route geometry/missing evidence","true","true","attributed observation; exact importer link is not independent corroboration","Face, independent corridor evidence and approved overlay pending. Current numeric source route ID; not field verification."
"mp-route-125851816","route","Ripple, The","V-easy","Mountain Project","mp-route-125851816","Ripple, The","V-easy","","3","mp-area-125851761","mp-area-125851761","https://www.mountainproject.com/route/125851816/the-ripple","2026-10-01T18:48:53.813Z","36.15945","-115.41458","BLOCKED route geometry/missing evidence","true","true","attributed observation; exact importer link is not independent corroboration","Face, independent corridor evidence and approved overlay pending. Current numeric source route ID; not field verification."
"mp-route-120512326","route","Right Exit","V2","Mountain Project","mp-route-120512326","Right Exit","V2","","5+","mp-area-113802231","mp-area-113802231","https://www.mountainproject.com/route/120512326/right-exit","2026-10-01T18:48:53.784Z","36.15948","-115.41463","BLOCKED route geometry/missing evidence","true","true","attributed observation; exact importer link is not independent corroboration","Face, independent corridor evidence and approved overlay pending. Current numeric source route ID; not field verification."
"mp-route-120512326","route","Right Exit","V2","OpenBeta","ob-route-6c1a575e-d71c-55b8-82b0-65daa8cf2193","Right Exit","V2","","5+","ob-area-5bd0ce1f-096e-5fb8-bcc7-4604f9906501","mp-area-113802231","https://openbeta.io/climb/6c1a575e-d71c-55b8-82b0-65daa8cf2193/right-exit","2026-10-01T18:49:11.191Z","","","BLOCKED route geometry/missing evidence","true","true","attributed observation; exact importer link is not independent corroboration","Face, independent corridor evidence and approved overlay pending. Exact match to documented OpenBeta importer uuidv5(MP route numeric ID, NIL namespace). Mountain Project import lineage; corroborating source entry does not independently verify route facts."
"mp-route-200363210","route","Tortilla Mountain","V2-3","Mountain Project","mp-route-200363210","Tortilla Mountain","V2-3","","5+","mp-area-113802231","mp-area-113802231","https://www.mountainproject.com/route/200363210/tortilla-mountain","2026-10-01T18:48:54.224Z","36.15948","-115.41463","BLOCKED route geometry/missing evidence","true","true","attributed observation; exact importer link is not independent corroboration","Face, independent corridor evidence and approved overlay pending. Current numeric source route ID; not field verification."
"mp-route-115962906","route","Wave Direct","V3","Mountain Project","mp-route-115962906","Wave Direct","V3","","6A","mp-area-113802231","mp-area-113802231","https://www.mountainproject.com/route/115962906/wave-direct","2026-10-01T18:48:54.297Z","36.15948","-115.41463","BLOCKED route geometry/missing evidence","true","true","attributed observation; exact importer link is not independent corroboration","Face, independent corridor evidence and approved overlay pending. Source grades differ; inventory label is provisional, not an averaged grade. Current numeric source route ID; not field verification."
"mp-route-115962906","route","Wave Direct","V3","OpenBeta","ob-route-a175c273-330d-5578-aa46-24120a48d592","Wave Direct","V3-","","6A","ob-area-5bd0ce1f-096e-5fb8-bcc7-4604f9906501","mp-area-113802231","https://openbeta.io/climb/a175c273-330d-5578-aa46-24120a48d592/wave-direct","2026-10-01T18:49:11.191Z","","","BLOCKED route geometry/missing evidence","true","true","attributed observation; exact importer link is not independent corroboration","Face, independent corridor evidence and approved overlay pending. Source grades differ; inventory label is provisional, not an averaged grade. Exact match to documented OpenBeta importer uuidv5(MP route numeric ID, NIL namespace). Mountain Project import lineage; corroborating source entry does not independently verify route facts."
"mp-route-123621594","route","Wave Direct Sit","V4","Mountain Project","mp-route-123621594","Wave Direct Sit","V4","","6B","mp-area-113802231","mp-area-113802231","https://www.mountainproject.com/route/123621594/wave-direct-sit","2026-10-01T18:48:54.211Z","36.15948","-115.41463","BLOCKED route geometry/missing evidence","true","true","attributed observation; exact importer link is not independent corroboration","Face, independent corridor evidence and approved overlay pending. Current numeric source route ID; not field verification."
"mp-route-200417113","route","Wave High, The","V3","Mountain Project","mp-route-200417113","Wave High, The","V3","","6A","mp-area-113802231","mp-area-113802231","https://www.mountainproject.com/route/200417113/the-wave-high","2026-10-01T18:48:54.295Z","36.15948","-115.41463","BLOCKED route geometry/missing evidence","true","true","attributed observation; exact importer link is not independent corroboration","Face, independent corridor evidence and approved overlay pending. Current numeric source route ID; not field verification."
"mp-route-113882435","route","Wave Left, The","V4-5","Mountain Project","mp-route-113882435","Wave Left, The","V4-5","","6B+","mp-area-113802231","mp-area-113802231","https://www.mountainproject.com/route/113882435/the-wave-left","2026-10-01T18:48:54.616Z","36.15948","-115.41463","BLOCKED route geometry/missing evidence","true","true","attributed observation; exact importer link is not independent corroboration","Face, independent corridor evidence and approved overlay pending. Source names differ; exact importer identity links entries, not spelling alone. Current numeric source route ID; not field verification."
"mp-route-113882435","route","Wave Left, The","V4-5","OpenBeta","ob-route-970fff31-4faf-51e2-abd6-a977e5cf3fbc","The Wave Left","V4-5","","6B+","ob-area-5bd0ce1f-096e-5fb8-bcc7-4604f9906501","mp-area-113802231","https://openbeta.io/climb/970fff31-4faf-51e2-abd6-a977e5cf3fbc/the-wave-left","2026-10-01T18:49:11.191Z","","","BLOCKED route geometry/missing evidence","true","true","attributed observation; exact importer link is not independent corroboration","Face, independent corridor evidence and approved overlay pending. Source names differ; exact importer identity links entries, not spelling alone. Exact match to documented OpenBeta importer uuidv5(MP route numeric ID, NIL namespace). Mountain Project import lineage; corroborating source entry does not independently verify route facts."
"mp-route-125563681","route","Wave Low, The","V3","Mountain Project","mp-route-125563681","Wave Low, The","V3","","6A","mp-area-113802231","mp-area-113802231","https://www.mountainproject.com/route/125563681/the-wave-low","2026-10-01T18:48:54.552Z","36.15948","-115.41463","BLOCKED route geometry/missing evidence","true","true","attributed observation; exact importer link is not independent corroboration","Face, independent corridor evidence and approved overlay pending. Current numeric source route ID; not field verification."
"mp-route-113802237","route","Wave, The","V3","Mountain Project","mp-route-113802237","Wave, The","V3","","6A","mp-area-113802231","mp-area-113802231","https://www.mountainproject.com/route/113802237/the-wave","2026-10-01T18:48:54.597Z","36.15948","-115.41463","BLOCKED route geometry/missing evidence","true","true","attributed observation; exact importer link is not independent corroboration","Face, independent corridor evidence and approved overlay pending. Source names differ; exact importer identity links entries, not spelling alone. Current numeric source route ID; not field verification."
"mp-route-113802237","route","Wave, The","V3","OpenBeta","ob-route-ee414280-c7ea-5d02-871b-d6cdd825bea9","The Wave","V3","","6A","ob-area-5bd0ce1f-096e-5fb8-bcc7-4604f9906501","mp-area-113802231","https://openbeta.io/climb/ee414280-c7ea-5d02-871b-d6cdd825bea9/the-wave","2026-10-01T18:49:11.191Z","","","BLOCKED route geometry/missing evidence","true","true","attributed observation; exact importer link is not independent corroboration","Face, independent corridor evidence and approved overlay pending. Source names differ; exact importer identity links entries, not spelling alone. Exact match to documented OpenBeta importer uuidv5(MP route numeric ID, NIL namespace). Mountain Project import lineage; corroborating source entry does not independently verify route facts."
"mp-route-106657518","route","Alexisizer","V6","Mountain Project","mp-route-106657518","Alexisizer","V6","","7A","mp-area-106657514","mp-area-106657514","https://www.mountainproject.com/route/106657518/alexisizer","2026-10-01T18:48:54.571Z","36.16016","-115.41213","BLOCKED route geometry/missing evidence","true","true","attributed observation; exact importer link is not independent corroboration","Face, independent corridor evidence and approved overlay pending. Current numeric source route ID; not field verification."
"mp-route-106657518","route","Alexisizer","V6","OpenBeta","ob-route-1375fa3f-c952-54c1-ad33-c59a044df834","Alexisizer","V6","","7A","ob-area-48f9b3ac-5deb-5021-90ee-1a1656350dfb","mp-area-106657514","https://openbeta.io/climb/1375fa3f-c952-54c1-ad33-c59a044df834/alexisizer","2026-10-01T18:49:25.435Z","","","BLOCKED route geometry/missing evidence","true","true","attributed observation; exact importer link is not independent corroboration","Face, independent corridor evidence and approved overlay pending. Exact match to documented OpenBeta importer uuidv5(MP route numeric ID, NIL namespace). Mountain Project import lineage; corroborating source entry does not independently verify route facts."
"mp-route-121866629","route","Apple Cider","V4","Mountain Project","mp-route-121866629","Apple Cider","V4","","6B","mp-area-106657514","mp-area-106657514","https://www.mountainproject.com/route/121866629/apple-cider","2026-10-01T18:48:54.946Z","36.16016","-115.41213","BLOCKED route geometry/missing evidence","true","true","attributed observation; exact importer link is not independent corroboration","Face, independent corridor evidence and approved overlay pending. Source grades differ; inventory label is provisional, not an averaged grade. Current numeric source route ID; not field verification."
"mp-route-121866629","route","Apple Cider","V4","OpenBeta","ob-route-c1420e46-3724-56fd-a572-bbd0ede218e9","Apple Cider","V2+","","5+","ob-area-48f9b3ac-5deb-5021-90ee-1a1656350dfb","mp-area-106657514","https://openbeta.io/climb/c1420e46-3724-56fd-a572-bbd0ede218e9/apple-cider","2026-10-01T18:49:25.435Z","","","BLOCKED route geometry/missing evidence","true","true","attributed observation; exact importer link is not independent corroboration","Face, independent corridor evidence and approved overlay pending. Source grades differ; inventory label is provisional, not an averaged grade. Exact match to documented OpenBeta importer uuidv5(MP route numeric ID, NIL namespace). Mountain Project import lineage; corroborating source entry does not independently verify route facts."
"mp-route-200237164","route","Backside Right","V2","Mountain Project","mp-route-200237164","Backside Right","V2","","5+","mp-area-106657514","mp-area-106657514","https://www.mountainproject.com/route/200237164/backside-right","2026-10-01T18:48:54.917Z","36.16016","-115.41213","BLOCKED route geometry/missing evidence","true","true","attributed observation; exact importer link is not independent corroboration","Face, independent corridor evidence and approved overlay pending. Current numeric source route ID; not field verification."
"mp-route-107383132","route","Mantel","V5","Mountain Project","mp-route-107383132","Mantel","V5","","6C","mp-area-106657514","mp-area-106657514","https://www.mountainproject.com/route/107383132/mantel","2026-10-01T18:48:54.972Z","36.16016","-115.41213","BLOCKED route geometry/missing evidence","true","true","attributed observation; exact importer link is not independent corroboration","Face, independent corridor evidence and approved overlay pending. Current numeric source route ID; not field verification."
"mp-route-107383132","route","Mantel","V5","OpenBeta","ob-route-cc25ee22-e0ae-5c89-8d4e-61619e8fbd48","Mantel","V5","","6C","ob-area-48f9b3ac-5deb-5021-90ee-1a1656350dfb","mp-area-106657514","https://openbeta.io/climb/cc25ee22-e0ae-5c89-8d4e-61619e8fbd48/mantel","2026-10-01T18:49:25.435Z","","","BLOCKED route geometry/missing evidence","true","true","attributed observation; exact importer link is not independent corroboration","Face, independent corridor evidence and approved overlay pending. Exact match to documented OpenBeta importer uuidv5(MP route numeric ID, NIL namespace). Mountain Project import lineage; corroborating source entry does not independently verify route facts."
"mp-route-200237158","route","Right Side Left (Downclimb)","V0","Mountain Project","mp-route-200237158","Right Side Left (Downclimb)","V0","","4","mp-area-106657514","mp-area-106657514","https://www.mountainproject.com/route/200237158/right-side-left-downclimb","2026-10-01T18:48:54.876Z","36.16016","-115.41213","BLOCKED route geometry/missing evidence","true","true","attributed observation; exact importer link is not independent corroboration","Face, independent corridor evidence and approved overlay pending. Current numeric source route ID; not field verification."
"mp-route-106802785","route","Timmy's Problem","V9","Mountain Project","mp-route-106802785","Timmy's Problem","V9","","7C","mp-area-106657514","mp-area-106657514","https://www.mountainproject.com/route/106802785/timmys-problem","2026-10-01T18:48:55.238Z","36.16016","-115.41213","BLOCKED route geometry/missing evidence","true","true","attributed observation; exact importer link is not independent corroboration","Face, independent corridor evidence and approved overlay pending. Current numeric source route ID; not field verification."
"mp-route-106802785","route","Timmy's Problem","V9","OpenBeta","ob-route-9da594c9-92c6-5632-b84a-a53fe6d034cd","Timmy's Problem","V9","","7C","ob-area-48f9b3ac-5deb-5021-90ee-1a1656350dfb","mp-area-106657514","https://openbeta.io/climb/9da594c9-92c6-5632-b84a-a53fe6d034cd/timmys-problem","2026-10-01T18:49:25.435Z","","","BLOCKED route geometry/missing evidence","true","true","attributed observation; exact importer link is not independent corroboration","Face, independent corridor evidence and approved overlay pending. Exact match to documented OpenBeta importer uuidv5(MP route numeric ID, NIL namespace). Mountain Project import lineage; corroborating source entry does not independently verify route facts."
"mp-route-124100350","route","Timmy’s Traverse","V10","Mountain Project","mp-route-124100350","Timmy’s Traverse","V10","","7C+","mp-area-106657514","mp-area-106657514","https://www.mountainproject.com/route/124100350/timmys-traverse","2026-10-01T18:48:55.795Z","36.16016","-115.41213","BLOCKED route geometry/missing evidence","true","true","attributed observation; exact importer link is not independent corroboration","Face, independent corridor evidence and approved overlay pending. Current numeric source route ID; not field verification."
"mp-route-125586567","route","Big Man on Campus","V6","Mountain Project","mp-route-125586567","Big Man on Campus","V6","","7A","mp-area-106657496","mp-area-106657496","https://www.mountainproject.com/route/125586567/big-man-on-campus","2026-10-01T18:48:55.272Z","36.15982","-115.41316","BLOCKED route geometry/missing evidence","true","true","attributed observation; exact importer link is not independent corroboration","Face, independent corridor evidence and approved overlay pending. Current numeric source route ID; not field verification."
"mp-route-200433996","route","Burnt","V11-12","Mountain Project","mp-route-200433996","Burnt","V11-12","","8A+","mp-area-106657496","mp-area-106657496","https://www.mountainproject.com/route/200433996/burnt","2026-10-01T18:48:55.800Z","36.15982","-115.41316","BLOCKED route geometry/missing evidence","true","true","attributed observation; exact importer link is not independent corroboration","Face, independent corridor evidence and approved overlay pending. Current numeric source route ID; not field verification."
"mp-route-123427987","route","Cutters","V9","Mountain Project","mp-route-123427987","Cutters","V9","","7C","mp-area-106657496","mp-area-106657496","https://www.mountainproject.com/route/123427987/cutters","2026-10-01T18:48:56.885Z","36.15982","-115.41316","BLOCKED route geometry/missing evidence","true","true","attributed observation; exact importer link is not independent corroboration","Face, independent corridor evidence and approved overlay pending. Current numeric source route ID; not field verification."
"mp-route-106657499","route","I Disagree","V1","Mountain Project","mp-route-106657499","I Disagree","V1","","5","mp-area-106657496","mp-area-106657496","https://www.mountainproject.com/route/106657499/i-disagree","2026-10-01T18:48:56.034Z","36.15982","-115.41316","BLOCKED route geometry/missing evidence","true","true","attributed observation; exact importer link is not independent corroboration","Face, independent corridor evidence and approved overlay pending. Current numeric source route ID; not field verification."
"mp-route-106657499","route","I Disagree","V1","OpenBeta","ob-route-838ed696-04e2-5538-945c-23fb4254de3f","I Disagree","V1","","5","ob-area-9c2c22b1-6aec-5489-a8de-01d4b778e536","mp-area-106657496","https://openbeta.io/climb/838ed696-04e2-5538-945c-23fb4254de3f/i-disagree","2026-10-01T18:50:24.195Z","","","BLOCKED route geometry/missing evidence","true","true","attributed observation; exact importer link is not independent corroboration","Face, independent corridor evidence and approved overlay pending. Exact match to documented OpenBeta importer uuidv5(MP route numeric ID, NIL namespace). Mountain Project import lineage; corroborating source entry does not independently verify route facts."
"mp-route-126761647","route","Joy Jug","V1-2","Mountain Project","mp-route-126761647","Joy Jug","V1-2","","5","mp-area-106657496","mp-area-106657496","https://www.mountainproject.com/route/126761647/joy-jug","2026-10-01T18:48:56.086Z","36.15982","-115.41316","BLOCKED route geometry/missing evidence","true","true","attributed observation; exact importer link is not independent corroboration","Face, independent corridor evidence and approved overlay pending. Current numeric source route ID; not field verification."
"mp-route-200432818","route","Maxy Forever","V3+","Mountain Project","mp-route-200432818","Maxy Forever","V3+","","6A+","mp-area-106657496","mp-area-106657496","https://www.mountainproject.com/route/200432818/maxy-forever","2026-10-01T18:48:56.092Z","36.15982","-115.41316","BLOCKED route geometry/missing evidence","true","true","attributed observation; exact importer link is not independent corroboration","Face, independent corridor evidence and approved overlay pending. Current numeric source route ID; not field verification."
"mp-route-108606758","route","My Tan","V7","Mountain Project","mp-route-108606758","My Tan","V7","","7A+","mp-area-106657496","mp-area-106657496","https://www.mountainproject.com/route/108606758/my-tan","2026-10-01T18:48:57.095Z","36.15982","-115.41316","BLOCKED route geometry/missing evidence","true","true","attributed observation; exact importer link is not independent corroboration","Face, independent corridor evidence and approved overlay pending. Current numeric source route ID; not field verification."
"mp-route-108606758","route","My Tan","V7","OpenBeta","ob-route-9fb7dcad-4e5e-5b19-bd5c-8a63c2486738","My Tan","V7","","7A+","ob-area-9c2c22b1-6aec-5489-a8de-01d4b778e536","mp-area-106657496","https://openbeta.io/climb/9fb7dcad-4e5e-5b19-bd5c-8a63c2486738/my-tan","2026-10-01T18:50:24.195Z","","","BLOCKED route geometry/missing evidence","true","true","attributed observation; exact importer link is not independent corroboration","Face, independent corridor evidence and approved overlay pending. Exact match to documented OpenBeta importer uuidv5(MP route numeric ID, NIL namespace). Mountain Project import lineage; corroborating source entry does not independently verify route facts."
"mp-route-107408429","route","Right Arete","V2-3","Mountain Project","mp-route-107408429","Right Arete","V2-3","","5+","mp-area-106657496","mp-area-106657496","https://www.mountainproject.com/route/107408429/right-arete","2026-10-01T18:48:57.118Z","36.15982","-115.41316","BLOCKED route geometry/missing evidence","true","true","attributed observation; exact importer link is not independent corroboration","Face, independent corridor evidence and approved overlay pending. Current numeric source route ID; not field verification."
"mp-route-107408429","route","Right Arete","V2-3","OpenBeta","ob-route-4d22517b-530e-5d7a-bb14-0d93414c904e","Right Arete","V2-3","","5+","ob-area-9c2c22b1-6aec-5489-a8de-01d4b778e536","mp-area-106657496","https://openbeta.io/climb/4d22517b-530e-5d7a-bb14-0d93414c904e/right-arete","2026-10-01T18:50:24.195Z","","","BLOCKED route geometry/missing evidence","true","true","attributed observation; exact importer link is not independent corroboration","Face, independent corridor evidence and approved overlay pending. Exact match to documented OpenBeta importer uuidv5(MP route numeric ID, NIL namespace). Mountain Project import lineage; corroborating source entry does not independently verify route facts."
"mp-route-123427852","route","Right face","V6-7","Mountain Project","mp-route-123427852","Right face","V6-7","","7A+","mp-area-106657496","mp-area-106657496","https://www.mountainproject.com/route/123427852/right-face","2026-10-01T18:48:57.202Z","36.15982","-115.41316","BLOCKED route geometry/missing evidence","true","true","attributed observation; exact importer link is not independent corroboration","Face, independent corridor evidence and approved overlay pending. Current numeric source route ID; not field verification."
"mp-route-200432855","route","Sittin' Venom","V3","Mountain Project","mp-route-200432855","Sittin' Venom","V3","","6A","mp-area-106657496","mp-area-106657496","https://www.mountainproject.com/route/200432855/sittin-venom","2026-10-01T18:48:57.152Z","36.15982","-115.41316","BLOCKED route geometry/missing evidence","true","true","attributed observation; exact importer link is not independent corroboration","Face, independent corridor evidence and approved overlay pending. Current numeric source route ID; not field verification."
"mp-route-121850817","route","Venom","V1","Mountain Project","mp-route-121850817","Venom","V1","","5","mp-area-106657496","mp-area-106657496","https://www.mountainproject.com/route/121850817/venom","2026-10-01T18:48:57.485Z","36.15982","-115.41316","BLOCKED route geometry/missing evidence","true","true","attributed observation; exact importer link is not independent corroboration","Face, independent corridor evidence and approved overlay pending. Current numeric source route ID; not field verification."
"mp-route-121850817","route","Venom","V1","OpenBeta","ob-route-52f2ecb0-d12b-5090-a1ed-6c028b8d110b","Venom","V1","","5","ob-area-9c2c22b1-6aec-5489-a8de-01d4b778e536","mp-area-106657496","https://openbeta.io/climb/52f2ecb0-d12b-5090-a1ed-6c028b8d110b/venom","2026-10-01T18:50:24.195Z","","","BLOCKED route geometry/missing evidence","true","true","attributed observation; exact importer link is not independent corroboration","Face, independent corridor evidence and approved overlay pending. Exact match to documented OpenBeta importer uuidv5(MP route numeric ID, NIL namespace). Mountain Project import lineage; corroborating source entry does not independently verify route facts."
"mp-route-106802769","route","Bread Box","V4","Mountain Project","mp-route-106802769","Bread Box","V4","","6B","mp-area-106800767","mp-area-106800767","https://www.mountainproject.com/route/106802769/bread-box","2026-10-01T18:48:57.443Z","36.16086","-115.41159","BLOCKED route geometry/missing evidence","true","true","attributed observation; exact importer link is not independent corroboration","Face, independent corridor evidence and approved overlay pending. Current numeric source route ID; not field verification."
"mp-route-106802769","route","Bread Box","V4","OpenBeta","ob-route-5ff3f235-1fc0-5932-863d-915adac2243b","Bread Box","V4","","6B","ob-area-0f688ed3-c3e2-5cf6-9fc2-b831a761af40","mp-area-106800767","https://openbeta.io/climb/5ff3f235-1fc0-5932-863d-915adac2243b/bread-box","2026-10-01T18:49:18.600Z","","","BLOCKED route geometry/missing evidence","true","true","attributed observation; exact importer link is not independent corroboration","Face, independent corridor evidence and approved overlay pending. Exact match to documented OpenBeta importer uuidv5(MP route numeric ID, NIL namespace). Mountain Project import lineage; corroborating source entry does not independently verify route facts."
"mp-route-106800770","route","Caliman","V7","Mountain Project","mp-route-106800770","Caliman","V7","","7A+","mp-area-106800767","mp-area-106800767","https://www.mountainproject.com/route/106800770/caliman","2026-10-01T18:48:57.923Z","36.16086","-115.41159","BLOCKED route geometry/missing evidence","true","true","attributed observation; exact importer link is not independent corroboration","Face, independent corridor evidence and approved overlay pending. Current numeric source route ID; not field verification."
"mp-route-106800770","route","Caliman","V7","OpenBeta","ob-route-76786f28-f6ac-5a72-b0b3-bacf53a05b1f","Caliman","V7","","7A+","ob-area-0f688ed3-c3e2-5cf6-9fc2-b831a761af40","mp-area-106800767","https://openbeta.io/climb/76786f28-f6ac-5a72-b0b3-bacf53a05b1f/caliman","2026-10-01T18:49:18.600Z","","","BLOCKED route geometry/missing evidence","true","true","attributed observation; exact importer link is not independent corroboration","Face, independent corridor evidence and approved overlay pending. Exact match to documented OpenBeta importer uuidv5(MP route numeric ID, NIL namespace). Mountain Project import lineage; corroborating source entry does not independently verify route facts."
"mp-route-106800785","route","Toadstool","V4","Mountain Project","mp-route-106800785","Toadstool","V4","","6B","mp-area-106800767","mp-area-106800767","https://www.mountainproject.com/route/106800785/toadstool","2026-10-01T18:48:57.563Z","36.16086","-115.41159","BLOCKED route geometry/missing evidence","true","true","attributed observation; exact importer link is not independent corroboration","Face, independent corridor evidence and approved overlay pending. Current numeric source route ID; not field verification."
"mp-route-106800785","route","Toadstool","V4","OpenBeta","ob-route-11d8dfad-24dd-50a8-8eec-3e6531d64524","Toadstool","V4","","6B","ob-area-0f688ed3-c3e2-5cf6-9fc2-b831a761af40","mp-area-106800767","https://openbeta.io/climb/11d8dfad-24dd-50a8-8eec-3e6531d64524/toadstool","2026-10-01T18:49:18.600Z","","","BLOCKED route geometry/missing evidence","true","true","attributed observation; exact importer link is not independent corroboration","Face, independent corridor evidence and approved overlay pending. Exact match to documented OpenBeta importer uuidv5(MP route numeric ID, NIL namespace). Mountain Project import lineage; corroborating source entry does not independently verify route facts."
"mp-route-106800777","route","Unnamed","V5","Mountain Project","mp-route-106800777","Unnamed","V5","","6C","mp-area-106800767","mp-area-106800767","https://www.mountainproject.com/route/106800777/unnamed","2026-10-01T18:48:58.206Z","36.16086","-115.41159","BLOCKED route geometry/missing evidence","true","true","attributed observation; exact importer link is not independent corroboration","Face, independent corridor evidence and approved overlay pending. Current numeric source route ID; not field verification."
"mp-route-106800777","route","Unnamed","V5","OpenBeta","ob-route-d51b6f0e-4c31-5286-8535-a6100ff7978f","Unnamed","V5","","6C","ob-area-0f688ed3-c3e2-5cf6-9fc2-b831a761af40","mp-area-106800767","https://openbeta.io/climb/d51b6f0e-4c31-5286-8535-a6100ff7978f/unnamed","2026-10-01T18:49:18.600Z","","","BLOCKED route geometry/missing evidence","true","true","attributed observation; exact importer link is not independent corroboration","Face, independent corridor evidence and approved overlay pending. Exact match to documented OpenBeta importer uuidv5(MP route numeric ID, NIL namespace). Mountain Project import lineage; corroborating source entry does not independently verify route facts."
"mp-route-107429316","route","Bathtub, The","V5+","Mountain Project","mp-route-107429316","Bathtub, The","V5+","","6C+","mp-area-106657507","mp-area-106657507","https://www.mountainproject.com/route/107429316/the-bathtub","2026-10-01T18:48:58.182Z","36.15988","-115.41296","BLOCKED route geometry/missing evidence","true","true","attributed observation; exact importer link is not independent corroboration","Face, independent corridor evidence and approved overlay pending. Source grades differ; inventory label is provisional, not an averaged grade. Source names differ; exact importer identity links entries, not spelling alone. Current numeric source route ID; not field verification."
"mp-route-107429316","route","Bathtub, The","V5+","OpenBeta","ob-route-1dfdebdf-6235-50d2-88b4-abfc7f44f56f","The Bathtub","V5","","6C","ob-area-67db3297-4dd7-51c1-840a-60f3385e041c","mp-area-106657507","https://openbeta.io/climb/1dfdebdf-6235-50d2-88b4-abfc7f44f56f/the-bathtub","2026-10-01T18:49:18.580Z","","","BLOCKED route geometry/missing evidence","true","true","attributed observation; exact importer link is not independent corroboration","Face, independent corridor evidence and approved overlay pending. Source grades differ; inventory label is provisional, not an averaged grade. Source names differ; exact importer identity links entries, not spelling alone. Exact match to documented OpenBeta importer uuidv5(MP route numeric ID, NIL namespace). Mountain Project import lineage; corroborating source entry does not independently verify route facts."
"mp-route-107414804","route","Big K","V8","Mountain Project","mp-route-107414804","Big K","V8","","7B","mp-area-106657507","mp-area-106657507","https://www.mountainproject.com/route/107414804/big-k","2026-10-01T18:48:58.246Z","36.15988","-115.41296","BLOCKED route geometry/missing evidence","true","true","attributed observation; exact importer link is not independent corroboration","Face, independent corridor evidence and approved overlay pending. Current numeric source route ID; not field verification."
"mp-route-107414804","route","Big K","V8","OpenBeta","ob-route-9b04c6d3-7c60-58f3-87fb-a7515c7b951b","Big K","V8","","7B","ob-area-67db3297-4dd7-51c1-840a-60f3385e041c","mp-area-106657507","https://openbeta.io/climb/9b04c6d3-7c60-58f3-87fb-a7515c7b951b/big-k","2026-10-01T18:49:18.580Z","","","BLOCKED route geometry/missing evidence","true","true","attributed observation; exact importer link is not independent corroboration","Face, independent corridor evidence and approved overlay pending. Exact match to documented OpenBeta importer uuidv5(MP route numeric ID, NIL namespace). Mountain Project import lineage; corroborating source entry does not independently verify route facts."
"mp-route-200726310","route","Bulk Section America","V6-7","Mountain Project","mp-route-200726310","Bulk Section America","V6-7","","7A+","mp-area-106657507","mp-area-106657507","https://www.mountainproject.com/route/200726310/bulk-section-america","2026-10-01T18:48:58.676Z","36.15988","-115.41296","BLOCKED route geometry/missing evidence","true","true","attributed observation; exact importer link is not independent corroboration","Face, independent corridor evidence and approved overlay pending. Current numeric source route ID; not field verification."
"mp-route-125447077","route","Crack","V6+","Mountain Project","mp-route-125447077","Crack","V6+","","7A","mp-area-106657507","mp-area-106657507","https://www.mountainproject.com/route/125447077/crack","2026-10-01T18:48:58.912Z","36.15988","-115.41296","BLOCKED route geometry/missing evidence","true","true","attributed observation; exact importer link is not independent corroboration","Face, independent corridor evidence and approved overlay pending. Current numeric source route ID; not field verification."
"mp-route-108021688","route","Dog Leash Boy","V2","Mountain Project","mp-route-108021688","Dog Leash Boy","V2","","5+","mp-area-106657507","mp-area-106657507","https://www.mountainproject.com/route/108021688/dog-leash-boy","2026-10-01T18:48:58.950Z","36.15988","-115.41296","BLOCKED route geometry/missing evidence","true","true","attributed observation; exact importer link is not independent corroboration","Face, independent corridor evidence and approved overlay pending. Current numeric source route ID; not field verification."
"mp-route-108021688","route","Dog Leash Boy","V2","OpenBeta","ob-route-ae28711b-346b-54ae-9218-55333f5ad05e","Dog Leash Boy","V2","","5+","ob-area-67db3297-4dd7-51c1-840a-60f3385e041c","mp-area-106657507","https://openbeta.io/climb/ae28711b-346b-54ae-9218-55333f5ad05e/dog-leash-boy","2026-10-01T18:49:18.580Z","","","BLOCKED route geometry/missing evidence","true","true","attributed observation; exact importer link is not independent corroboration","Face, independent corridor evidence and approved overlay pending. Exact match to documented OpenBeta importer uuidv5(MP route numeric ID, NIL namespace). Mountain Project import lineage; corroborating source entry does not independently verify route facts."
"mp-route-107407188","route","Hot Tub Club | 7188","V6","Mountain Project","mp-route-107407188","Hot Tub Club | 7188","V6","","7A","mp-area-106657507","mp-area-106657507","https://www.mountainproject.com/route/107407188/hot-tub-club-7188","2026-10-01T18:48:58.959Z","36.15988","-115.41296","BLOCKED route geometry/missing evidence","true","true","attributed observation; exact importer link is not independent corroboration","Face, independent corridor evidence and approved overlay pending. Source names differ; exact importer identity links entries, not spelling alone. Current numeric source route ID; not field verification."
"mp-route-107407188","route","Hot Tub Club | 7188","V6","OpenBeta","ob-route-b169d49f-cb0b-5401-afce-df3809c8288c","[Redacted]","V6","","7A","ob-area-67db3297-4dd7-51c1-840a-60f3385e041c","mp-area-106657507","https://openbeta.io/climb/b169d49f-cb0b-5401-afce-df3809c8288c/redacted","2026-10-01T18:49:18.580Z","","","BLOCKED route geometry/missing evidence","true","true","attributed observation; exact importer link is not independent corroboration","Face, independent corridor evidence and approved overlay pending. Source names differ; exact importer identity links entries, not spelling alone. Exact match to documented OpenBeta importer uuidv5(MP route numeric ID, NIL namespace). Mountain Project import lineage; corroborating source entry does not independently verify route facts."
"mp-route-200247732","route","One Legged","V2-3","Mountain Project","mp-route-200247732","One Legged","V2-3","","5+","mp-area-106657507","mp-area-106657507","https://www.mountainproject.com/route/200247732/one-legged","2026-10-01T18:48:58.936Z","36.15988","-115.41296","BLOCKED route geometry/missing evidence","true","true","attributed observation; exact importer link is not independent corroboration","Face, independent corridor evidence and approved overlay pending. Current numeric source route ID; not field verification."
"mp-route-123899952","route","Orange Top 2nd Half","V6-7","Mountain Project","mp-route-123899952","Orange Top 2nd Half","V6-7","","7A+","mp-area-106657507","mp-area-106657507","https://www.mountainproject.com/route/123899952/orange-top-2nd-half","2026-10-01T18:48:59.190Z","36.15988","-115.41296","BLOCKED route geometry/missing evidence","true","true","attributed observation; exact importer link is not independent corroboration","Face, independent corridor evidence and approved overlay pending. Current numeric source route ID; not field verification."
"mp-route-106657510","route","Orange Top Blue Sky","V8","Mountain Project","mp-route-106657510","Orange Top Blue Sky","V8","","7B","mp-area-106657507","mp-area-106657507","https://www.mountainproject.com/route/106657510/orange-top-blue-sky","2026-10-01T18:48:59.224Z","36.15988","-115.41296","BLOCKED route geometry/missing evidence","true","true","attributed observation; exact importer link is not independent corroboration","Face, independent corridor evidence and approved overlay pending. Current numeric source route ID; not field verification."
"mp-route-106657510","route","Orange Top Blue Sky","V8","OpenBeta","ob-route-31d90c7a-0c1d-5712-ba66-4804eeb80b8d","Orange Top Blue Sky","V8","","7B","ob-area-67db3297-4dd7-51c1-840a-60f3385e041c","mp-area-106657507","https://openbeta.io/climb/31d90c7a-0c1d-5712-ba66-4804eeb80b8d/orange-top-blue-sky","2026-10-01T18:49:18.580Z","","","BLOCKED route geometry/missing evidence","true","true","attributed observation; exact importer link is not independent corroboration","Face, independent corridor evidence and approved overlay pending. Exact match to documented OpenBeta importer uuidv5(MP route numeric ID, NIL namespace). Mountain Project import lineage; corroborating source entry does not independently verify route facts."
"mp-route-120211275","route","Shit or Get Off the Pot","V3-","Mountain Project","mp-route-120211275","Shit or Get Off the Pot","V3-","","6A","mp-area-106657507","mp-area-106657507","https://www.mountainproject.com/route/120211275/shit-or-get-off-the-pot","2026-10-01T18:48:59.213Z","36.15988","-115.41296","BLOCKED route geometry/missing evidence","true","true","attributed observation; exact importer link is not independent corroboration","Face, independent corridor evidence and approved overlay pending. Source names differ; exact importer identity links entries, not spelling alone. Current numeric source route ID; not field verification."
"mp-route-120211275","route","Shit or Get Off the Pot","V3-","OpenBeta","ob-route-a7f71e39-70c2-5ab4-9a9a-09953b4255d7","Hot Dog Water","V3-","","6A","ob-area-67db3297-4dd7-51c1-840a-60f3385e041c","mp-area-106657507","https://openbeta.io/climb/a7f71e39-70c2-5ab4-9a9a-09953b4255d7/hot-dog-water","2026-10-01T18:49:18.580Z","","","BLOCKED route geometry/missing evidence","true","true","attributed observation; exact importer link is not independent corroboration","Face, independent corridor evidence and approved overlay pending. Source names differ; exact importer identity links entries, not spelling alone. Exact match to documented OpenBeta importer uuidv5(MP route numeric ID, NIL namespace). Mountain Project import lineage; corroborating source entry does not independently verify route facts."
"mp-route-124086140","route","Southwest Arête","V4+","Mountain Project","mp-route-124086140","Southwest Arête","V4+","","6B+","mp-area-106657507","mp-area-106657507","https://www.mountainproject.com/route/124086140/southwest-arete","2026-10-01T18:48:59.303Z","36.15988","-115.41296","BLOCKED route geometry/missing evidence","true","true","attributed observation; exact importer link is not independent corroboration","Face, independent corridor evidence and approved overlay pending. Current numeric source route ID; not field verification."
"mp-route-124086120","route","Super Fragilistic","V6","Mountain Project","mp-route-124086120","Super Fragilistic","V6","","7A","mp-area-106657507","mp-area-106657507","https://www.mountainproject.com/route/124086120/super-fragilistic","2026-10-01T18:48:59.593Z","36.15988","-115.41296","BLOCKED route geometry/missing evidence","true","true","attributed observation; exact importer link is not independent corroboration","Face, independent corridor evidence and approved overlay pending. Current numeric source route ID; not field verification."
"mp-route-106964471","route","Vino Rojo","V6","Mountain Project","mp-route-106964471","Vino Rojo","V6","","7A","mp-area-106657507","mp-area-106657507","https://www.mountainproject.com/route/106964471/vino-rojo","2026-10-01T18:49:00.025Z","36.15988","-115.41296","BLOCKED route geometry/missing evidence","true","true","attributed observation; exact importer link is not independent corroboration","Face, independent corridor evidence and approved overlay pending. Current numeric source route ID; not field verification."
"mp-route-106964471","route","Vino Rojo","V6","OpenBeta","ob-route-1196f468-523c-5b9b-af86-f694b411072e","Vino Rojo","V6","","7A","ob-area-67db3297-4dd7-51c1-840a-60f3385e041c","mp-area-106657507","https://openbeta.io/climb/1196f468-523c-5b9b-af86-f694b411072e/vino-rojo","2026-10-01T18:49:18.580Z","","","BLOCKED route geometry/missing evidence","true","true","attributed observation; exact importer link is not independent corroboration","Face, independent corridor evidence and approved overlay pending. Exact match to documented OpenBeta importer uuidv5(MP route numeric ID, NIL namespace). Mountain Project import lineage; corroborating source entry does not independently verify route facts."
"mp-route-114126068","route","Blunt Arete","V2","Mountain Project","mp-route-114126068","Blunt Arete","V2","","5+","mp-area-105937674","mp-area-105937674","https://www.mountainproject.com/route/114126068/blunt-arete","2026-10-01T18:48:59.549Z","36.16154","-115.41099","BLOCKED route geometry/missing evidence","true","true","attributed observation; exact importer link is not independent corroboration","Face, independent corridor evidence and approved overlay pending. Current numeric source route ID; not field verification."
"mp-route-114126068","route","Blunt Arete","V2","OpenBeta","ob-route-0f3c6ab6-230d-5109-9a29-3bc004337bb0","Blunt Arete","V2","","5+","ob-area-ddffcb90-f85f-5456-bf48-7ac36fa0cf0c","mp-area-105937674","https://openbeta.io/climb/0f3c6ab6-230d-5109-9a29-3bc004337bb0/blunt-arete","2026-10-01T18:49:18.259Z","","","BLOCKED route geometry/missing evidence","true","true","attributed observation; exact importer link is not independent corroboration","Face, independent corridor evidence and approved overlay pending. Exact match to documented OpenBeta importer uuidv5(MP route numeric ID, NIL namespace). Mountain Project import lineage; corroborating source entry does not independently verify route facts."
"mp-route-108731189","route","Center Face","V2-3","Mountain Project","mp-route-108731189","Center Face","V2-3","","5+","mp-area-105937674","mp-area-105937674","https://www.mountainproject.com/route/108731189/center-face","2026-10-01T18:48:59.527Z","36.16154","-115.41099","BLOCKED route geometry/missing evidence","true","true","attributed observation; exact importer link is not independent corroboration","Face, independent corridor evidence and approved overlay pending. Current numeric source route ID; not field verification."
"mp-route-108731189","route","Center Face","V2-3","OpenBeta","ob-route-5099af09-dadb-56e6-b254-8c45076f4030","Center Face","V2-3","","5+","ob-area-ddffcb90-f85f-5456-bf48-7ac36fa0cf0c","mp-area-105937674","https://openbeta.io/climb/5099af09-dadb-56e6-b254-8c45076f4030/center-face","2026-10-01T18:49:18.259Z","","","BLOCKED route geometry/missing evidence","true","true","attributed observation; exact importer link is not independent corroboration","Face, independent corridor evidence and approved overlay pending. Exact match to documented OpenBeta importer uuidv5(MP route numeric ID, NIL namespace). Mountain Project import lineage; corroborating source entry does not independently verify route facts."
"mp-route-114000041","route","Curious George","V3-","Mountain Project","mp-route-114000041","Curious George","V3-","","6A","mp-area-105937674","mp-area-105937674","https://www.mountainproject.com/route/114000041/curious-george","2026-10-01T18:49:00.396Z","36.16154","-115.41099","BLOCKED route geometry/missing evidence","true","true","attributed observation; exact importer link is not independent corroboration","Face, independent corridor evidence and approved overlay pending. Source grades differ; inventory label is provisional, not an averaged grade. Current numeric source route ID; not field verification."
"mp-route-114000041","route","Curious George","V3-","OpenBeta","ob-route-abdfac04-c45b-58d4-93b5-0c8152c34be0","Curious George","V2-3","","5+","ob-area-ddffcb90-f85f-5456-bf48-7ac36fa0cf0c","mp-area-105937674","https://openbeta.io/climb/abdfac04-c45b-58d4-93b5-0c8152c34be0/curious-george","2026-10-01T18:49:18.259Z","","","BLOCKED route geometry/missing evidence","true","true","attributed observation; exact importer link is not independent corroboration","Face, independent corridor evidence and approved overlay pending. Source grades differ; inventory label is provisional, not an averaged grade. Exact match to documented OpenBeta importer uuidv5(MP route numeric ID, NIL namespace). Mountain Project import lineage; corroborating source entry does not independently verify route facts."
"mp-route-107513950","route","Darwin Award","V2","Mountain Project","mp-route-107513950","Darwin Award","V2","","5+","mp-area-105937674","mp-area-105937674","https://www.mountainproject.com/route/107513950/darwin-award","2026-10-01T18:49:00.303Z","36.16154","-115.41099","BLOCKED route geometry/missing evidence","true","true","attributed observation; exact importer link is not independent corroboration","Face, independent corridor evidence and approved overlay pending. Current numeric source route ID; not field verification."
"mp-route-107513950","route","Darwin Award","V2","OpenBeta","ob-route-e51663a4-f04f-5f12-827e-6a621ce29793","Darwin Award","V2","","5+","ob-area-ddffcb90-f85f-5456-bf48-7ac36fa0cf0c","mp-area-105937674","https://openbeta.io/climb/e51663a4-f04f-5f12-827e-6a621ce29793/darwin-award","2026-10-01T18:49:18.259Z","","","BLOCKED route geometry/missing evidence","true","true","attributed observation; exact importer link is not independent corroboration","Face, independent corridor evidence and approved overlay pending. Exact match to documented OpenBeta importer uuidv5(MP route numeric ID, NIL namespace). Mountain Project import lineage; corroborating source entry does not independently verify route facts."
"mp-route-107838637","route","Glory Hole","V1","Mountain Project","mp-route-107838637","Glory Hole","V1","","5","mp-area-105937674","mp-area-105937674","https://www.mountainproject.com/route/107838637/glory-hole","2026-10-01T18:49:00.310Z","36.16154","-115.41099","BLOCKED route geometry/missing evidence","true","true","attributed observation; exact importer link is not independent corroboration","Face, independent corridor evidence and approved overlay pending. Current numeric source route ID; not field verification."
"mp-route-107838637","route","Glory Hole","V1","OpenBeta","ob-route-eedb2c2f-1da7-50de-8dc3-e043b86d6d08","Glory Hole","V1","","5","ob-area-ddffcb90-f85f-5456-bf48-7ac36fa0cf0c","mp-area-105937674","https://openbeta.io/climb/eedb2c2f-1da7-50de-8dc3-e043b86d6d08/glory-hole","2026-10-01T18:49:18.259Z","","","BLOCKED route geometry/missing evidence","true","true","attributed observation; exact importer link is not independent corroboration","Face, independent corridor evidence and approved overlay pending. Exact match to documented OpenBeta importer uuidv5(MP route numeric ID, NIL namespace). Mountain Project import lineage; corroborating source entry does not independently verify route facts."
"mp-route-107074342","route","Hyperglide","V5","Mountain Project","mp-route-107074342","Hyperglide","V5","","6C","mp-area-105937674","mp-area-105937674","https://www.mountainproject.com/route/107074342/hyperglide","2026-10-01T18:49:00.405Z","36.16154","-115.41099","BLOCKED route geometry/missing evidence","true","true","attributed observation; exact importer link is not independent corroboration","Face, independent corridor evidence and approved overlay pending. Source names differ; exact importer identity links entries, not spelling alone. Current numeric source route ID; not field verification."
"mp-route-107074342","route","Hyperglide","V5","OpenBeta","ob-route-b3a4480d-b4d0-5515-ba32-b06b4a92e9e2","Hyperglide (aka Monkey Pinch)","V5","","6C","ob-area-ddffcb90-f85f-5456-bf48-7ac36fa0cf0c","mp-area-105937674","https://openbeta.io/climb/b3a4480d-b4d0-5515-ba32-b06b4a92e9e2/hyperglide-aka-monkey-pinch","2026-10-01T18:49:18.259Z","","","BLOCKED route geometry/missing evidence","true","true","attributed observation; exact importer link is not independent corroboration","Face, independent corridor evidence and approved overlay pending. Source names differ; exact importer identity links entries, not spelling alone. Exact match to documented OpenBeta importer uuidv5(MP route numeric ID, NIL namespace). Mountain Project import lineage; corroborating source entry does not independently verify route facts."
"mp-route-114126051","route","Left","V0","Mountain Project","mp-route-114126051","Left","V0","","4","mp-area-105937674","mp-area-105937674","https://www.mountainproject.com/route/114126051/left","2026-10-01T18:49:00.715Z","36.16154","-115.41099","BLOCKED route geometry/missing evidence","true","true","attributed observation; exact importer link is not independent corroboration","Face, independent corridor evidence and approved overlay pending. Current numeric source route ID; not field verification."
"mp-route-114126051","route","Left","V0","OpenBeta","ob-route-e9f92f41-48bb-5cae-8af7-78965e80b3e2","Left","V0","","4","ob-area-ddffcb90-f85f-5456-bf48-7ac36fa0cf0c","mp-area-105937674","https://openbeta.io/climb/e9f92f41-48bb-5cae-8af7-78965e80b3e2/left","2026-10-01T18:49:18.259Z","","","BLOCKED route geometry/missing evidence","true","true","attributed observation; exact importer link is not independent corroboration","Face, independent corridor evidence and approved overlay pending. Exact match to documented OpenBeta importer uuidv5(MP route numeric ID, NIL namespace). Mountain Project import lineage; corroborating source entry does not independently verify route facts."
"mp-route-114126042","route","Left Left","V0","Mountain Project","mp-route-114126042","Left Left","V0","","4","mp-area-105937674","mp-area-105937674","https://www.mountainproject.com/route/114126042/left-left","2026-10-01T18:49:00.683Z","36.16154","-115.41099","BLOCKED route geometry/missing evidence","true","true","attributed observation; exact importer link is not independent corroboration","Face, independent corridor evidence and approved overlay pending. Current numeric source route ID; not field verification."
"mp-route-114126042","route","Left Left","V0","OpenBeta","ob-route-08f7592b-d3c4-5c01-b049-97ecb4761a70","Left Left","V0","","4","ob-area-ddffcb90-f85f-5456-bf48-7ac36fa0cf0c","mp-area-105937674","https://openbeta.io/climb/08f7592b-d3c4-5c01-b049-97ecb4761a70/left-left","2026-10-01T18:49:18.259Z","","","BLOCKED route geometry/missing evidence","true","true","attributed observation; exact importer link is not independent corroboration","Face, independent corridor evidence and approved overlay pending. Exact match to documented OpenBeta importer uuidv5(MP route numeric ID, NIL namespace). Mountain Project import lineage; corroborating source entry does not independently verify route facts."
"mp-route-107378329","route","Monkey Bar Direct","V8","Mountain Project","mp-route-107378329","Monkey Bar Direct","V8","","7B","mp-area-105937674","mp-area-105937674","https://www.mountainproject.com/route/107378329/monkey-bar-direct","2026-10-01T18:49:00.668Z","36.16154","-115.41099","BLOCKED route geometry/missing evidence","true","true","attributed observation; exact importer link is not independent corroboration","Face, independent corridor evidence and approved overlay pending. Current numeric source route ID; not field verification."
"mp-route-107378329","route","Monkey Bar Direct","V8","OpenBeta","ob-route-af4f05e1-754b-5d2e-8ec2-a130875abce1","Monkey Bar Direct","V8","","7B","ob-area-ddffcb90-f85f-5456-bf48-7ac36fa0cf0c","mp-area-105937674","https://openbeta.io/climb/af4f05e1-754b-5d2e-8ec2-a130875abce1/monkey-bar-direct","2026-10-01T18:49:18.259Z","","","BLOCKED route geometry/missing evidence","true","true","attributed observation; exact importer link is not independent corroboration","Face, independent corridor evidence and approved overlay pending. Exact match to documented OpenBeta importer uuidv5(MP route numeric ID, NIL namespace). Mountain Project import lineage; corroborating source entry does not independently verify route facts."
"mp-route-112381021","route","Monkey Bar Direct Right","V9","Mountain Project","mp-route-112381021","Monkey Bar Direct Right","V9","","7C","mp-area-105937674","mp-area-105937674","https://www.mountainproject.com/route/112381021/monkey-bar-direct-right","2026-10-01T18:49:01.045Z","36.16154","-115.41099","BLOCKED route geometry/missing evidence","true","true","attributed observation; exact importer link is not independent corroboration","Face, independent corridor evidence and approved overlay pending. Current numeric source route ID; not field verification."
"mp-route-112381021","route","Monkey Bar Direct Right","V9","OpenBeta","ob-route-9dd8187e-975c-5255-93a7-f5bf36ab1e05","Monkey Bar Direct Right","V9","","7C","ob-area-ddffcb90-f85f-5456-bf48-7ac36fa0cf0c","mp-area-105937674","https://openbeta.io/climb/9dd8187e-975c-5255-93a7-f5bf36ab1e05/monkey-bar-direct-right","2026-10-01T18:49:18.259Z","","","BLOCKED route geometry/missing evidence","true","true","attributed observation; exact importer link is not independent corroboration","Face, independent corridor evidence and approved overlay pending. Exact match to documented OpenBeta importer uuidv5(MP route numeric ID, NIL namespace). Mountain Project import lineage; corroborating source entry does not independently verify route facts."
"mp-route-106683440","route","Monkey Bar Right","V6","Mountain Project","mp-route-106683440","Monkey Bar Right","V6","","7A","mp-area-105937674","mp-area-105937674","https://www.mountainproject.com/route/106683440/monkey-bar-right","2026-10-01T18:49:01.392Z","36.16154","-115.41099","BLOCKED route geometry/missing evidence","true","true","attributed observation; exact importer link is not independent corroboration","Face, independent corridor evidence and approved overlay pending. Source names differ; exact importer identity links entries, not spelling alone. Current numeric source route ID; not field verification."
"mp-route-106683440","route","Monkey Bar Right","V6","OpenBeta","ob-route-00ab07e8-6866-5d1d-96b4-9d989bb3f8b7","Classic Monkey","V6","","7A","ob-area-ddffcb90-f85f-5456-bf48-7ac36fa0cf0c","mp-area-105937674","https://openbeta.io/climb/00ab07e8-6866-5d1d-96b4-9d989bb3f8b7/classic-monkey","2026-10-01T18:49:18.259Z","","","BLOCKED route geometry/missing evidence","true","true","attributed observation; exact importer link is not independent corroboration","Face, independent corridor evidence and approved overlay pending. Source names differ; exact importer identity links entries, not spelling alone. Exact match to documented OpenBeta importer uuidv5(MP route numeric ID, NIL namespace). Mountain Project import lineage; corroborating source entry does not independently verify route facts."
"mp-route-105937677","route","Monkey Bar Traverse","V6","Mountain Project","mp-route-105937677","Monkey Bar Traverse","V6","","7A","mp-area-105937674","mp-area-105937674","https://www.mountainproject.com/route/105937677/monkey-bar-traverse","2026-10-01T18:49:01.340Z","36.16154","-115.41099","BLOCKED route geometry/missing evidence","true","true","attributed observation; exact importer link is not independent corroboration","Face, independent corridor evidence and approved overlay pending. Current numeric source route ID; not field verification."
"mp-route-105937677","route","Monkey Bar Traverse","V6","OpenBeta","ob-route-8ee80946-fbf7-5eb5-9a54-937e3fbe12d1","Monkey Bar Traverse","V6","","7A","ob-area-ddffcb90-f85f-5456-bf48-7ac36fa0cf0c","mp-area-105937674","https://openbeta.io/climb/8ee80946-fbf7-5eb5-9a54-937e3fbe12d1/monkey-bar-traverse","2026-10-01T18:49:18.259Z","","","BLOCKED route geometry/missing evidence","true","true","attributed observation; exact importer link is not independent corroboration","Face, independent corridor evidence and approved overlay pending. Exact match to documented OpenBeta importer uuidv5(MP route numeric ID, NIL namespace). Mountain Project import lineage; corroborating source entry does not independently verify route facts."
"mp-route-106657521","route","Monkey Bars","V2","Mountain Project","mp-route-106657521","Monkey Bars","V2","","5+","mp-area-105937674","mp-area-105937674","https://www.mountainproject.com/route/106657521/monkey-bars","2026-10-01T18:49:01.335Z","36.15044","-115.41981","BLOCKED route geometry/missing evidence","true","true","attributed observation; exact importer link is not independent corroboration","Face, independent corridor evidence and approved overlay pending. Source names differ; exact importer identity links entries, not spelling alone. Current numeric source route ID; not field verification."
"mp-route-106657521","route","Monkey Bars","V2","OpenBeta","ob-route-98d36df7-d151-504f-ac9f-5abfbfb7067d","Monkey Bar","V2","","5+","ob-area-ddffcb90-f85f-5456-bf48-7ac36fa0cf0c","mp-area-105937674","https://openbeta.io/climb/98d36df7-d151-504f-ac9f-5abfbfb7067d/monkey-bar","2026-10-01T18:49:18.259Z","","","BLOCKED route geometry/missing evidence","true","true","attributed observation; exact importer link is not independent corroboration","Face, independent corridor evidence and approved overlay pending. Source names differ; exact importer identity links entries, not spelling alone. Exact match to documented OpenBeta importer uuidv5(MP route numeric ID, NIL namespace). Mountain Project import lineage; corroborating source entry does not independently verify route facts."
"mp-route-107849034","route","Monkey Crack","V1","Mountain Project","mp-route-107849034","Monkey Crack","V1","","5","mp-area-105937674","mp-area-105937674","https://www.mountainproject.com/route/107849034/monkey-crack","2026-10-01T18:49:01.362Z","36.15693","-115.42073","BLOCKED route geometry/missing evidence","true","true","attributed observation; exact importer link is not independent corroboration","Face, independent corridor evidence and approved overlay pending. Current numeric source route ID; not field verification."
"mp-route-107849034","route","Monkey Crack","V1","OpenBeta","ob-route-cbd653f5-ebf1-5d86-a02f-504c70aad129","Monkey Crack","V1","","5","ob-area-ddffcb90-f85f-5456-bf48-7ac36fa0cf0c","mp-area-105937674","https://openbeta.io/climb/cbd653f5-ebf1-5d86-a02f-504c70aad129/monkey-crack","2026-10-01T18:49:18.259Z","","","BLOCKED route geometry/missing evidence","true","true","attributed observation; exact importer link is not independent corroboration","Face, independent corridor evidence and approved overlay pending. Exact match to documented OpenBeta importer uuidv5(MP route numeric ID, NIL namespace). Mountain Project import lineage; corroborating source entry does not independently verify route facts."
"mp-route-121826536","route","Monkey Far","V9-10","Mountain Project","mp-route-121826536","Monkey Far","V9-10","","7C+","mp-area-105937674","mp-area-105937674","https://www.mountainproject.com/route/121826536/monkey-far","2026-10-01T18:49:01.711Z","36.16154","-115.41099","BLOCKED route geometry/missing evidence","true","true","attributed observation; exact importer link is not independent corroboration","Face, independent corridor evidence and approved overlay pending. Current numeric source route ID; not field verification."
"mp-route-121826536","route","Monkey Far","V9-10","OpenBeta","ob-route-20f87c8e-1675-5339-be34-c2d4caa7c1f4","Monkey Far","V9-10","","7C+","ob-area-ddffcb90-f85f-5456-bf48-7ac36fa0cf0c","mp-area-105937674","https://openbeta.io/climb/20f87c8e-1675-5339-be34-c2d4caa7c1f4/monkey-far","2026-10-01T18:49:18.259Z","","","BLOCKED route geometry/missing evidence","true","true","attributed observation; exact importer link is not independent corroboration","Face, independent corridor evidence and approved overlay pending. Exact match to documented OpenBeta importer uuidv5(MP route numeric ID, NIL namespace). Mountain Project import lineage; corroborating source entry does not independently verify route facts."
"mp-route-126614999","route","Monkey Near","V5","Mountain Project","mp-route-126614999","Monkey Near","V5","","6C","mp-area-105937674","mp-area-105937674","https://www.mountainproject.com/route/126614999/monkey-near","2026-10-01T18:49:01.654Z","36.16154","-115.41099","BLOCKED route geometry/missing evidence","true","true","attributed observation; exact importer link is not independent corroboration","Face, independent corridor evidence and approved overlay pending. Current numeric source route ID; not field verification."
"mp-route-123281460","route","Monkey's Uncle","V8","Mountain Project","mp-route-123281460","Monkey's Uncle","V8","","7B","mp-area-105937674","mp-area-105937674","https://www.mountainproject.com/route/123281460/monkeys-uncle","2026-10-01T18:49:01.660Z","36.16154","-115.41099","BLOCKED route geometry/missing evidence","true","true","attributed observation; exact importer link is not independent corroboration","Face, independent corridor evidence and approved overlay pending. Current numeric source route ID; not field verification."
"mp-route-113880181","route","Northeast Face Left","V3","Mountain Project","mp-route-113880181","Northeast Face Left","V3","","6A","mp-area-105937674","mp-area-105937674","https://www.mountainproject.com/route/113880181/northeast-face-left","2026-10-01T18:49:01.998Z","36.16154","-115.41099","BLOCKED route geometry/missing evidence","true","true","attributed observation; exact importer link is not independent corroboration","Face, independent corridor evidence and approved overlay pending. Source names differ; exact importer identity links entries, not spelling alone. Current numeric source route ID; not field verification."
"mp-route-113880181","route","Northeast Face Left","V3","OpenBeta","ob-route-4ba708cb-f5c1-561a-b32c-b2e0fe1efda0","Northeast face left","V3","","6A","ob-area-ddffcb90-f85f-5456-bf48-7ac36fa0cf0c","mp-area-105937674","https://openbeta.io/climb/4ba708cb-f5c1-561a-b32c-b2e0fe1efda0/northeast-face-left","2026-10-01T18:49:18.259Z","","","BLOCKED route geometry/missing evidence","true","true","attributed observation; exact importer link is not independent corroboration","Face, independent corridor evidence and approved overlay pending. Source names differ; exact importer identity links entries, not spelling alone. Exact match to documented OpenBeta importer uuidv5(MP route numeric ID, NIL namespace). Mountain Project import lineage; corroborating source entry does not independently verify route facts."
"mp-route-116621137","route","Peter North Pump","V9","Mountain Project","mp-route-116621137","Peter North Pump","V9","","7C","mp-area-105937674","mp-area-105937674","https://www.mountainproject.com/route/116621137/peter-north-pump","2026-10-01T18:49:02.365Z","36.16154","-115.41099","BLOCKED route geometry/missing evidence","true","true","attributed observation; exact importer link is not independent corroboration","Face, independent corridor evidence and approved overlay pending. Current numeric source route ID; not field verification."
"mp-route-116621137","route","Peter North Pump","V9","OpenBeta","ob-route-e0187c21-5a63-5ec1-a560-af7a45ccd78b","Peter North Pump","V9","","7C","ob-area-ddffcb90-f85f-5456-bf48-7ac36fa0cf0c","mp-area-105937674","https://openbeta.io/climb/e0187c21-5a63-5ec1-a560-af7a45ccd78b/peter-north-pump","2026-10-01T18:49:18.259Z","","","BLOCKED route geometry/missing evidence","true","true","attributed observation; exact importer link is not independent corroboration","Face, independent corridor evidence and approved overlay pending. Exact match to documented OpenBeta importer uuidv5(MP route numeric ID, NIL namespace). Mountain Project import lineage; corroborating source entry does not independently verify route facts."
"mp-route-113880208","route","Pockets","V2+","Mountain Project","mp-route-113880208","Pockets","V2+","","5+","mp-area-105937674","mp-area-105937674","https://www.mountainproject.com/route/113880208/pockets","2026-10-01T18:49:02.227Z","36.16154","-115.41099","BLOCKED route geometry/missing evidence","true","true","attributed observation; exact importer link is not independent corroboration","Face, independent corridor evidence and approved overlay pending. Source grades differ; inventory label is provisional, not an averaged grade. Source names differ; exact importer identity links entries, not spelling alone. Current numeric source route ID; not field verification."
"mp-route-113880208","route","Pockets","V2+","OpenBeta","ob-route-167a9f01-5058-5c37-859e-7caa7e74bf97","Pocket sit start","V2","","5+","ob-area-ddffcb90-f85f-5456-bf48-7ac36fa0cf0c","mp-area-105937674","https://openbeta.io/climb/167a9f01-5058-5c37-859e-7caa7e74bf97/pocket-sit-start","2026-10-01T18:49:18.259Z","","","BLOCKED route geometry/missing evidence","true","true","attributed observation; exact importer link is not independent corroboration","Face, independent corridor evidence and approved overlay pending. Source grades differ; inventory label is provisional, not an averaged grade. Source names differ; exact importer identity links entries, not spelling alone. Exact match to documented OpenBeta importer uuidv5(MP route numeric ID, NIL namespace). Mountain Project import lineage; corroborating source entry does not independently verify route facts."
"mp-route-202093496","route","Prow Direct","V2","Mountain Project","mp-route-202093496","Prow Direct","V2","","5+","mp-area-105937674","mp-area-105937674","https://www.mountainproject.com/route/202093496/prow-direct","2026-10-01T18:49:02.385Z","36.16154","-115.41099","BLOCKED route geometry/missing evidence","true","true","attributed observation; exact importer link is not independent corroboration","Face, independent corridor evidence and approved overlay pending. Current numeric source route ID; not field verification."
"mp-route-117939655","route","Redirect, The","V12","Mountain Project","mp-route-117939655","Redirect, The","V12","","8A+","mp-area-105937674","mp-area-105937674","https://www.mountainproject.com/route/117939655/the-redirect","2026-10-01T18:49:02.517Z","36.16154","-115.41099","BLOCKED route geometry/missing evidence","true","true","attributed observation; exact importer link is not independent corroboration","Face, independent corridor evidence and approved overlay pending. Source names differ; exact importer identity links entries, not spelling alone. Current numeric source route ID; not field verification."
"mp-route-117939655","route","Redirect, The","V12","OpenBeta","ob-route-43770523-2eb8-5425-8c0d-ed656c0854a4","The Redirect","V12","","8A+","ob-area-ddffcb90-f85f-5456-bf48-7ac36fa0cf0c","mp-area-105937674","https://openbeta.io/climb/43770523-2eb8-5425-8c0d-ed656c0854a4/the-redirect","2026-10-01T18:49:18.259Z","","","BLOCKED route geometry/missing evidence","true","true","attributed observation; exact importer link is not independent corroboration","Face, independent corridor evidence and approved overlay pending. Source names differ; exact importer identity links entries, not spelling alone. Exact match to documented OpenBeta importer uuidv5(MP route numeric ID, NIL namespace). Mountain Project import lineage; corroborating source entry does not independently verify route facts."
"mp-route-108731202","route","Right of Crack","V2","Mountain Project","mp-route-108731202","Right of Crack","V2","","5+","mp-area-105937674","mp-area-105937674","https://www.mountainproject.com/route/108731202/right-of-crack","2026-10-01T18:49:02.768Z","36.16154","-115.41099","BLOCKED route geometry/missing evidence","true","true","attributed observation; exact importer link is not independent corroboration","Face, independent corridor evidence and approved overlay pending. Current numeric source route ID; not field verification."
"mp-route-108731202","route","Right of Crack","V2","OpenBeta","ob-route-162292b6-04eb-5eb3-bd67-c0d484e7a0cc","Right of Crack","V2","","5+","ob-area-ddffcb90-f85f-5456-bf48-7ac36fa0cf0c","mp-area-105937674","https://openbeta.io/climb/162292b6-04eb-5eb3-bd67-c0d484e7a0cc/right-of-crack","2026-10-01T18:49:18.259Z","","","BLOCKED route geometry/missing evidence","true","true","attributed observation; exact importer link is not independent corroboration","Face, independent corridor evidence and approved overlay pending. Exact match to documented OpenBeta importer uuidv5(MP route numeric ID, NIL namespace). Mountain Project import lineage; corroborating source entry does not independently verify route facts."
"mp-route-123510628","route","Rising Sun, The","V2-3","Mountain Project","mp-route-123510628","Rising Sun, The","V2-3","","5+","mp-area-105937674","mp-area-105937674","https://www.mountainproject.com/route/123510628/the-rising-sun","2026-10-01T18:49:02.793Z","36.16154","-115.41099","BLOCKED route geometry/missing evidence","true","true","attributed observation; exact importer link is not independent corroboration","Face, independent corridor evidence and approved overlay pending. Current numeric source route ID; not field verification."
"mp-route-121742287","route","Seam","V2","Mountain Project","mp-route-121742287","Seam","V2","","5+","mp-area-105937674","mp-area-105937674","https://www.mountainproject.com/route/121742287/seam","2026-10-01T18:49:02.791Z","36.16154","-115.41099","BLOCKED route geometry/missing evidence","true","true","attributed observation; exact importer link is not independent corroboration","Face, independent corridor evidence and approved overlay pending. Current numeric source route ID; not field verification."
"mp-route-121742287","route","Seam","V2","OpenBeta","ob-route-f93c016c-f90c-5010-8616-86ea6ee29d45","Seam","V2","","5+","ob-area-ddffcb90-f85f-5456-bf48-7ac36fa0cf0c","mp-area-105937674","https://openbeta.io/climb/f93c016c-f90c-5010-8616-86ea6ee29d45/seam","2026-10-01T18:49:18.259Z","","","BLOCKED route geometry/missing evidence","true","true","attributed observation; exact importer link is not independent corroboration","Face, independent corridor evidence and approved overlay pending. Exact match to documented OpenBeta importer uuidv5(MP route numeric ID, NIL namespace). Mountain Project import lineage; corroborating source entry does not independently verify route facts."
"mp-route-108551582","route","Umpa Lumpa","V5","Mountain Project","mp-route-108551582","Umpa Lumpa","V5","","6C","mp-area-105937674","mp-area-105937674","https://www.mountainproject.com/route/108551582/umpa-lumpa","2026-10-01T18:49:02.773Z","36.16154","-115.41099","BLOCKED route geometry/missing evidence","true","true","attributed observation; exact importer link is not independent corroboration","Face, independent corridor evidence and approved overlay pending. Source names differ; exact importer identity links entries, not spelling alone. Current numeric source route ID; not field verification."
"mp-route-108551582","route","Umpa Lumpa","V5","OpenBeta","ob-route-d23e18d6-5ba0-5de1-9a5b-157343b265bb","Oompa Loompa","V5","","6C","ob-area-ddffcb90-f85f-5456-bf48-7ac36fa0cf0c","mp-area-105937674","https://openbeta.io/climb/d23e18d6-5ba0-5de1-9a5b-157343b265bb/oompa-loompa","2026-10-01T18:49:18.259Z","","","BLOCKED route geometry/missing evidence","true","true","attributed observation; exact importer link is not independent corroboration","Face, independent corridor evidence and approved overlay pending. Source names differ; exact importer identity links entries, not spelling alone. Exact match to documented OpenBeta importer uuidv5(MP route numeric ID, NIL namespace). Mountain Project import lineage; corroborating source entry does not independently verify route facts."
"mp-route-108595477","route","Short Cube","V3","Mountain Project","mp-route-108595477","Short Cube","V3","","6A","mp-area-108595418","mp-area-108595418","https://www.mountainproject.com/route/108595477/short-cube","2026-10-01T18:49:03.044Z","36.16049","-115.41195","BLOCKED route geometry/missing evidence","true","true","attributed observation; exact importer link is not independent corroboration","Face, independent corridor evidence and approved overlay pending. Current numeric source route ID; not field verification."
"mp-route-108595477","route","Short Cube","V3","OpenBeta","ob-route-dc7b5758-f453-5349-9016-8528382de34b","Short Cube","V3","","6A","ob-area-24857358-ce09-5256-979b-9edd1b090d4c","mp-area-108595418","https://openbeta.io/climb/dc7b5758-f453-5349-9016-8528382de34b/short-cube","2026-10-01T18:49:11.585Z","","","BLOCKED route geometry/missing evidence","true","true","attributed observation; exact importer link is not independent corroboration","Face, independent corridor evidence and approved overlay pending. Exact match to documented OpenBeta importer uuidv5(MP route numeric ID, NIL namespace). Mountain Project import lineage; corroborating source entry does not independently verify route facts."
"mp-route-124064692","route","East Face","V0-","Mountain Project","mp-route-124064692","East Face","V0-","","4-","mp-area-124064421","mp-area-124064421","https://www.mountainproject.com/route/124064692/east-face","2026-10-01T18:49:03.195Z","36.16042","-115.41186","BLOCKED route geometry/missing evidence","true","true","attributed observation; exact importer link is not independent corroboration","Face, independent corridor evidence and approved overlay pending. Current numeric source route ID; not field verification."
"mp-route-124064559","route","West Face Left","V0","Mountain Project","mp-route-124064559","West Face Left","V0","","4","mp-area-124064421","mp-area-124064421","https://www.mountainproject.com/route/124064559/west-face-left","2026-10-01T18:49:03.169Z","36.16042","-115.41186","BLOCKED route geometry/missing evidence","true","true","attributed observation; exact importer link is not independent corroboration","Face, independent corridor evidence and approved overlay pending. Current numeric source route ID; not field verification."
"mp-route-124064612","route","West Face Right","V1","Mountain Project","mp-route-124064612","West Face Right","V1","","5","mp-area-124064421","mp-area-124064421","https://www.mountainproject.com/route/124064612/west-face-right","2026-10-01T18:49:03.060Z","36.16042","-115.41186","BLOCKED route geometry/missing evidence","true","true","attributed observation; exact importer link is not independent corroboration","Face, independent corridor evidence and approved overlay pending. Current numeric source route ID; not field verification."
"mp-route-107406873","route","Cyclops","V5","Mountain Project","mp-route-107406873","Cyclops","V5","","6C","mp-area-107406864","mp-area-107406864","https://www.mountainproject.com/route/107406873/cyclops","2026-10-01T18:49:03.703Z","36.16019","-115.41289","BLOCKED route geometry/missing evidence","true","true","attributed observation; exact importer link is not independent corroboration","Face, independent corridor evidence and approved overlay pending. Source grades differ; inventory label is provisional, not an averaged grade. Current numeric source route ID; not field verification."
"mp-route-107406873","route","Cyclops","V5","OpenBeta","ob-route-515cec34-fe26-50dc-ba0b-14e85c080afb","Cyclops","V5-","","6C","ob-area-a1017568-e80a-5c52-ab40-7d3440ac7c8e","mp-area-107406864","https://openbeta.io/climb/515cec34-fe26-50dc-ba0b-14e85c080afb/cyclops","2026-10-01T18:49:11.563Z","","","BLOCKED route geometry/missing evidence","true","true","attributed observation; exact importer link is not independent corroboration","Face, independent corridor evidence and approved overlay pending. Source grades differ; inventory label is provisional, not an averaged grade. Exact match to documented OpenBeta importer uuidv5(MP route numeric ID, NIL namespace). Mountain Project import lineage; corroborating source entry does not independently verify route facts."
"mp-route-107406867","route","Snake Eyes","V6","Mountain Project","mp-route-107406867","Snake Eyes","V6","","7A","mp-area-107406864","mp-area-107406864","https://www.mountainproject.com/route/107406867/snake-eyes","2026-10-01T18:49:03.467Z","36.16019","-115.41289","BLOCKED route geometry/missing evidence","true","true","attributed observation; exact importer link is not independent corroboration","Face, independent corridor evidence and approved overlay pending. Current numeric source route ID; not field verification."
"mp-route-107406867","route","Snake Eyes","V6","OpenBeta","ob-route-1cb1604c-e6cb-5eb8-b5f7-819105dcd53e","Snake Eyes","V6","","7A","ob-area-a1017568-e80a-5c52-ab40-7d3440ac7c8e","mp-area-107406864","https://openbeta.io/climb/1cb1604c-e6cb-5eb8-b5f7-819105dcd53e/snake-eyes","2026-10-01T18:49:11.563Z","","","BLOCKED route geometry/missing evidence","true","true","attributed observation; exact importer link is not independent corroboration","Face, independent corridor evidence and approved overlay pending. Exact match to documented OpenBeta importer uuidv5(MP route numeric ID, NIL namespace). Mountain Project import lineage; corroborating source entry does not independently verify route facts."
"mp-route-125556701","route","Yellow Submarine","V3","Mountain Project","mp-route-125556701","Yellow Submarine","V3","","6A","mp-area-125556694","mp-area-125556694","https://www.mountainproject.com/route/125556701/yellow-submarine","2026-10-01T18:49:03.443Z","36.15997","-115.41272","BLOCKED route geometry/missing evidence","true","true","attributed observation; exact importer link is not independent corroboration","Face, independent corridor evidence and approved overlay pending. Current numeric source route ID; not field verification."
"mp-route-125230527","route","Chum in the Water","V2","Mountain Project","mp-route-125230527","Chum in the Water","V2","","5+","mp-area-125230403","mp-area-125230403","https://www.mountainproject.com/route/125230527/chum-in-the-water","2026-10-01T18:49:03.428Z","36.16087","-115.41594","BLOCKED route geometry/missing evidence","true","true","attributed observation; exact importer link is not independent corroboration","Face, independent corridor evidence and approved overlay pending. Current numeric source route ID; not field verification."
"mp-route-125230428","route","Get Out of the Water","V4-5","Mountain Project","mp-route-125230428","Get Out of the Water","V4-5","","6B+","mp-area-125230403","mp-area-125230403","https://www.mountainproject.com/route/125230428/get-out-of-the-water","2026-10-01T18:49:03.989Z","36.16087","-115.41594","BLOCKED route geometry/missing evidence","true","true","attributed observation; exact importer link is not independent corroboration","Face, independent corridor evidence and approved overlay pending. Current numeric source route ID; not field verification."
"mp-route-125230606","route","Chocolate Chip","V4","Mountain Project","mp-route-125230606","Chocolate Chip","V4","","6B","mp-area-125230582","mp-area-125230582","https://www.mountainproject.com/route/125230606/chocolate-chip","2026-10-01T18:49:04.096Z","36.16083","-115.41652","BLOCKED route geometry/missing evidence","true","true","attributed observation; exact importer link is not independent corroboration","Face, independent corridor evidence and approved overlay pending. Current numeric source route ID; not field verification."
"ob-area-bfc783a7-d23c-5794-84c7-d7658c387b08","area","Kraft Boulders","","OpenBeta","ob-area-bfc783a7-d23c-5794-84c7-d7658c387b08","Kraft Boulders","","","","","","https://openbeta.io/area/bfc783a7-d23c-5794-84c7-d7658c387b08/kraft-boulders","2026-10-01T18:49:10.816Z","36.15971417989417","-115.41632724867726","BLOCKED identity/conflict","false","false","attributed observation; exact importer link is not independent corroboration","Source hierarchy indexed; expanded runtime coverage pending. Physical/source identity unresolved. No exact current Kraft MP numeric-ID match. Do not infer identity from name."
"ob-area-fecee62f-7053-54f3-898b-8299e34c85ad","area","West Cluster","","OpenBeta","ob-area-fecee62f-7053-54f3-898b-8299e34c85ad","West Cluster","","","","ob-area-bfc783a7-d23c-5794-84c7-d7658c387b08","ob-area-bfc783a7-d23c-5794-84c7-d7658c387b08","https://openbeta.io/area/fecee62f-7053-54f3-898b-8299e34c85ad/west-cluster","2026-10-01T18:49:18.231Z","36.16111714285714","-115.42368428571429","BLOCKED identity/conflict","false","false","attributed observation; exact importer link is not independent corroboration","Source hierarchy indexed; expanded runtime coverage pending. Physical/source identity unresolved. No exact current Kraft MP numeric-ID match. Do not infer identity from name."
"ob-area-8cf3b9ff-49bd-5f3c-9f21-d6dfe564b9f0","source-unit","Black Warm Up Boulders","","OpenBeta","ob-area-8cf3b9ff-49bd-5f3c-9f21-d6dfe564b9f0","Black Warm Up Boulders","","","","ob-area-bfc783a7-d23c-5794-84c7-d7658c387b08","ob-area-bfc783a7-d23c-5794-84c7-d7658c387b08","https://openbeta.io/area/8cf3b9ff-49bd-5f3c-9f21-d6dfe564b9f0/black-warm-up-boulders","2026-10-01T18:49:22.282Z","36.1594","-115.4175","BLOCKED identity/conflict","true","true","attributed observation; exact importer link is not independent corroboration","Physical unit boundary, approved face imagery and map audit pending. Physical/source identity unresolved. No exact current Kraft MP numeric-ID match. Do not infer identity from name."
"ob-area-d315da8b-b355-5e19-8112-0e6d073180d7","source-unit","Big Jugs Adjacent","","OpenBeta","ob-area-d315da8b-b355-5e19-8112-0e6d073180d7","Big Jugs Adjacent","","","","ob-area-bfc783a7-d23c-5794-84c7-d7658c387b08","ob-area-bfc783a7-d23c-5794-84c7-d7658c387b08","https://openbeta.io/area/d315da8b-b355-5e19-8112-0e6d073180d7/big-jugs-adjacent","2026-10-01T18:49:25.427Z","36.15959","-115.41664","BLOCKED identity/conflict","true","true","attributed observation; exact importer link is not independent corroboration","Physical unit boundary, approved face imagery and map audit pending. Physical/source identity unresolved. No exact current Kraft MP numeric-ID match. Do not infer identity from name."
"ob-area-851ea9a6-7ea4-5988-b36b-669d109ec88d","area","Cube Area","","OpenBeta","ob-area-851ea9a6-7ea4-5988-b36b-669d109ec88d","Cube Area","","","","ob-area-bfc783a7-d23c-5794-84c7-d7658c387b08","ob-area-bfc783a7-d23c-5794-84c7-d7658c387b08","https://openbeta.io/area/851ea9a6-7ea4-5988-b36b-669d109ec88d/cube-area","2026-10-01T18:49:26.300Z","36.15987333333333","-115.41924666666667","BLOCKED identity/conflict","false","false","attributed observation; exact importer link is not independent corroboration","Source hierarchy indexed; expanded runtime coverage pending. Physical/source identity unresolved. No exact current Kraft MP numeric-ID match. Do not infer identity from name."
"ob-area-0cc93bf5-be90-4623-a413-d6d17f480f28","source-unit","Tomahawk Boulder","","OpenBeta","ob-area-0cc93bf5-be90-4623-a413-d6d17f480f28","Tomahawk Boulder","","","","ob-area-bfc783a7-d23c-5794-84c7-d7658c387b08","ob-area-bfc783a7-d23c-5794-84c7-d7658c387b08","https://openbeta.io/area/0cc93bf5-be90-4623-a413-d6d17f480f28/tomahawk-boulder","2026-10-01T18:49:26.343Z","36.16013","-115.41853","BLOCKED identity/conflict","true","true","attributed observation; exact importer link is not independent corroboration","Physical unit boundary, approved face imagery and map audit pending. Physical/source identity unresolved. No exact current Kraft MP numeric-ID match. Do not infer identity from name."
"ob-area-7bd32660-9e2d-4895-8f42-1e87be4c578d","source-unit","Wrong! Boulder","","OpenBeta","ob-area-7bd32660-9e2d-4895-8f42-1e87be4c578d","Wrong! Boulder","","","","ob-area-851ea9a6-7ea4-5988-b36b-669d109ec88d","ob-area-851ea9a6-7ea4-5988-b36b-669d109ec88d","https://openbeta.io/area/7bd32660-9e2d-4895-8f42-1e87be4c578d/wrong-boulder","2026-10-01T18:49:27.569Z","36.159917","-115.418896","BLOCKED identity/conflict","true","true","attributed observation; exact importer link is not independent corroboration","Physical unit boundary, approved face imagery and map audit pending. Physical/source identity unresolved. No exact current Kraft MP numeric-ID match. Do not infer identity from name."
"ob-route-6caac005-3400-4057-a27f-26867c4e463a","route","Rub One Off","V6","OpenBeta","ob-route-6caac005-3400-4057-a27f-26867c4e463a","Rub One Off","V6","","","ob-area-fd409330-0964-529e-badd-7e6492fd1bd8","mp-area-106657477","https://openbeta.io/climb/6caac005-3400-4057-a27f-26867c4e463a/rub-one-off","2026-10-01T18:49:11.228Z","","","BLOCKED identity/conflict","true","true","attributed observation; exact importer link is not independent corroboration","Face, independent corridor evidence and approved overlay pending. Route identity/origin unresolved; do not merge by name. No exact current Kraft MP numeric-ID match. Native/other/deleted/import-fallback identity unresolved. Origin unresolved; do not count as independent corroboration solely because hosted by OpenBeta."
"ob-route-a4a75550-8ae9-49c9-855d-90d65b2a445c","route","Coors Light","V7","OpenBeta","ob-route-a4a75550-8ae9-49c9-855d-90d65b2a445c","Coors Light","V7","","","ob-area-3dd093bf-c198-5c99-9d86-a676f84cdc40","mp-area-107430991","https://openbeta.io/climb/a4a75550-8ae9-49c9-855d-90d65b2a445c/coors-light","2026-10-01T18:49:11.560Z","","","BLOCKED identity/conflict","true","true","attributed observation; exact importer link is not independent corroboration","Face, independent corridor evidence and approved overlay pending. Route identity/origin unresolved; do not merge by name. No exact current Kraft MP numeric-ID match. Native/other/deleted/import-fallback identity unresolved. Origin unresolved; do not count as independent corroboration solely because hosted by OpenBeta."
"ob-route-cab774c3-d975-5dc5-a617-f4c3a9976450","route","Torso Rojo","V4","OpenBeta","ob-route-cab774c3-d975-5dc5-a617-f4c3a9976450","Torso Rojo","V4","","6B","ob-area-67db3297-4dd7-51c1-840a-60f3385e041c","mp-area-106657507","https://openbeta.io/climb/cab774c3-d975-5dc5-a617-f4c3a9976450/torso-rojo","2026-10-01T18:49:18.580Z","","","BLOCKED identity/conflict","true","true","attributed observation; exact importer link is not independent corroboration","Face, independent corridor evidence and approved overlay pending. Route identity/origin unresolved; do not merge by name. No exact current Kraft MP numeric-ID match. Native/other/deleted/import-fallback identity unresolved. Origin unresolved; do not count as independent corroboration solely because hosted by OpenBeta."
"ob-route-5725f4f6-b6c4-4cc4-94bb-358e71b6aef8","route","OK Times","V2","OpenBeta","ob-route-5725f4f6-b6c4-4cc4-94bb-358e71b6aef8","OK Times","V2","","","ob-area-2c82a742-f269-5548-8708-c814f5cd8ae8","mp-area-121775048","https://openbeta.io/climb/5725f4f6-b6c4-4cc4-94bb-358e71b6aef8/ok-times","2026-10-01T18:49:18.591Z","","","BLOCKED identity/conflict","true","true","attributed observation; exact importer link is not independent corroboration","Face, independent corridor evidence and approved overlay pending. Route identity/origin unresolved; do not merge by name. No exact current Kraft MP numeric-ID match. Native/other/deleted/import-fallback identity unresolved. Origin unresolved; do not count as independent corroboration solely because hosted by OpenBeta."
"ob-route-185c55cd-1b64-41e0-ac03-fb9077f5a47c","route","Cutters","V9","OpenBeta","ob-route-185c55cd-1b64-41e0-ac03-fb9077f5a47c","Cutters","V9","","","ob-area-9c2c22b1-6aec-5489-a8de-01d4b778e536","mp-area-106657496","https://openbeta.io/climb/185c55cd-1b64-41e0-ac03-fb9077f5a47c/cutters","2026-10-01T18:50:24.195Z","","","BLOCKED identity/conflict","true","true","attributed observation; exact importer link is not independent corroboration","Face, independent corridor evidence and approved overlay pending. Route identity/origin unresolved; do not merge by name. No exact current Kraft MP numeric-ID match. Native/other/deleted/import-fallback identity unresolved. Origin unresolved; do not count as independent corroboration solely because hosted by OpenBeta."
"ob-route-35e41ef2-6f74-4f4d-beff-2653c3bc8ad0","route","Right Face","V6","OpenBeta","ob-route-35e41ef2-6f74-4f4d-beff-2653c3bc8ad0","Right Face","V6","","","ob-area-9c2c22b1-6aec-5489-a8de-01d4b778e536","mp-area-106657496","https://openbeta.io/climb/35e41ef2-6f74-4f4d-beff-2653c3bc8ad0/right-face","2026-10-01T18:50:24.195Z","","","BLOCKED identity/conflict","true","true","attributed observation; exact importer link is not independent corroboration","Face, independent corridor evidence and approved overlay pending. Route identity/origin unresolved; do not merge by name. No exact current Kraft MP numeric-ID match. Native/other/deleted/import-fallback identity unresolved. Origin unresolved; do not count as independent corroboration solely because hosted by OpenBeta."
"ob-route-7875ca36-4f81-45be-b02c-768f0a8323dd","route","Left Arete","V1","OpenBeta","ob-route-7875ca36-4f81-45be-b02c-768f0a8323dd","Left Arete","V1","","","ob-area-0cc93bf5-be90-4623-a413-d6d17f480f28","ob-area-0cc93bf5-be90-4623-a413-d6d17f480f28","https://openbeta.io/climb/7875ca36-4f81-45be-b02c-768f0a8323dd/left-arete","2026-10-01T18:49:26.343Z","","","BLOCKED identity/conflict","true","true","attributed observation; exact importer link is not independent corroboration","Face, independent corridor evidence and approved overlay pending. Route identity/origin unresolved; do not merge by name. No exact current Kraft MP numeric-ID match. Native/other/deleted/import-fallback identity unresolved. Origin unresolved; do not count as independent corroboration solely because hosted by OpenBeta."
"ob-route-80186339-522e-4148-a3bc-9eca26f58fa6","route","Slopey Traverse","V4","OpenBeta","ob-route-80186339-522e-4148-a3bc-9eca26f58fa6","Slopey Traverse","V4","","","ob-area-0cc93bf5-be90-4623-a413-d6d17f480f28","ob-area-0cc93bf5-be90-4623-a413-d6d17f480f28","https://openbeta.io/climb/80186339-522e-4148-a3bc-9eca26f58fa6/slopey-traverse","2026-10-01T18:49:26.343Z","","","BLOCKED identity/conflict","true","true","attributed observation; exact importer link is not independent corroboration","Face, independent corridor evidence and approved overlay pending. Route identity/origin unresolved; do not merge by name. No exact current Kraft MP numeric-ID match. Native/other/deleted/import-fallback identity unresolved. Origin unresolved; do not count as independent corroboration solely because hosted by OpenBeta."
"ob-route-d775959b-da88-4a77-b63f-94736ce22d1e","route","Front","V3","OpenBeta","ob-route-d775959b-da88-4a77-b63f-94736ce22d1e","Front","V3","","","ob-area-0cc93bf5-be90-4623-a413-d6d17f480f28","ob-area-0cc93bf5-be90-4623-a413-d6d17f480f28","https://openbeta.io/climb/d775959b-da88-4a77-b63f-94736ce22d1e/front","2026-10-01T18:49:26.343Z","","","BLOCKED identity/conflict","true","true","attributed observation; exact importer link is not independent corroboration","Face, independent corridor evidence and approved overlay pending. Route identity/origin unresolved; do not merge by name. No exact current Kraft MP numeric-ID match. Native/other/deleted/import-fallback identity unresolved. Origin unresolved; do not count as independent corroboration solely because hosted by OpenBeta."
"ob-route-f016b7b9-325a-4be9-8af9-95ef42dfaf0a","route","Tomahawk","V7","OpenBeta","ob-route-f016b7b9-325a-4be9-8af9-95ef42dfaf0a","Tomahawk","V7","","","ob-area-0cc93bf5-be90-4623-a413-d6d17f480f28","ob-area-0cc93bf5-be90-4623-a413-d6d17f480f28","https://openbeta.io/climb/f016b7b9-325a-4be9-8af9-95ef42dfaf0a/tomahawk","2026-10-01T18:49:26.343Z","","","BLOCKED identity/conflict","true","true","attributed observation; exact importer link is not independent corroboration","Face, independent corridor evidence and approved overlay pending. Route identity/origin unresolved; do not merge by name. No exact current Kraft MP numeric-ID match. Native/other/deleted/import-fallback identity unresolved. Origin unresolved; do not count as independent corroboration solely because hosted by OpenBeta."
"ob-route-7a5ee569-74ef-468d-89d5-49a3bf743cc9","route","A-Orta","v1","OpenBeta","ob-route-7a5ee569-74ef-468d-89d5-49a3bf743cc9","A-Orta","v1","","","ob-area-70663b9a-bf80-51ac-a593-81c0d0398b4f","mp-area-118341819","https://openbeta.io/climb/7a5ee569-74ef-468d-89d5-49a3bf743cc9/a-orta","2026-10-01T18:49:26.716Z","","","BLOCKED identity/conflict","true","true","attributed observation; exact importer link is not independent corroboration","Face, independent corridor evidence and approved overlay pending. Route identity/origin unresolved; do not merge by name. No exact current Kraft MP numeric-ID match. Native/other/deleted/import-fallback identity unresolved. Origin unresolved; do not count as independent corroboration solely because hosted by OpenBeta."
"ob-route-a32959e7-fe7b-49a0-b95a-8a3fac5053d3","route","Andy's Right","V7","OpenBeta","ob-route-a32959e7-fe7b-49a0-b95a-8a3fac5053d3","Andy's Right","V7","","","ob-area-7bd32660-9e2d-4895-8f42-1e87be4c578d","ob-area-7bd32660-9e2d-4895-8f42-1e87be4c578d","https://openbeta.io/climb/a32959e7-fe7b-49a0-b95a-8a3fac5053d3/andys-right","2026-10-01T18:49:27.569Z","","","BLOCKED identity/conflict","true","true","attributed observation; exact importer link is not independent corroboration","Face, independent corridor evidence and approved overlay pending. Route identity/origin unresolved; do not merge by name. No exact current Kraft MP numeric-ID match. Native/other/deleted/import-fallback identity unresolved. Origin unresolved; do not count as independent corroboration solely because hosted by OpenBeta."
"ob-route-dd19114f-5a57-44bb-8317-83a411fd9cf8","route","Wrong","V5","OpenBeta","ob-route-dd19114f-5a57-44bb-8317-83a411fd9cf8","Wrong","V5","","","ob-area-7bd32660-9e2d-4895-8f42-1e87be4c578d","ob-area-7bd32660-9e2d-4895-8f42-1e87be4c578d","https://openbeta.io/climb/dd19114f-5a57-44bb-8317-83a411fd9cf8/wrong","2026-10-01T18:49:27.569Z","","","BLOCKED identity/conflict","true","true","attributed observation; exact importer link is not independent corroboration","Face, independent corridor evidence and approved overlay pending. Route identity/origin unresolved; do not merge by name. No exact current Kraft MP numeric-ID match. Native/other/deleted/import-fallback identity unresolved. Origin unresolved; do not count as independent corroboration solely because hosted by OpenBeta."
"thetopo-sector-600-boulder","source-unit","$600 Boulder","","TheTopo research","thetopo-sector-600-boulder","$600 Boulder","","","","","","https://thetopo.com/crags/kraft-wash-red-rock/sectors/600-boulder","2026-10-01T18:53:07.598Z","36.160066","-115.41701","BLOCKED identity/conflict","false","false","single-source research observation","Source unit identity/crosswalk and acquisition-policy/downstream-use review pending. No product promotion."
"thetopo-sector-slopey-traverse","source-unit","Alexisizer","","TheTopo research","thetopo-sector-slopey-traverse","Alexisizer","","","","","","https://thetopo.com/crags/kraft-wash-red-rock/sectors/slopey-traverse","2026-10-01T18:53:07.598Z","36.160148","-115.41216","BLOCKED identity/conflict","false","false","single-source research observation","Source unit identity/crosswalk and acquisition-policy/downstream-use review pending. No product promotion."
"thetopo-sector-barndoor-boulder-and-the-abyss","source-unit","Barndoor Boulder and The Abyss","","TheTopo research","thetopo-sector-barndoor-boulder-and-the-abyss","Barndoor Boulder and The Abyss","","","","","","https://thetopo.com/crags/kraft-wash-red-rock/sectors/barndoor-boulder-and-the-abyss","2026-10-01T18:53:07.598Z","36.159845","-115.416183","BLOCKED identity/conflict","false","false","single-source research observation","Source unit identity/crosswalk and acquisition-policy/downstream-use review pending. No product promotion."
"thetopo-sector-bathtub-boulder","source-unit","Bathtub Boulder","","TheTopo research","thetopo-sector-bathtub-boulder","Bathtub Boulder","","","","","","https://thetopo.com/crags/kraft-wash-red-rock/sectors/bathtub-boulder","2026-10-01T18:53:07.598Z","36.159832","-115.412933","BLOCKED identity/conflict","false","false","single-source research observation","Source unit identity/crosswalk and acquisition-policy/downstream-use review pending. No product promotion."
"thetopo-sector-beth-wald-boulder","source-unit","Beth Wald Boulder","","TheTopo research","thetopo-sector-beth-wald-boulder","Beth Wald Boulder","","","","","","https://thetopo.com/crags/kraft-wash-red-rock/sectors/beth-wald-boulder","2026-10-01T18:53:07.598Z","36.159447","-115.416752","BLOCKED identity/conflict","false","false","single-source research observation","Source unit identity/crosswalk and acquisition-policy/downstream-use review pending. No product promotion."
"thetopo-sector-big-jugs","source-unit","Big Jugs","","TheTopo research","thetopo-sector-big-jugs","Big Jugs","","","","","","https://thetopo.com/crags/kraft-wash-red-rock/sectors/big-jugs","2026-10-01T18:53:07.598Z","36.159698","-115.416688","BLOCKED identity/conflict","false","false","single-source research observation","Source unit identity/crosswalk and acquisition-policy/downstream-use review pending. No product promotion."
"thetopo-sector-big-mac-crack","source-unit","Big Mac Crack","","TheTopo research","thetopo-sector-big-mac-crack","Big Mac Crack","","","","","","https://thetopo.com/crags/kraft-wash-red-rock/sectors/big-mac-crack","2026-10-01T18:53:07.598Z","36.160963","-115.423828","BLOCKED identity/conflict","false","false","single-source research observation","Source unit identity/crosswalk and acquisition-policy/downstream-use review pending. No product promotion."
"thetopo-sector-bitch-slap-5","source-unit","Bitch Slap 5","","TheTopo research","thetopo-sector-bitch-slap-5","Bitch Slap 5","","","","","","https://thetopo.com/crags/kraft-wash-red-rock/sectors/bitch-slap-5","2026-10-01T18:53:07.598Z","36.161621","-115.412321","BLOCKED identity/conflict","false","false","single-source research observation","Source unit identity/crosswalk and acquisition-policy/downstream-use review pending. No product promotion."
"thetopo-sector-bubble-butt-boulder","source-unit","Bubble Butt Boulder","","TheTopo research","thetopo-sector-bubble-butt-boulder","Bubble Butt Boulder","","","","","","https://thetopo.com/crags/kraft-wash-red-rock/sectors/bubble-butt-boulder","2026-10-01T18:53:07.598Z","36.159806","-115.415652","BLOCKED identity/conflict","false","false","single-source research observation","Source unit identity/crosswalk and acquisition-policy/downstream-use review pending. No product promotion."
"thetopo-sector-butt-crack-boulder","source-unit","Butt Crack Boulder","","TheTopo research","thetopo-sector-butt-crack-boulder","Butt Crack Boulder","","","","","","https://thetopo.com/crags/kraft-wash-red-rock/sectors/butt-crack-boulder","2026-10-01T18:53:07.598Z","36.159655","-115.416698","BLOCKED identity/conflict","false","false","single-source research observation","Source unit identity/crosswalk and acquisition-policy/downstream-use review pending. No product promotion."
"thetopo-sector-butterfly-kiss","source-unit","Butterfly Kiss","","TheTopo research","thetopo-sector-butterfly-kiss","Butterfly Kiss","","","","","","https://thetopo.com/crags/kraft-wash-red-rock/sectors/butterfly-kiss","2026-10-01T18:53:07.598Z","36.159771","-115.416315","BLOCKED identity/conflict","false","false","single-source research observation","Source unit identity/crosswalk and acquisition-policy/downstream-use review pending. No product promotion."
"thetopo-sector-caliman-boulder","source-unit","Caliman Boulder","","TheTopo research","thetopo-sector-caliman-boulder","Caliman Boulder","","","","","","https://thetopo.com/crags/kraft-wash-red-rock/sectors/caliman-boulder","2026-10-01T18:53:07.598Z","36.16088","-115.411474","BLOCKED identity/conflict","false","false","single-source research observation","Source unit identity/crosswalk and acquisition-policy/downstream-use review pending. No product promotion."
"thetopo-sector-heart-and-sole","source-unit","Heart and Sole","","TheTopo research","thetopo-sector-heart-and-sole","Heart and Sole","","","","","","https://thetopo.com/crags/kraft-wash-red-rock/sectors/heart-and-sole","2026-10-01T18:53:07.598Z","36.160837","-115.423688","BLOCKED identity/conflict","false","false","single-source research observation","Source unit identity/crosswalk and acquisition-policy/downstream-use review pending. No product promotion."
"thetopo-sector-hound-dog-arete","source-unit","Hound Dog Arete","","TheTopo research","thetopo-sector-hound-dog-arete","Hound Dog Arete","","","","","","https://thetopo.com/crags/kraft-wash-red-rock/sectors/hound-dog-arete","2026-10-01T18:53:07.598Z","36.159769","-115.416347","BLOCKED identity/conflict","false","false","single-source research observation","Source unit identity/crosswalk and acquisition-policy/downstream-use review pending. No product promotion."
"thetopo-sector-kraft-boulders","source-unit","Kraft Boulders","","TheTopo research","thetopo-sector-kraft-boulders","Kraft Boulders","","","","","","https://thetopo.com/crags/kraft-wash-red-rock/sectors/kraft-boulders","2026-10-01T18:53:07.598Z","36.160166","-115.415647","BLOCKED identity/conflict","false","false","single-source research observation","Source unit identity/crosswalk and acquisition-policy/downstream-use review pending. No product promotion."
"thetopo-sector-monkey-bar-boulder","source-unit","Monkey Bar Boulder","","TheTopo research","thetopo-sector-monkey-bar-boulder","Monkey Bar Boulder","","","","","","https://thetopo.com/crags/kraft-wash-red-rock/sectors/monkey-bar-boulder","2026-10-01T18:53:07.598Z","36.161478","-115.410975","BLOCKED identity/conflict","false","false","single-source research observation","Source unit identity/crosswalk and acquisition-policy/downstream-use review pending. No product promotion."
"thetopo-sector-bill-s-boulder","source-unit","My Tan","","TheTopo research","thetopo-sector-bill-s-boulder","My Tan","","","","","","https://thetopo.com/crags/kraft-wash-red-rock/sectors/bill-s-boulder","2026-10-01T18:53:07.598Z","36.159754","-115.413136","BLOCKED identity/conflict","false","false","single-source research observation","Source unit identity/crosswalk and acquisition-policy/downstream-use review pending. No product promotion."
"thetopo-sector-picante-sauce","source-unit","Picante Sauce","","TheTopo research","thetopo-sector-picante-sauce","Picante Sauce","","","","","","https://thetopo.com/crags/kraft-wash-red-rock/sectors/picante-sauce","2026-10-01T18:53:07.598Z","36.15965","-115.416395","BLOCKED identity/conflict","false","false","single-source research observation","Source unit identity/crosswalk and acquisition-policy/downstream-use review pending. No product promotion."
"thetopo-sector-plumber-s-crack","source-unit","Plumber's Crack","","TheTopo research","thetopo-sector-plumber-s-crack","Plumber's Crack","","","","","","https://thetopo.com/crags/kraft-wash-red-rock/sectors/plumber-s-crack","2026-10-01T18:53:07.598Z","36.159949","-115.417154","BLOCKED identity/conflict","false","false","single-source research observation","Source unit identity/crosswalk and acquisition-policy/downstream-use review pending. No product promotion."
"thetopo-sector-pretzel-boulder","source-unit","Pretzel Boulder","","TheTopo research","thetopo-sector-pretzel-boulder","Pretzel Boulder","","","","","","https://thetopo.com/crags/kraft-wash-red-rock/sectors/pretzel-boulder","2026-10-01T18:53:07.598Z","36.159616","-115.416784","BLOCKED identity/conflict","false","false","single-source research observation","Source unit identity/crosswalk and acquisition-policy/downstream-use review pending. No product promotion."
"thetopo-sector-sorange","source-unit","Sorange","","TheTopo research","thetopo-sector-sorange","Sorange","","","","","","https://thetopo.com/crags/kraft-wash-red-rock/sectors/sorange","2026-10-01T18:53:07.598Z","36.161131","-115.424139","BLOCKED identity/conflict","false","false","single-source research observation","Source unit identity/crosswalk and acquisition-policy/downstream-use review pending. No product promotion."
"thetopo-sector-spitting-venom","source-unit","Spitting Venom","","TheTopo research","thetopo-sector-spitting-venom","Spitting Venom","","","","","","https://thetopo.com/crags/kraft-wash-red-rock/sectors/spitting-venom","2026-10-01T18:53:07.598Z","36.161188","-115.423779","BLOCKED identity/conflict","false","false","single-source research observation","Source unit identity/crosswalk and acquisition-policy/downstream-use review pending. No product promotion."
"thetopo-sector-spook-eyes","source-unit","Spook Eyes","","TheTopo research","thetopo-sector-spook-eyes","Spook Eyes","","","","","","https://thetopo.com/crags/kraft-wash-red-rock/sectors/spook-eyes","2026-10-01T18:53:07.598Z","36.160486","-115.411919","BLOCKED identity/conflict","false","false","single-source research observation","Source unit identity/crosswalk and acquisition-policy/downstream-use review pending. No product promotion."
"thetopo-sector-super-scream","source-unit","Super scream","","TheTopo research","thetopo-sector-super-scream","Super scream","","","","","","https://thetopo.com/crags/kraft-wash-red-rock/sectors/super-scream","2026-10-01T18:53:07.598Z","36.159664","-115.417118","BLOCKED identity/conflict","false","false","single-source research observation","Source unit identity/crosswalk and acquisition-policy/downstream-use review pending. No product promotion."
"thetopo-sector-the-angel-dyno","source-unit","The Angel Dyno","","TheTopo research","thetopo-sector-the-angel-dyno","The Angel Dyno","","","","","","https://thetopo.com/crags/kraft-wash-red-rock/sectors/the-angel-dyno","2026-10-01T18:53:07.598Z","36.159672","-115.416055","BLOCKED identity/conflict","false","false","single-source research observation","Source unit identity/crosswalk and acquisition-policy/downstream-use review pending. No product promotion."
"thetopo-sector-the-black-bitch","source-unit","The Black Bitch","","TheTopo research","thetopo-sector-the-black-bitch","The Black Bitch","","","","","","https://thetopo.com/crags/kraft-wash-red-rock/sectors/the-black-bitch","2026-10-01T18:53:07.598Z","36.15965","-115.416489","BLOCKED identity/conflict","false","false","single-source research observation","Source unit identity/crosswalk and acquisition-policy/downstream-use review pending. No product promotion."
"thetopo-sector-the-burnout-boulder","source-unit","The Burnout Boulder","","TheTopo research","thetopo-sector-the-burnout-boulder","The Burnout Boulder","","","","","","https://thetopo.com/crags/kraft-wash-red-rock/sectors/the-burnout-boulder","2026-10-01T18:53:07.598Z","36.159741","-115.416441","BLOCKED identity/conflict","false","false","single-source research observation","Source unit identity/crosswalk and acquisition-policy/downstream-use review pending. No product promotion."
"thetopo-sector-the-cube","source-unit","The Cube","","TheTopo research","thetopo-sector-the-cube","The Cube","","","","","","https://thetopo.com/crags/kraft-wash-red-rock/sectors/the-cube","2026-10-01T18:53:07.598Z","36.159784","-115.419123","BLOCKED identity/conflict","false","false","single-source research observation","Source unit identity/crosswalk and acquisition-policy/downstream-use review pending. No product promotion."
"thetopo-sector-the-pearl","source-unit","The Pearl","","TheTopo research","thetopo-sector-the-pearl","The Pearl","","","","","","https://thetopo.com/crags/kraft-wash-red-rock/sectors/the-pearl","2026-10-01T18:53:07.598Z","36.159273","-115.414799","BLOCKED identity/conflict","false","false","single-source research observation","Source unit identity/crosswalk and acquisition-policy/downstream-use review pending. No product promotion."
"thetopo-sector-the-wave-18175","source-unit","The Wave","","TheTopo research","thetopo-sector-the-wave-18175","The Wave","","","","","","https://thetopo.com/crags/kraft-wash-red-rock/sectors/the-wave-18175","2026-10-01T18:53:07.598Z","36.159732","-115.414284","BLOCKED identity/conflict","false","false","single-source research observation","Source unit identity/crosswalk and acquisition-policy/downstream-use review pending. No product promotion."
"thetopo-sector-ultimate-grandstaff","source-unit","Ultimate Grandstaff","","TheTopo research","thetopo-sector-ultimate-grandstaff","Ultimate Grandstaff","","","","","","https://thetopo.com/crags/kraft-wash-red-rock/sectors/ultimate-grandstaff","2026-10-01T18:53:07.598Z","36.159758","-115.416275","BLOCKED identity/conflict","false","false","single-source research observation","Source unit identity/crosswalk and acquisition-policy/downstream-use review pending. No product promotion."
"thetopo-sector-warm-up-boulders-sector","source-unit","Warm Up Boulders Sector","","TheTopo research","thetopo-sector-warm-up-boulders-sector","Warm Up Boulders Sector","","","","","","https://thetopo.com/crags/kraft-wash-red-rock/sectors/warm-up-boulders-sector","2026-10-01T18:53:07.598Z","36.159577","-115.416988","BLOCKED identity/conflict","false","false","single-source research observation","Source unit identity/crosswalk and acquisition-policy/downstream-use review pending. No product promotion."
"thetopo-sector-warm-ups","source-unit","Warm ups","","TheTopo research","thetopo-sector-warm-ups","Warm ups","","","","","","https://thetopo.com/crags/kraft-wash-red-rock/sectors/warm-ups","2026-10-01T18:53:07.598Z","36.161071","-115.423838","BLOCKED identity/conflict","false","false","single-source research observation","Source unit identity/crosswalk and acquisition-policy/downstream-use review pending. No product promotion."
"thetopo-sector-wolfgang-gullich-memorial-boulder","source-unit","Wolfgang Gullich Memorial Boulder","","TheTopo research","thetopo-sector-wolfgang-gullich-memorial-boulder","Wolfgang Gullich Memorial Boulder","","","","","","https://thetopo.com/crags/kraft-wash-red-rock/sectors/wolfgang-gullich-memorial-boulder","2026-10-01T18:53:07.598Z","36.159616","-115.416945","BLOCKED identity/conflict","false","false","single-source research observation","Source unit identity/crosswalk and acquisition-policy/downstream-use review pending. No product promotion."
"thetopo-view-8535","view","$600 Boulder 1 / 3","","TheTopo research","thetopo-view-8535","$600 Boulder 1 / 3","","","","thetopo-sector-600-boulder","","https://thetopo.com/crags/kraft-wash-red-rock/topos/600-boulder#topo-image-8535","2026-10-01T18:53:07.598Z","","","BLOCKED lawful image","false","false","source grouping; orientation unresolved","Reference-only image/artwork; geometry excluded. Acquisition-policy/downstream-use review pending."
"thetopo-view-58482","view","$600 Boulder 2 / 3","","TheTopo research","thetopo-view-58482","$600 Boulder 2 / 3","","","","thetopo-sector-600-boulder","","https://thetopo.com/crags/kraft-wash-red-rock/topos/600-boulder#topo-image-58482","2026-10-01T18:53:07.598Z","","","BLOCKED lawful image","false","false","source grouping; orientation unresolved","Reference-only image/artwork; geometry excluded. Acquisition-policy/downstream-use review pending."
"thetopo-view-58483","view","$600 Boulder 3 / 3","","TheTopo research","thetopo-view-58483","$600 Boulder 3 / 3","","","","thetopo-sector-600-boulder","","https://thetopo.com/crags/kraft-wash-red-rock/topos/600-boulder#topo-image-58483","2026-10-01T18:53:07.598Z","","","BLOCKED lawful image","false","false","source grouping; orientation unresolved","Reference-only image/artwork; geometry excluded. Acquisition-policy/downstream-use review pending."
"thetopo-view-8569","view","Alexisizer 1 / 1","","TheTopo research","thetopo-view-8569","Alexisizer 1 / 1","","","","thetopo-sector-slopey-traverse","","https://thetopo.com/crags/kraft-wash-red-rock/topos/slopey-traverse#topo-image-8569","2026-10-01T18:53:07.598Z","","","BLOCKED lawful image","false","false","source grouping; orientation unresolved","Reference-only image/artwork; geometry excluded. Acquisition-policy/downstream-use review pending."
"thetopo-view-8522","view","Barndoor Boulder and The Abyss 1 / 1","","TheTopo research","thetopo-view-8522","Barndoor Boulder and The Abyss 1 / 1","","","","thetopo-sector-barndoor-boulder-and-the-abyss","","https://thetopo.com/crags/kraft-wash-red-rock/topos/barndoor-boulder-and-the-abyss#topo-image-8522","2026-10-01T18:53:07.598Z","","","BLOCKED lawful image","false","false","source grouping; orientation unresolved","Reference-only image/artwork; geometry excluded. Acquisition-policy/downstream-use review pending."
"thetopo-view-8565","view","Bathtub Boulder 1 / 2","","TheTopo research","thetopo-view-8565","Bathtub Boulder 1 / 2","","","","thetopo-sector-bathtub-boulder","","https://thetopo.com/crags/kraft-wash-red-rock/topos/bathtub-boulder#topo-image-8565","2026-10-01T18:53:07.598Z","","","BLOCKED lawful image","false","false","source grouping; orientation unresolved","Reference-only image/artwork; geometry excluded. Acquisition-policy/downstream-use review pending."
"thetopo-view-8566","view","Bathtub Boulder 2 / 2","","TheTopo research","thetopo-view-8566","Bathtub Boulder 2 / 2","","","","thetopo-sector-bathtub-boulder","","https://thetopo.com/crags/kraft-wash-red-rock/topos/bathtub-boulder#topo-image-8566","2026-10-01T18:53:07.598Z","","","BLOCKED lawful image","false","false","source grouping; orientation unresolved","Reference-only image/artwork; geometry excluded. Acquisition-policy/downstream-use review pending."
"thetopo-view-8521","view","Beth Wald Boulder 1 / 1","","TheTopo research","thetopo-view-8521","Beth Wald Boulder 1 / 1","","","","thetopo-sector-beth-wald-boulder","","https://thetopo.com/crags/kraft-wash-red-rock/topos/beth-wald-boulder#topo-image-8521","2026-10-01T18:53:07.598Z","","","BLOCKED lawful image","false","false","source grouping; orientation unresolved","Reference-only image/artwork; geometry excluded. Acquisition-policy/downstream-use review pending."
"thetopo-view-8537","view","Big Jugs 1 / 1","","TheTopo research","thetopo-view-8537","Big Jugs 1 / 1","","","","thetopo-sector-big-jugs","","https://thetopo.com/crags/kraft-wash-red-rock/topos/big-jugs#topo-image-8537","2026-10-01T18:53:07.598Z","","","BLOCKED lawful image","false","false","source grouping; orientation unresolved","Reference-only image/artwork; geometry excluded. Acquisition-policy/downstream-use review pending."
"thetopo-view-8551","view","Big Mac Crack 1 / 1","","TheTopo research","thetopo-view-8551","Big Mac Crack 1 / 1","","","","thetopo-sector-big-mac-crack","","https://thetopo.com/crags/kraft-wash-red-rock/topos/big-mac-crack#topo-image-8551","2026-10-01T18:53:07.598Z","","","BLOCKED lawful image","false","false","source grouping; orientation unresolved","Reference-only image/artwork; geometry excluded. Acquisition-policy/downstream-use review pending."
"thetopo-view-8564","view","Bubble Butt Boulder 1 / 3","","TheTopo research","thetopo-view-8564","Bubble Butt Boulder 1 / 3","","","","thetopo-sector-bubble-butt-boulder","","https://thetopo.com/crags/kraft-wash-red-rock/topos/bubble-butt-boulder#topo-image-8564","2026-10-01T18:53:07.598Z","","","BLOCKED lawful image","false","false","source grouping; orientation unresolved","Reference-only image/artwork; geometry excluded. Acquisition-policy/downstream-use review pending."
"thetopo-view-8746","view","Bubble Butt Boulder 2 / 3","","TheTopo research","thetopo-view-8746","Bubble Butt Boulder 2 / 3","","","","thetopo-sector-bubble-butt-boulder","","https://thetopo.com/crags/kraft-wash-red-rock/topos/bubble-butt-boulder#topo-image-8746","2026-10-01T18:53:07.598Z","","","BLOCKED lawful image","false","false","source grouping; orientation unresolved","Reference-only image/artwork; geometry excluded. Acquisition-policy/downstream-use review pending."
"thetopo-view-8749","view","Bubble Butt Boulder 3 / 3","","TheTopo research","thetopo-view-8749","Bubble Butt Boulder 3 / 3","","","","thetopo-sector-bubble-butt-boulder","","https://thetopo.com/crags/kraft-wash-red-rock/topos/bubble-butt-boulder#topo-image-8749","2026-10-01T18:53:07.598Z","","","BLOCKED lawful image","false","false","source grouping; orientation unresolved","Reference-only image/artwork; geometry excluded. Acquisition-policy/downstream-use review pending."
"thetopo-view-8515","view","Butt Crack Boulder 1 / 1","","TheTopo research","thetopo-view-8515","Butt Crack Boulder 1 / 1","","","","thetopo-sector-butt-crack-boulder","","https://thetopo.com/crags/kraft-wash-red-rock/topos/butt-crack-boulder#topo-image-8515","2026-10-01T18:53:07.598Z","","","BLOCKED lawful image","false","false","source grouping; orientation unresolved","Reference-only image/artwork; geometry excluded. Acquisition-policy/downstream-use review pending."
"thetopo-view-42217","view","Butterfly Kiss 1 / 2","","TheTopo research","thetopo-view-42217","Butterfly Kiss 1 / 2","","","","thetopo-sector-butterfly-kiss","","https://thetopo.com/crags/kraft-wash-red-rock/topos/butterfly-kiss#topo-image-42217","2026-10-01T18:53:07.598Z","","","BLOCKED lawful image","false","false","source grouping; orientation unresolved","Reference-only image/artwork; geometry excluded. Acquisition-policy/downstream-use review pending."
"thetopo-view-58531","view","Butterfly Kiss 2 / 2","","TheTopo research","thetopo-view-58531","Butterfly Kiss 2 / 2","","","","thetopo-sector-butterfly-kiss","","https://thetopo.com/crags/kraft-wash-red-rock/topos/butterfly-kiss#topo-image-58531","2026-10-01T18:53:07.598Z","","","BLOCKED lawful image","false","false","source grouping; orientation unresolved","Reference-only image/artwork; geometry excluded. Acquisition-policy/downstream-use review pending."
"thetopo-view-33994","view","Caliman Boulder 1 / 1","","TheTopo research","thetopo-view-33994","Caliman Boulder 1 / 1","","","","thetopo-sector-caliman-boulder","","https://thetopo.com/crags/kraft-wash-red-rock/topos/caliman-boulder#topo-image-33994","2026-10-01T18:53:07.598Z","","","BLOCKED lawful image","false","false","source grouping; orientation unresolved","Reference-only image/artwork; geometry excluded. Acquisition-policy/downstream-use review pending."
"thetopo-view-8553","view","Heart and Sole 1 / 1","","TheTopo research","thetopo-view-8553","Heart and Sole 1 / 1","","","","thetopo-sector-heart-and-sole","","https://thetopo.com/crags/kraft-wash-red-rock/topos/heart-and-sole#topo-image-8553","2026-10-01T18:53:07.598Z","","","BLOCKED lawful image","false","false","source grouping; orientation unresolved","Reference-only image/artwork; geometry excluded. Acquisition-policy/downstream-use review pending."
"thetopo-view-42216","view","Hound Dog Arete 1 / 1","","TheTopo research","thetopo-view-42216","Hound Dog Arete 1 / 1","","","","thetopo-sector-hound-dog-arete","","https://thetopo.com/crags/kraft-wash-red-rock/topos/hound-dog-arete#topo-image-42216","2026-10-01T18:53:07.598Z","","","BLOCKED lawful image","false","false","source grouping; orientation unresolved","Reference-only image/artwork; geometry excluded. Acquisition-policy/downstream-use review pending."
"thetopo-view-8431","view","Monkey Bar Boulder 1 / 4","","TheTopo research","thetopo-view-8431","Monkey Bar Boulder 1 / 4","","","","thetopo-sector-monkey-bar-boulder","","https://thetopo.com/crags/kraft-wash-red-rock/topos/monkey-bar-boulder#topo-image-8431","2026-10-01T18:53:07.598Z","","","BLOCKED lawful image","false","false","source grouping; orientation unresolved","Reference-only image/artwork; geometry excluded. Acquisition-policy/downstream-use review pending."
"thetopo-view-8432","view","Monkey Bar Boulder 2 / 4","","TheTopo research","thetopo-view-8432","Monkey Bar Boulder 2 / 4","","","","thetopo-sector-monkey-bar-boulder","","https://thetopo.com/crags/kraft-wash-red-rock/topos/monkey-bar-boulder#topo-image-8432","2026-10-01T18:53:07.598Z","","","BLOCKED lawful image","false","false","source grouping; orientation unresolved","Reference-only image/artwork; geometry excluded. Acquisition-policy/downstream-use review pending."
"thetopo-view-58474","view","Monkey Bar Boulder 3 / 4","","TheTopo research","thetopo-view-58474","Monkey Bar Boulder 3 / 4","","","","thetopo-sector-monkey-bar-boulder","","https://thetopo.com/crags/kraft-wash-red-rock/topos/monkey-bar-boulder#topo-image-58474","2026-10-01T18:53:07.598Z","","","BLOCKED lawful image","false","false","source grouping; orientation unresolved","Reference-only image/artwork; geometry excluded. Acquisition-policy/downstream-use review pending."
"thetopo-view-58475","view","Monkey Bar Boulder 4 / 4","","TheTopo research","thetopo-view-58475","Monkey Bar Boulder 4 / 4","","","","thetopo-sector-monkey-bar-boulder","","https://thetopo.com/crags/kraft-wash-red-rock/topos/monkey-bar-boulder#topo-image-58475","2026-10-01T18:53:07.598Z","","","BLOCKED lawful image","false","false","source grouping; orientation unresolved","Reference-only image/artwork; geometry excluded. Acquisition-policy/downstream-use review pending."
"thetopo-view-8554","view","My Tan 1 / 1","","TheTopo research","thetopo-view-8554","My Tan 1 / 1","","","","thetopo-sector-bill-s-boulder","","https://thetopo.com/crags/kraft-wash-red-rock/topos/bill-s-boulder#topo-image-8554","2026-10-01T18:53:07.598Z","","","BLOCKED lawful image","false","false","source grouping; orientation unresolved","Reference-only image/artwork; geometry excluded. Acquisition-policy/downstream-use review pending."
"thetopo-view-8525","view","Picante Sauce 1 / 1","","TheTopo research","thetopo-view-8525","Picante Sauce 1 / 1","","","","thetopo-sector-picante-sauce","","https://thetopo.com/crags/kraft-wash-red-rock/topos/picante-sauce#topo-image-8525","2026-10-01T18:53:07.598Z","","","BLOCKED lawful image","false","false","source grouping; orientation unresolved","Reference-only image/artwork; geometry excluded. Acquisition-policy/downstream-use review pending."
"thetopo-view-8561","view","Plumber's Crack 1 / 2","","TheTopo research","thetopo-view-8561","Plumber's Crack 1 / 2","","","","thetopo-sector-plumber-s-crack","","https://thetopo.com/crags/kraft-wash-red-rock/topos/plumber-s-crack#topo-image-8561","2026-10-01T18:53:07.598Z","","","BLOCKED lawful image","false","false","source grouping; orientation unresolved","Reference-only image/artwork; geometry excluded. Acquisition-policy/downstream-use review pending."
"thetopo-view-8562","view","Plumber's Crack 2 / 2","","TheTopo research","thetopo-view-8562","Plumber's Crack 2 / 2","","","","thetopo-sector-plumber-s-crack","","https://thetopo.com/crags/kraft-wash-red-rock/topos/plumber-s-crack#topo-image-8562","2026-10-01T18:53:07.598Z","","","BLOCKED lawful image","false","false","source grouping; orientation unresolved","Reference-only image/artwork; geometry excluded. Acquisition-policy/downstream-use review pending."
"thetopo-view-8567","view","Pretzel Boulder 1 / 1","","TheTopo research","thetopo-view-8567","Pretzel Boulder 1 / 1","","","","thetopo-sector-pretzel-boulder","","https://thetopo.com/crags/kraft-wash-red-rock/topos/pretzel-boulder#topo-image-8567","2026-10-01T18:53:07.598Z","","","BLOCKED lawful image","false","false","source grouping; orientation unresolved","Reference-only image/artwork; geometry excluded. Acquisition-policy/downstream-use review pending."
"thetopo-view-8549","view","Sorange 1 / 1","","TheTopo research","thetopo-view-8549","Sorange 1 / 1","","","","thetopo-sector-sorange","","https://thetopo.com/crags/kraft-wash-red-rock/topos/sorange#topo-image-8549","2026-10-01T18:53:07.598Z","","","BLOCKED lawful image","false","false","source grouping; orientation unresolved","Reference-only image/artwork; geometry excluded. Acquisition-policy/downstream-use review pending."
"thetopo-view-98676","view","Spitting Venom 1 / 2","","TheTopo research","thetopo-view-98676","Spitting Venom 1 / 2","","","","thetopo-sector-spitting-venom","","https://thetopo.com/crags/kraft-wash-red-rock/topos/spitting-venom#topo-image-98676","2026-10-01T18:53:07.598Z","","","BLOCKED lawful image","false","false","source grouping; orientation unresolved","Reference-only image/artwork; geometry excluded. Acquisition-policy/downstream-use review pending."
"thetopo-view-8552","view","Spitting Venom 2 / 2","","TheTopo research","thetopo-view-8552","Spitting Venom 2 / 2","","","","thetopo-sector-spitting-venom","","https://thetopo.com/crags/kraft-wash-red-rock/topos/spitting-venom#topo-image-8552","2026-10-01T18:53:07.598Z","","","BLOCKED lawful image","false","false","source grouping; orientation unresolved","Reference-only image/artwork; geometry excluded. Acquisition-policy/downstream-use review pending."
"thetopo-view-58534","view","Super scream 1 / 2","","TheTopo research","thetopo-view-58534","Super scream 1 / 2","","","","thetopo-sector-super-scream","","https://thetopo.com/crags/kraft-wash-red-rock/topos/super-scream#topo-image-58534","2026-10-01T18:53:07.598Z","","","BLOCKED lawful image","false","false","source grouping; orientation unresolved","Reference-only image/artwork; geometry excluded. Acquisition-policy/downstream-use review pending."
"thetopo-view-58536","view","Super scream 2 / 2","","TheTopo research","thetopo-view-58536","Super scream 2 / 2","","","","thetopo-sector-super-scream","","https://thetopo.com/crags/kraft-wash-red-rock/topos/super-scream#topo-image-58536","2026-10-01T18:53:07.598Z","","","BLOCKED lawful image","false","false","source grouping; orientation unresolved","Reference-only image/artwork; geometry excluded. Acquisition-policy/downstream-use review pending."
"thetopo-view-8517","view","The Angel Dyno 1 / 1","","TheTopo research","thetopo-view-8517","The Angel Dyno 1 / 1","","","","thetopo-sector-the-angel-dyno","","https://thetopo.com/crags/kraft-wash-red-rock/topos/the-angel-dyno#topo-image-8517","2026-10-01T18:53:07.598Z","","","BLOCKED lawful image","false","false","source grouping; orientation unresolved","Reference-only image/artwork; geometry excluded. Acquisition-policy/downstream-use review pending."
"thetopo-view-8524","view","The Black Bitch 1 / 1","","TheTopo research","thetopo-view-8524","The Black Bitch 1 / 1","","","","thetopo-sector-the-black-bitch","","https://thetopo.com/crags/kraft-wash-red-rock/topos/the-black-bitch#topo-image-8524","2026-10-01T18:53:07.598Z","","","BLOCKED lawful image","false","false","source grouping; orientation unresolved","Reference-only image/artwork; geometry excluded. Acquisition-policy/downstream-use review pending."
"thetopo-view-8516","view","The Burnout Boulder 1 / 1","","TheTopo research","thetopo-view-8516","The Burnout Boulder 1 / 1","","","","thetopo-sector-the-burnout-boulder","","https://thetopo.com/crags/kraft-wash-red-rock/topos/the-burnout-boulder#topo-image-8516","2026-10-01T18:53:07.598Z","","","BLOCKED lawful image","false","false","source grouping; orientation unresolved","Reference-only image/artwork; geometry excluded. Acquisition-policy/downstream-use review pending."
"thetopo-view-8557","view","The Cube 1 / 4","","TheTopo research","thetopo-view-8557","The Cube 1 / 4","","","","thetopo-sector-the-cube","","https://thetopo.com/crags/kraft-wash-red-rock/topos/the-cube#topo-image-8557","2026-10-01T18:53:07.598Z","","","BLOCKED lawful image","false","false","source grouping; orientation unresolved","Reference-only image/artwork; geometry excluded. Acquisition-policy/downstream-use review pending."
"thetopo-view-8558","view","The Cube 2 / 4","","TheTopo research","thetopo-view-8558","The Cube 2 / 4","","","","thetopo-sector-the-cube","","https://thetopo.com/crags/kraft-wash-red-rock/topos/the-cube#topo-image-8558","2026-10-01T18:53:07.598Z","","","BLOCKED lawful image","false","false","source grouping; orientation unresolved","Reference-only image/artwork; geometry excluded. Acquisition-policy/downstream-use review pending."
"thetopo-view-8559","view","The Cube 3 / 4","","TheTopo research","thetopo-view-8559","The Cube 3 / 4","","","","thetopo-sector-the-cube","","https://thetopo.com/crags/kraft-wash-red-rock/topos/the-cube#topo-image-8559","2026-10-01T18:53:07.598Z","","","BLOCKED lawful image","false","false","source grouping; orientation unresolved","Reference-only image/artwork; geometry excluded. Acquisition-policy/downstream-use review pending."
"thetopo-view-8560","view","The Cube 4 / 4","","TheTopo research","thetopo-view-8560","The Cube 4 / 4","","","","thetopo-sector-the-cube","","https://thetopo.com/crags/kraft-wash-red-rock/topos/the-cube#topo-image-8560","2026-10-01T18:53:07.598Z","","","BLOCKED lawful image","false","false","source grouping; orientation unresolved","Reference-only image/artwork; geometry excluded. Acquisition-policy/downstream-use review pending."
"thetopo-view-8518","view","The Pearl 1 / 2","","TheTopo research","thetopo-view-8518","The Pearl 1 / 2","","","","thetopo-sector-the-pearl","","https://thetopo.com/crags/kraft-wash-red-rock/topos/the-pearl#topo-image-8518","2026-10-01T18:53:07.598Z","","","BLOCKED lawful image","false","false","source grouping; orientation unresolved","Reference-only image/artwork; geometry excluded. Acquisition-policy/downstream-use review pending."
"thetopo-view-58472","view","The Pearl 2 / 2","","TheTopo research","thetopo-view-58472","The Pearl 2 / 2","","","","thetopo-sector-the-pearl","","https://thetopo.com/crags/kraft-wash-red-rock/topos/the-pearl#topo-image-58472","2026-10-01T18:53:07.598Z","","","BLOCKED lawful image","false","false","source grouping; orientation unresolved","Reference-only image/artwork; geometry excluded. Acquisition-policy/downstream-use review pending."
"thetopo-view-42214","view","The Wave 1 / 2","","TheTopo research","thetopo-view-42214","The Wave 1 / 2","","","","thetopo-sector-the-wave-18175","","https://thetopo.com/crags/kraft-wash-red-rock/topos/the-wave-18175#topo-image-42214","2026-10-01T18:53:07.598Z","","","BLOCKED lawful image","false","false","source grouping; orientation unresolved","Reference-only image/artwork; geometry excluded. Acquisition-policy/downstream-use review pending."
"thetopo-view-58471","view","The Wave 2 / 2","","TheTopo research","thetopo-view-58471","The Wave 2 / 2","","","","thetopo-sector-the-wave-18175","","https://thetopo.com/crags/kraft-wash-red-rock/topos/the-wave-18175#topo-image-58471","2026-10-01T18:53:07.598Z","","","BLOCKED lawful image","false","false","source grouping; orientation unresolved","Reference-only image/artwork; geometry excluded. Acquisition-policy/downstream-use review pending."
"thetopo-view-42215","view","Ultimate Grandstaff 1 / 1","","TheTopo research","thetopo-view-42215","Ultimate Grandstaff 1 / 1","","","","thetopo-sector-ultimate-grandstaff","","https://thetopo.com/crags/kraft-wash-red-rock/topos/ultimate-grandstaff#topo-image-42215","2026-10-01T18:53:07.598Z","","","BLOCKED lawful image","false","false","source grouping; orientation unresolved","Reference-only image/artwork; geometry excluded. Acquisition-policy/downstream-use review pending."
"thetopo-view-8523","view","Warm Up Boulders Sector 1 / 1","","TheTopo research","thetopo-view-8523","Warm Up Boulders Sector 1 / 1","","","","thetopo-sector-warm-up-boulders-sector","","https://thetopo.com/crags/kraft-wash-red-rock/topos/warm-up-boulders-sector#topo-image-8523","2026-10-01T18:53:07.598Z","","","BLOCKED lawful image","false","false","source grouping; orientation unresolved","Reference-only image/artwork; geometry excluded. Acquisition-policy/downstream-use review pending."
"thetopo-view-8550","view","Warm ups 1 / 1","","TheTopo research","thetopo-view-8550","Warm ups 1 / 1","","","","thetopo-sector-warm-ups","","https://thetopo.com/crags/kraft-wash-red-rock/topos/warm-ups#topo-image-8550","2026-10-01T18:53:07.598Z","","","BLOCKED lawful image","false","false","source grouping; orientation unresolved","Reference-only image/artwork; geometry excluded. Acquisition-policy/downstream-use review pending."
"thetopo-view-8563","view","Wolfgang Gullich Memorial Boulder 1 / 1","","TheTopo research","thetopo-view-8563","Wolfgang Gullich Memorial Boulder 1 / 1","","","","thetopo-sector-wolfgang-gullich-memorial-boulder","","https://thetopo.com/crags/kraft-wash-red-rock/topos/wolfgang-gullich-memorial-boulder#topo-image-8563","2026-10-01T18:53:07.598Z","","","BLOCKED lawful image","false","false","source grouping; orientation unresolved","Reference-only image/artwork; geometry excluded. Acquisition-policy/downstream-use review pending."
"thetopo-route-pit-and-the-pendulum","route","Pit and the Pendulum","","TheTopo research","thetopo-route-pit-and-the-pendulum","Pit and the Pendulum","","","8B","thetopo-sector-monkey-bar-boulder","","https://thetopo.com/crags/kraft-wash-red-rock/routes/pit-and-the-pendulum","2026-10-01T18:53:07.598Z","","","BLOCKED identity/conflict","false","false","unreconciled source route identity","No name-only merge. Source grade is Font. Identity and acquisition-policy/downstream-use review pending."
"thetopo-route-burnt","route","Burnt","","TheTopo research","thetopo-route-burnt","Burnt","","","8A+","thetopo-sector-bill-s-boulder","","https://thetopo.com/crags/kraft-wash-red-rock/routes/burnt","2026-10-01T18:53:07.598Z","","","BLOCKED identity/conflict","false","false","unreconciled source route identity","No name-only merge. Source grade is Font. Identity and acquisition-policy/downstream-use review pending."
"thetopo-route-bubble-butt","route","Bubble Butt","","TheTopo research","thetopo-route-bubble-butt","Bubble Butt","","","7B","thetopo-sector-bubble-butt-boulder","","https://thetopo.com/crags/kraft-wash-red-rock/routes/bubble-butt","2026-10-01T18:53:07.598Z","","","BLOCKED identity/conflict","false","false","unreconciled source route identity","No name-only merge. Source grade is Font. Identity and acquisition-policy/downstream-use review pending."
"thetopo-route-monkey-bar-traverse","route","Monkey Bar Traverse","","TheTopo research","thetopo-route-monkey-bar-traverse","Monkey Bar Traverse","","","7B","thetopo-sector-monkey-bar-boulder","","https://thetopo.com/crags/kraft-wash-red-rock/routes/monkey-bar-traverse","2026-10-01T18:53:07.598Z","","","BLOCKED identity/conflict","false","false","unreconciled source route identity","No name-only merge. Source grade is Font. Identity and acquisition-policy/downstream-use review pending."
"thetopo-route-classic-monkey","route","Monkey Bar Right","","TheTopo research","thetopo-route-classic-monkey","Monkey Bar Right","","","7A+","thetopo-sector-monkey-bar-boulder","","https://thetopo.com/crags/kraft-wash-red-rock/routes/classic-monkey","2026-10-01T18:53:07.598Z","","","BLOCKED identity/conflict","false","false","unreconciled source route identity","No name-only merge. Source grade is Font. Identity and acquisition-policy/downstream-use review pending."
"thetopo-route-the-pearl","route","The Pearl","","TheTopo research","thetopo-route-the-pearl","The Pearl","","","6C+","thetopo-sector-the-pearl","","https://thetopo.com/crags/kraft-wash-red-rock/routes/the-pearl","2026-10-01T18:53:07.598Z","","","BLOCKED identity/conflict","false","false","unreconciled source route identity","No name-only merge. Source grade is Font. Identity and acquisition-policy/downstream-use review pending."
"thetopo-route-monkey-bar-direct-33381","route","Monkey Bar Direct","","TheTopo research","thetopo-route-monkey-bar-direct-33381","Monkey Bar Direct","","","7B+","thetopo-sector-monkey-bar-boulder","","https://thetopo.com/crags/kraft-wash-red-rock/routes/monkey-bar-direct-33381","2026-10-01T18:53:07.598Z","","","BLOCKED identity/conflict","false","false","unreconciled source route identity","No name-only merge. Source grade is Font. Identity and acquisition-policy/downstream-use review pending."
"thetopo-route-slice-n-dice","route","Slice n Dice","","TheTopo research","thetopo-route-slice-n-dice","Slice n Dice","","","7C","thetopo-sector-plumber-s-crack","","https://thetopo.com/crags/kraft-wash-red-rock/routes/slice-n-dice","2026-10-01T18:53:07.598Z","","","BLOCKED identity/conflict","false","false","unreconciled source route identity","No name-only merge. Source grade is Font. Identity and acquisition-policy/downstream-use review pending."
"thetopo-route-the-peter-north-pump","route","The Peter North Pump","","TheTopo research","thetopo-route-the-peter-north-pump","The Peter North Pump","","","7C","thetopo-sector-monkey-bar-boulder","","https://thetopo.com/crags/kraft-wash-red-rock/routes/the-peter-north-pump","2026-10-01T18:53:07.598Z","","","BLOCKED identity/conflict","false","false","unreconciled source route identity","No name-only merge. Source grade is Font. Identity and acquisition-policy/downstream-use review pending."
"thetopo-route-orange-top-blue-sky","route","Orange Top Blue Sky","","TheTopo research","thetopo-route-orange-top-blue-sky","Orange Top Blue Sky","","","7B+","thetopo-sector-bathtub-boulder","","https://thetopo.com/crags/kraft-wash-red-rock/routes/orange-top-blue-sky","2026-10-01T18:53:07.598Z","","","BLOCKED identity/conflict","false","false","unreconciled source route identity","No name-only merge. Source grade is Font. Identity and acquisition-policy/downstream-use review pending."
"thetopo-route-the-slopey-traverse","route","The Alexisizer","","TheTopo research","thetopo-route-the-slopey-traverse","The Alexisizer","","","7A","thetopo-sector-slopey-traverse","","https://thetopo.com/crags/kraft-wash-red-rock/routes/the-slopey-traverse","2026-10-01T18:53:07.598Z","","","BLOCKED identity/conflict","false","false","unreconciled source route identity","No name-only merge. Source grade is Font. Identity and acquisition-policy/downstream-use review pending."
"thetopo-route-angel-dyno","route","Angel Dyno","","TheTopo research","thetopo-route-angel-dyno","Angel Dyno","","","7B","thetopo-sector-the-angel-dyno","","https://thetopo.com/crags/kraft-wash-red-rock/routes/angel-dyno","2026-10-01T18:53:07.598Z","","","BLOCKED identity/conflict","false","false","unreconciled source route identity","No name-only merge. Source grade is Font. Identity and acquisition-policy/downstream-use review pending."
"thetopo-route-caliman","route","Caliman","","TheTopo research","thetopo-route-caliman","Caliman","","","7B","thetopo-sector-caliman-boulder","","https://thetopo.com/crags/kraft-wash-red-rock/routes/caliman","2026-10-01T18:53:07.598Z","","","BLOCKED identity/conflict","false","false","unreconciled source route identity","No name-only merge. Source grade is Font. Identity and acquisition-policy/downstream-use review pending."
"thetopo-route-the-huck","route","The Huck","","TheTopo research","thetopo-route-the-huck","The Huck","","","6C+","thetopo-sector-kraft-boulders","","https://thetopo.com/crags/kraft-wash-red-rock/routes/the-huck","2026-10-01T18:53:07.598Z","","","BLOCKED identity/conflict","false","false","unreconciled source route identity","No name-only merge. Source grade is Font. Identity and acquisition-policy/downstream-use review pending."
"thetopo-route-spook-eyes","route","Snake Eyes","","TheTopo research","thetopo-route-spook-eyes","Snake Eyes","","","7A+","thetopo-sector-kraft-boulders","","https://thetopo.com/crags/kraft-wash-red-rock/routes/spook-eyes","2026-10-01T18:53:07.598Z","","","BLOCKED identity/conflict","false","false","unreconciled source route identity","No name-only merge. Source grade is Font. Identity and acquisition-policy/downstream-use review pending."
"thetopo-route-the-wave-35977","route","The Wave","","TheTopo research","thetopo-route-the-wave-35977","The Wave","","","6A+","thetopo-sector-the-wave-18175","","https://thetopo.com/crags/kraft-wash-red-rock/routes/the-wave-35977","2026-10-01T18:53:07.598Z","","","BLOCKED identity/conflict","false","false","unreconciled source route identity","No name-only merge. Source grade is Font. Identity and acquisition-policy/downstream-use review pending."
"thetopo-route-fin-35978","route","Fin","","TheTopo research","thetopo-route-fin-35978","Fin","","","6A+","thetopo-sector-kraft-boulders","","https://thetopo.com/crags/kraft-wash-red-rock/routes/fin-35978","2026-10-01T18:53:07.598Z","","","BLOCKED identity/conflict","false","false","unreconciled source route identity","No name-only merge. Source grade is Font. Identity and acquisition-policy/downstream-use review pending."
"thetopo-route-scare-tactics-v10","route","Scare Tactics","","TheTopo research","thetopo-route-scare-tactics-v10","Scare Tactics","","","7C+","thetopo-sector-bubble-butt-boulder","","https://thetopo.com/crags/kraft-wash-red-rock/routes/scare-tactics-v10","2026-10-01T18:53:07.598Z","","","BLOCKED identity/conflict","false","false","unreconciled source route identity","No name-only merge. Source grade is Font. Identity and acquisition-policy/downstream-use review pending."
"thetopo-route-monkey-bar-direct-right-start","route","Monkey Bar Direct (right start)","","TheTopo research","thetopo-route-monkey-bar-direct-right-start","Monkey Bar Direct (right start)","","","7C","thetopo-sector-monkey-bar-boulder","","https://thetopo.com/crags/kraft-wash-red-rock/routes/monkey-bar-direct-right-start","2026-10-01T18:53:07.598Z","","","BLOCKED identity/conflict","false","false","unreconciled source route identity","No name-only merge. Source grade is Font. Identity and acquisition-policy/downstream-use review pending."
"thetopo-route-special-k-36489","route","Vino Rojo","","TheTopo research","thetopo-route-special-k-36489","Vino Rojo","","","7A+","thetopo-sector-bathtub-boulder","","https://thetopo.com/crags/kraft-wash-red-rock/routes/special-k-36489","2026-10-01T18:53:07.598Z","","","BLOCKED identity/conflict","false","false","unreconciled source route identity","No name-only merge. Source grade is Font. Identity and acquisition-policy/downstream-use review pending."
"thetopo-route-fear-of-a-black-hat","route","Fear of a Black Hat","","TheTopo research","thetopo-route-fear-of-a-black-hat","Fear of a Black Hat","","","7C","thetopo-sector-the-cube","","https://thetopo.com/crags/kraft-wash-red-rock/routes/fear-of-a-black-hat","2026-10-01T18:53:07.598Z","","","BLOCKED identity/conflict","false","false","unreconciled source route identity","No name-only merge. Source grade is Font. Identity and acquisition-policy/downstream-use review pending."
"thetopo-route-dusty-coffee","route","Dusty Coffee","","TheTopo research","thetopo-route-dusty-coffee","Dusty Coffee","","","6C","thetopo-sector-bill-s-boulder","","https://thetopo.com/crags/kraft-wash-red-rock/routes/dusty-coffee","2026-10-01T18:53:07.598Z","","","BLOCKED identity/conflict","false","false","unreconciled source route identity","No name-only merge. Source grade is Font. Identity and acquisition-policy/downstream-use review pending."
"thetopo-route-jenna-s-jewelry","route","Jenna's Jewelry","","TheTopo research","thetopo-route-jenna-s-jewelry","Jenna's Jewelry","","","6B+","thetopo-sector-the-pearl","","https://thetopo.com/crags/kraft-wash-red-rock/routes/jenna-s-jewelry","2026-10-01T18:53:07.598Z","","","BLOCKED identity/conflict","false","false","unreconciled source route identity","No name-only merge. Source grade is Font. Identity and acquisition-policy/downstream-use review pending."
"thetopo-route-donkey-punch-46299","route","Donkey Punch","","TheTopo research","thetopo-route-donkey-punch-46299","Donkey Punch","","","6B+","thetopo-sector-the-burnout-boulder","","https://thetopo.com/crags/kraft-wash-red-rock/routes/donkey-punch-46299","2026-10-01T18:53:07.598Z","","","BLOCKED identity/conflict","false","false","unreconciled source route identity","No name-only merge. Source grade is Font. Identity and acquisition-policy/downstream-use review pending."
"thetopo-route-big-k","route","Big K","","TheTopo research","thetopo-route-big-k","Big K","","","7B+","thetopo-sector-bathtub-boulder","","https://thetopo.com/crags/kraft-wash-red-rock/routes/big-k","2026-10-01T18:53:07.598Z","","","BLOCKED identity/conflict","false","false","unreconciled source route identity","No name-only merge. Source grade is Font. Identity and acquisition-policy/downstream-use review pending."
"thetopo-route-the-myth","route","The Myth","","TheTopo research","thetopo-route-the-myth","The Myth","","","7B+","thetopo-sector-monkey-bar-boulder","","https://thetopo.com/crags/kraft-wash-red-rock/routes/the-myth","2026-10-01T18:53:07.598Z","","","BLOCKED identity/conflict","false","false","unreconciled source route identity","No name-only merge. Source grade is Font. Identity and acquisition-policy/downstream-use review pending."
"thetopo-route-a-clockwork-orange-49359","route","A Clockwork Orange","","TheTopo research","thetopo-route-a-clockwork-orange-49359","A Clockwork Orange","","","8A+","thetopo-sector-the-cube","","https://thetopo.com/crags/kraft-wash-red-rock/routes/a-clockwork-orange-49359","2026-10-01T18:53:07.598Z","","","BLOCKED identity/conflict","false","false","unreconciled source route identity","No name-only merge. Source grade is Font. Identity and acquisition-policy/downstream-use review pending."
"thetopo-route-marriage","route","Marriage","","TheTopo research","thetopo-route-marriage","Marriage","","","7A","thetopo-sector-the-cube","","https://thetopo.com/crags/kraft-wash-red-rock/routes/marriage","2026-10-01T18:53:07.598Z","","","BLOCKED identity/conflict","false","false","unreconciled source route identity","No name-only merge. Source grade is Font. Identity and acquisition-policy/downstream-use review pending."
"thetopo-route-big-love","route","Big Love","","TheTopo research","thetopo-route-big-love","Big Love","","","6C+","thetopo-sector-the-cube","","https://thetopo.com/crags/kraft-wash-red-rock/routes/big-love","2026-10-01T18:53:07.598Z","","","BLOCKED identity/conflict","false","false","unreconciled source route identity","No name-only merge. Source grade is Font. Identity and acquisition-policy/downstream-use review pending."
"thetopo-route-the-butt-crack","route","The Butt Crack","","TheTopo research","thetopo-route-the-butt-crack","The Butt Crack","","","6C","thetopo-sector-butt-crack-boulder","","https://thetopo.com/crags/kraft-wash-red-rock/routes/the-butt-crack","2026-10-01T18:53:07.598Z","","","BLOCKED identity/conflict","false","false","unreconciled source route identity","No name-only merge. Source grade is Font. Identity and acquisition-policy/downstream-use review pending."
"thetopo-route-southeast-face","route","Southeast Face","","TheTopo research","thetopo-route-southeast-face","Southeast Face","","","6C","thetopo-sector-butt-crack-boulder","","https://thetopo.com/crags/kraft-wash-red-rock/routes/southeast-face","2026-10-01T18:53:07.598Z","","","BLOCKED identity/conflict","false","false","unreconciled source route identity","No name-only merge. Source grade is Font. Identity and acquisition-policy/downstream-use review pending."
"thetopo-route-poker-chips","route","Poker Chips","","TheTopo research","thetopo-route-poker-chips","Poker Chips","","","6A","thetopo-sector-beth-wald-boulder","","https://thetopo.com/crags/kraft-wash-red-rock/routes/poker-chips","2026-10-01T18:53:07.598Z","","","BLOCKED identity/conflict","false","false","unreconciled source route identity","No name-only merge. Source grade is Font. Identity and acquisition-policy/downstream-use review pending."
"thetopo-route-potato-chips","route","Potato Chips","","TheTopo research","thetopo-route-potato-chips","Potato Chips","","","6B","thetopo-sector-beth-wald-boulder","","https://thetopo.com/crags/kraft-wash-red-rock/routes/potato-chips","2026-10-01T18:53:07.598Z","","","BLOCKED identity/conflict","false","false","unreconciled source route identity","No name-only merge. Source grade is Font. Identity and acquisition-policy/downstream-use review pending."
"thetopo-route-center","route","Center","","TheTopo research","thetopo-route-center","Center","","","7B+","thetopo-sector-beth-wald-boulder","","https://thetopo.com/crags/kraft-wash-red-rock/routes/center","2026-10-01T18:53:07.598Z","","","BLOCKED identity/conflict","false","false","unreconciled source route identity","No name-only merge. Source grade is Font. Identity and acquisition-policy/downstream-use review pending."
"thetopo-route-right-lip-traverse","route","Right Lip Traverse","","TheTopo research","thetopo-route-right-lip-traverse","Right Lip Traverse","","","6B+","thetopo-sector-beth-wald-boulder","","https://thetopo.com/crags/kraft-wash-red-rock/routes/right-lip-traverse","2026-10-01T18:53:07.598Z","","","BLOCKED identity/conflict","false","false","unreconciled source route identity","No name-only merge. Source grade is Font. Identity and acquisition-policy/downstream-use review pending."
"thetopo-route-three-feet-to-gold","route","Three Feet to Gold","","TheTopo research","thetopo-route-three-feet-to-gold","Three Feet to Gold","","","7B+","thetopo-sector-the-burnout-boulder","","https://thetopo.com/crags/kraft-wash-red-rock/routes/three-feet-to-gold","2026-10-01T18:53:07.598Z","","","BLOCKED identity/conflict","false","false","unreconciled source route identity","No name-only merge. Source grade is Font. Identity and acquisition-policy/downstream-use review pending."
"thetopo-route-fire-fresh-traverse","route","Fire Fresh Traverse","","TheTopo research","thetopo-route-fire-fresh-traverse","Fire Fresh Traverse","","","7A","thetopo-sector-the-burnout-boulder","","https://thetopo.com/crags/kraft-wash-red-rock/routes/fire-fresh-traverse","2026-10-01T18:53:07.598Z","","","BLOCKED identity/conflict","false","false","unreconciled source route identity","No name-only merge. Source grade is Font. Identity and acquisition-policy/downstream-use review pending."
"thetopo-route-direct-mantle","route","Direct Mantle","","TheTopo research","thetopo-route-direct-mantle","Direct Mantle","","","6C","thetopo-sector-the-burnout-boulder","","https://thetopo.com/crags/kraft-wash-red-rock/routes/direct-mantle","2026-10-01T18:53:07.598Z","","","BLOCKED identity/conflict","false","false","unreconciled source route identity","No name-only merge. Source grade is Font. Identity and acquisition-policy/downstream-use review pending."
"thetopo-route-rail-to-seam","route","Rail to Seam","","TheTopo research","thetopo-route-rail-to-seam","Rail to Seam","","","6C+","thetopo-sector-the-burnout-boulder","","https://thetopo.com/crags/kraft-wash-red-rock/routes/rail-to-seam","2026-10-01T18:53:07.598Z","","","BLOCKED identity/conflict","false","false","unreconciled source route identity","No name-only merge. Source grade is Font. Identity and acquisition-policy/downstream-use review pending."
"thetopo-route-jones-n","route","Jones'n","","TheTopo research","thetopo-route-jones-n","Jones'n","","","6C+","thetopo-sector-the-burnout-boulder","","https://thetopo.com/crags/kraft-wash-red-rock/routes/jones-n","2026-10-01T18:53:07.598Z","","","BLOCKED identity/conflict","false","false","unreconciled source route identity","No name-only merge. Source grade is Font. Identity and acquisition-policy/downstream-use review pending."
"thetopo-route-dusty-coffee-49373","route","Dusty Coffee","","TheTopo research","thetopo-route-dusty-coffee-49373","Dusty Coffee","","","6C+","thetopo-sector-the-burnout-boulder","","https://thetopo.com/crags/kraft-wash-red-rock/routes/dusty-coffee-49373","2026-10-01T18:53:07.598Z","","","BLOCKED identity/conflict","false","false","unreconciled source route identity","No name-only merge. Source grade is Font. Identity and acquisition-policy/downstream-use review pending."
"thetopo-route-earth-angel","route","Earth Angel","","TheTopo research","thetopo-route-earth-angel","Earth Angel","","","6B+","thetopo-sector-the-angel-dyno","","https://thetopo.com/crags/kraft-wash-red-rock/routes/earth-angel","2026-10-01T18:53:07.598Z","","","BLOCKED identity/conflict","false","false","unreconciled source route identity","No name-only merge. Source grade is Font. Identity and acquisition-policy/downstream-use review pending."
"thetopo-route-stoney-point-traverse","route","Stoney Point Traverse","","TheTopo research","thetopo-route-stoney-point-traverse","Stoney Point Traverse","","","6C","thetopo-sector-the-angel-dyno","","https://thetopo.com/crags/kraft-wash-red-rock/routes/stoney-point-traverse","2026-10-01T18:53:07.598Z","","","BLOCKED identity/conflict","false","false","unreconciled source route identity","No name-only merge. Source grade is Font. Identity and acquisition-policy/downstream-use review pending."
"thetopo-route-left-exit","route","Left Exit","","TheTopo research","thetopo-route-left-exit","Left Exit","","","6C+","thetopo-sector-the-angel-dyno","","https://thetopo.com/crags/kraft-wash-red-rock/routes/left-exit","2026-10-01T18:53:07.598Z","","","BLOCKED identity/conflict","false","false","unreconciled source route identity","No name-only merge. Source grade is Font. Identity and acquisition-policy/downstream-use review pending."
"thetopo-route-progressive-guy-49378","route","Progressive Guy","","TheTopo research","thetopo-route-progressive-guy-49378","Progressive Guy","","","7C+","thetopo-sector-the-angel-dyno","","https://thetopo.com/crags/kraft-wash-red-rock/routes/progressive-guy-49378","2026-10-01T18:53:07.598Z","","","BLOCKED identity/conflict","false","false","unreconciled source route identity","No name-only merge. Source grade is Font. Identity and acquisition-policy/downstream-use review pending."
"thetopo-route-clam-bumper","route","Clam Bumper","","TheTopo research","thetopo-route-clam-bumper","Clam Bumper","","","6B","thetopo-sector-the-pearl","","https://thetopo.com/crags/kraft-wash-red-rock/routes/clam-bumper","2026-10-01T18:53:07.598Z","","","BLOCKED identity/conflict","false","false","unreconciled source route identity","No name-only merge. Source grade is Font. Identity and acquisition-policy/downstream-use review pending."
"thetopo-route-right-of-the-crack","route","Right of the crack","","TheTopo research","thetopo-route-right-of-the-crack","Right of the crack","","","6B+","thetopo-sector-monkey-bar-boulder","","https://thetopo.com/crags/kraft-wash-red-rock/routes/right-of-the-crack","2026-10-01T18:53:07.598Z","","","BLOCKED identity/conflict","false","false","unreconciled source route identity","No name-only merge. Source grade is Font. Identity and acquisition-policy/downstream-use review pending."
"thetopo-route-blunt-arete","route","Blunt Arete","","TheTopo research","thetopo-route-blunt-arete","Blunt Arete","","","6A+","thetopo-sector-monkey-bar-boulder","","https://thetopo.com/crags/kraft-wash-red-rock/routes/blunt-arete","2026-10-01T18:53:07.598Z","","","BLOCKED identity/conflict","false","false","unreconciled source route identity","No name-only merge. Source grade is Font. Identity and acquisition-policy/downstream-use review pending."
"thetopo-route-seam","route","Seam","","TheTopo research","thetopo-route-seam","Seam","","","6B+","thetopo-sector-monkey-bar-boulder","","https://thetopo.com/crags/kraft-wash-red-rock/routes/seam","2026-10-01T18:53:07.598Z","","","BLOCKED identity/conflict","false","false","unreconciled source route identity","No name-only merge. Source grade is Font. Identity and acquisition-policy/downstream-use review pending."
"thetopo-route-curious-george-49386","route","Curious George","","TheTopo research","thetopo-route-curious-george-49386","Curious George","","","6B+","thetopo-sector-monkey-bar-boulder","","https://thetopo.com/crags/kraft-wash-red-rock/routes/curious-george-49386","2026-10-01T18:53:07.598Z","","","BLOCKED identity/conflict","false","false","unreconciled source route identity","No name-only merge. Source grade is Font. Identity and acquisition-policy/downstream-use review pending."
"thetopo-route-center-face","route","Center Face","","TheTopo research","thetopo-route-center-face","Center Face","","","6B+","thetopo-sector-monkey-bar-boulder","","https://thetopo.com/crags/kraft-wash-red-rock/routes/center-face","2026-10-01T18:53:07.598Z","","","BLOCKED identity/conflict","false","false","unreconciled source route identity","No name-only merge. Source grade is Font. Identity and acquisition-policy/downstream-use review pending."
"thetopo-route-hyperglide","route","Hyperglide","","TheTopo research","thetopo-route-hyperglide","Hyperglide","","","6C+","thetopo-sector-monkey-bar-boulder","","https://thetopo.com/crags/kraft-wash-red-rock/routes/hyperglide","2026-10-01T18:53:07.598Z","","","BLOCKED identity/conflict","false","false","unreconciled source route identity","No name-only merge. Source grade is Font. Identity and acquisition-policy/downstream-use review pending."
"thetopo-route-monkey-bars","route","Monkey Bars","","TheTopo research","thetopo-route-monkey-bars","Monkey Bars","","","6B+","thetopo-sector-monkey-bar-boulder","","https://thetopo.com/crags/kraft-wash-red-rock/routes/monkey-bars","2026-10-01T18:53:07.598Z","","","BLOCKED identity/conflict","false","false","unreconciled source route identity","No name-only merge. Source grade is Font. Identity and acquisition-policy/downstream-use review pending."
"thetopo-route-prow-direct","route","Prow Direct","","TheTopo research","thetopo-route-prow-direct","Prow Direct","","","6B+","thetopo-sector-monkey-bar-boulder","","https://thetopo.com/crags/kraft-wash-red-rock/routes/prow-direct","2026-10-01T18:53:07.598Z","","","BLOCKED identity/conflict","false","false","unreconciled source route identity","No name-only merge. Source grade is Font. Identity and acquisition-policy/downstream-use review pending."
"thetopo-route-the-best-v3-at-kraft","route","The Best v3 at Kraft","","TheTopo research","thetopo-route-the-best-v3-at-kraft","The Best v3 at Kraft","","","6C","thetopo-sector-barndoor-boulder-and-the-abyss","","https://thetopo.com/crags/kraft-wash-red-rock/routes/the-best-v3-at-kraft","2026-10-01T18:53:07.598Z","","","BLOCKED identity/conflict","false","false","unreconciled source route identity","No name-only merge. Source grade is Font. Identity and acquisition-policy/downstream-use review pending."
"thetopo-route-prefunk","route","Prefunk","","TheTopo research","thetopo-route-prefunk","Prefunk","","","6A+","thetopo-sector-warm-up-boulders-sector","","https://thetopo.com/crags/kraft-wash-red-rock/routes/prefunk","2026-10-01T18:53:07.598Z","","","BLOCKED identity/conflict","false","false","unreconciled source route identity","No name-only merge. Source grade is Font. Identity and acquisition-policy/downstream-use review pending."
"thetopo-route-fluffer","route","Fluffer","","TheTopo research","thetopo-route-fluffer","Fluffer","","","6A+","thetopo-sector-warm-up-boulders-sector","","https://thetopo.com/crags/kraft-wash-red-rock/routes/fluffer","2026-10-01T18:53:07.598Z","","","BLOCKED identity/conflict","false","false","unreconciled source route identity","No name-only merge. Source grade is Font. Identity and acquisition-policy/downstream-use review pending."
"thetopo-route-rub-one-off","route","Rub One Off","","TheTopo research","thetopo-route-rub-one-off","Rub One Off","","","7A+","thetopo-sector-warm-up-boulders-sector","","https://thetopo.com/crags/kraft-wash-red-rock/routes/rub-one-off","2026-10-01T18:53:07.598Z","","","BLOCKED identity/conflict","false","false","unreconciled source route identity","No name-only merge. Source grade is Font. Identity and acquisition-policy/downstream-use review pending."
"thetopo-route-center-49396","route","Center","","TheTopo research","thetopo-route-center-49396","Center","","","7B","thetopo-sector-warm-up-boulders-sector","","https://thetopo.com/crags/kraft-wash-red-rock/routes/center-49396","2026-10-01T18:53:07.598Z","","","BLOCKED identity/conflict","false","false","unreconciled source route identity","No name-only merge. Source grade is Font. Identity and acquisition-policy/downstream-use review pending."
"thetopo-route-donkey-punch-49397","route","Donkey Punch","","TheTopo research","thetopo-route-donkey-punch-49397","Donkey Punch","","","6C+","thetopo-sector-warm-up-boulders-sector","","https://thetopo.com/crags/kraft-wash-red-rock/routes/donkey-punch-49397","2026-10-01T18:53:07.598Z","","","BLOCKED identity/conflict","false","false","unreconciled source route identity","No name-only merge. Source grade is Font. Identity and acquisition-policy/downstream-use review pending."
"thetopo-route-donkey-punch-right","route","Donkey Punch Right","","TheTopo research","thetopo-route-donkey-punch-right","Donkey Punch Right","","","6C+","thetopo-sector-warm-up-boulders-sector","","https://thetopo.com/crags/kraft-wash-red-rock/routes/donkey-punch-right","2026-10-01T18:53:07.598Z","","","BLOCKED identity/conflict","false","false","unreconciled source route identity","No name-only merge. Source grade is Font. Identity and acquisition-policy/downstream-use review pending."
"thetopo-route-32-oz","route","32 oz.","","TheTopo research","thetopo-route-32-oz","32 oz.","","","6C+","thetopo-sector-warm-up-boulders-sector","","https://thetopo.com/crags/kraft-wash-red-rock/routes/32-oz","2026-10-01T18:53:07.598Z","","","BLOCKED identity/conflict","false","false","unreconciled source route identity","No name-only merge. Source grade is Font. Identity and acquisition-policy/downstream-use review pending."
"thetopo-route-your-project","route","Your Project","","TheTopo research","thetopo-route-your-project","Your Project","","","7A","thetopo-sector-warm-up-boulders-sector","","https://thetopo.com/crags/kraft-wash-red-rock/routes/your-project","2026-10-01T18:53:07.598Z","","","BLOCKED identity/conflict","false","false","unreconciled source route identity","No name-only merge. Source grade is Font. Identity and acquisition-policy/downstream-use review pending."
"thetopo-route-the-black-bitch","route","The Black Bitch","","TheTopo research","thetopo-route-the-black-bitch","The Black Bitch","","","6A+","thetopo-sector-the-black-bitch","","https://thetopo.com/crags/kraft-wash-red-rock/routes/the-black-bitch","2026-10-01T18:53:07.598Z","","","BLOCKED identity/conflict","false","false","unreconciled source route identity","No name-only merge. Source grade is Font. Identity and acquisition-policy/downstream-use review pending."
"thetopo-route-right-arete-49402","route","Right Arete","","TheTopo research","thetopo-route-right-arete-49402","Right Arete","","","5+","thetopo-sector-the-black-bitch","","https://thetopo.com/crags/kraft-wash-red-rock/routes/right-arete-49402","2026-10-01T18:53:07.598Z","","","BLOCKED identity/conflict","false","false","unreconciled source route identity","No name-only merge. Source grade is Font. Identity and acquisition-policy/downstream-use review pending."
"thetopo-route-smiley-face-49403","route","Smiley Face","","TheTopo research","thetopo-route-smiley-face-49403","Smiley Face","","","6A","thetopo-sector-the-black-bitch","","https://thetopo.com/crags/kraft-wash-red-rock/routes/smiley-face-49403","2026-10-01T18:53:07.598Z","","","BLOCKED identity/conflict","false","false","unreconciled source route identity","No name-only merge. Source grade is Font. Identity and acquisition-policy/downstream-use review pending."
"thetopo-route-picante-left","route","Picante Left","","TheTopo research","thetopo-route-picante-left","Picante Left","","","6B","thetopo-sector-picante-sauce","","https://thetopo.com/crags/kraft-wash-red-rock/routes/picante-left","2026-10-01T18:53:07.598Z","","","BLOCKED identity/conflict","false","false","unreconciled source route identity","No name-only merge. Source grade is Font. Identity and acquisition-policy/downstream-use review pending."
"thetopo-route-picante-sauce","route","Picante Sauce","","TheTopo research","thetopo-route-picante-sauce","Picante Sauce","","","6A+","thetopo-sector-picante-sauce","","https://thetopo.com/crags/kraft-wash-red-rock/routes/picante-sauce","2026-10-01T18:53:07.598Z","","","BLOCKED identity/conflict","false","false","unreconciled source route identity","No name-only merge. Source grade is Font. Identity and acquisition-policy/downstream-use review pending."
"thetopo-route-arete-jump","route","Arete Jump","","TheTopo research","thetopo-route-arete-jump","Arete Jump","","","6C","thetopo-sector-600-boulder","","https://thetopo.com/crags/kraft-wash-red-rock/routes/arete-jump","2026-10-01T18:53:07.598Z","","","BLOCKED identity/conflict","false","false","unreconciled source route identity","No name-only merge. Source grade is Font. Identity and acquisition-policy/downstream-use review pending."
"thetopo-route-kraft-dinner","route","Kraft Dinner","","TheTopo research","thetopo-route-kraft-dinner","Kraft Dinner","","","7B+","thetopo-sector-600-boulder","","https://thetopo.com/crags/kraft-wash-red-rock/routes/kraft-dinner","2026-10-01T18:53:07.598Z","","","BLOCKED identity/conflict","false","false","unreconciled source route identity","No name-only merge. Source grade is Font. Identity and acquisition-policy/downstream-use review pending."
"thetopo-route-kraft-dinner-right","route","Kraft Dinner Right","","TheTopo research","thetopo-route-kraft-dinner-right","Kraft Dinner Right","","","7B","thetopo-sector-600-boulder","","https://thetopo.com/crags/kraft-wash-red-rock/routes/kraft-dinner-right","2026-10-01T18:53:07.598Z","","","BLOCKED identity/conflict","false","false","unreconciled source route identity","No name-only merge. Source grade is Font. Identity and acquisition-policy/downstream-use review pending."
"thetopo-route-500","route","$500","","TheTopo research","thetopo-route-500","$500","","","7B+","thetopo-sector-600-boulder","","https://thetopo.com/crags/kraft-wash-red-rock/routes/500","2026-10-01T18:53:07.598Z","","","BLOCKED identity/conflict","false","false","unreconciled source route identity","No name-only merge. Source grade is Font. Identity and acquisition-policy/downstream-use review pending."
"thetopo-route-600","route","$600","","TheTopo research","thetopo-route-600","$600","","","7C","thetopo-sector-600-boulder","","https://thetopo.com/crags/kraft-wash-red-rock/routes/600","2026-10-01T18:53:07.598Z","","","BLOCKED identity/conflict","false","false","unreconciled source route identity","No name-only merge. Source grade is Font. Identity and acquisition-policy/downstream-use review pending."
"thetopo-route-beat-meat-manifesto","route","Beat Meat Manifesto","","TheTopo research","thetopo-route-beat-meat-manifesto","Beat Meat Manifesto","","","7C","thetopo-sector-600-boulder","","https://thetopo.com/crags/kraft-wash-red-rock/routes/beat-meat-manifesto","2026-10-01T18:53:07.598Z","","","BLOCKED identity/conflict","false","false","unreconciled source route identity","No name-only merge. Source grade is Font. Identity and acquisition-policy/downstream-use review pending."
"thetopo-route-big-jugs","route","Big Jugs","","TheTopo research","thetopo-route-big-jugs","Big Jugs","","","6A","thetopo-sector-big-jugs","","https://thetopo.com/crags/kraft-wash-red-rock/routes/big-jugs","2026-10-01T18:53:07.598Z","","","BLOCKED identity/conflict","false","false","unreconciled source route identity","No name-only merge. Source grade is Font. Identity and acquisition-policy/downstream-use review pending."
"thetopo-route-perked-up","route","Perked Up","","TheTopo research","thetopo-route-perked-up","Perked Up","","","6B+","thetopo-sector-big-jugs","","https://thetopo.com/crags/kraft-wash-red-rock/routes/perked-up","2026-10-01T18:53:07.598Z","","","BLOCKED identity/conflict","false","false","unreconciled source route identity","No name-only merge. Source grade is Font. Identity and acquisition-policy/downstream-use review pending."
"thetopo-route-right-face","route","Left Face","","TheTopo research","thetopo-route-right-face","Left Face","","","5+","thetopo-sector-big-jugs","","https://thetopo.com/crags/kraft-wash-red-rock/routes/right-face","2026-10-01T18:53:07.598Z","","","BLOCKED identity/conflict","false","false","unreconciled source route identity","No name-only merge. Source grade is Font. Identity and acquisition-policy/downstream-use review pending."
"thetopo-route-sorange","route","Sorange","","TheTopo research","thetopo-route-sorange","Sorange","","","6C","thetopo-sector-sorange","","https://thetopo.com/crags/kraft-wash-red-rock/routes/sorange","2026-10-01T18:53:07.598Z","","","BLOCKED identity/conflict","false","false","unreconciled source route identity","No name-only merge. Source grade is Font. Identity and acquisition-policy/downstream-use review pending."
"thetopo-route-sorange-traverse","route","Sorange Traverse","","TheTopo research","thetopo-route-sorange-traverse","Sorange Traverse","","","6B+","thetopo-sector-sorange","","https://thetopo.com/crags/kraft-wash-red-rock/routes/sorange-traverse","2026-10-01T18:53:07.598Z","","","BLOCKED identity/conflict","false","false","unreconciled source route identity","No name-only merge. Source grade is Font. Identity and acquisition-policy/downstream-use review pending."
"thetopo-route-arete-50340","route","Arete","","TheTopo research","thetopo-route-arete-50340","Arete","","","6B","thetopo-sector-sorange","","https://thetopo.com/crags/kraft-wash-red-rock/routes/arete-50340","2026-10-01T18:53:07.598Z","","","BLOCKED identity/conflict","false","false","unreconciled source route identity","No name-only merge. Source grade is Font. Identity and acquisition-policy/downstream-use review pending."
"thetopo-route-left-arete-50341","route","Left arete","","TheTopo research","thetopo-route-left-arete-50341","Left arete","","","6B","thetopo-sector-sorange","","https://thetopo.com/crags/kraft-wash-red-rock/routes/left-arete-50341","2026-10-01T18:53:07.598Z","","","BLOCKED identity/conflict","false","false","unreconciled source route identity","No name-only merge. Source grade is Font. Identity and acquisition-policy/downstream-use review pending."
"thetopo-route-left-50347","route","Left","","TheTopo research","thetopo-route-left-50347","Left","","","6B","thetopo-sector-warm-ups","","https://thetopo.com/crags/kraft-wash-red-rock/routes/left-50347","2026-10-01T18:53:07.598Z","","","BLOCKED identity/conflict","false","false","unreconciled source route identity","No name-only merge. Source grade is Font. Identity and acquisition-policy/downstream-use review pending."
"thetopo-route-arete-left","route","Arete Left","","TheTopo research","thetopo-route-arete-left","Arete Left","","","6B","thetopo-sector-warm-ups","","https://thetopo.com/crags/kraft-wash-red-rock/routes/arete-left","2026-10-01T18:53:07.598Z","","","BLOCKED identity/conflict","false","false","unreconciled source route identity","No name-only merge. Source grade is Font. Identity and acquisition-policy/downstream-use review pending."
"thetopo-route-arete-right","route","Arete Right","","TheTopo research","thetopo-route-arete-right","Arete Right","","","6B","thetopo-sector-warm-ups","","https://thetopo.com/crags/kraft-wash-red-rock/routes/arete-right","2026-10-01T18:53:07.598Z","","","BLOCKED identity/conflict","false","false","unreconciled source route identity","No name-only merge. Source grade is Font. Identity and acquisition-policy/downstream-use review pending."
"thetopo-route-traverse-50350","route","Traverse","","TheTopo research","thetopo-route-traverse-50350","Traverse","","","6A+","thetopo-sector-warm-ups","","https://thetopo.com/crags/kraft-wash-red-rock/routes/traverse-50350","2026-10-01T18:53:07.598Z","","","BLOCKED identity/conflict","false","false","unreconciled source route identity","No name-only merge. Source grade is Font. Identity and acquisition-policy/downstream-use review pending."
"thetopo-route-big-mac-crack","route","Big Mac Crack","","TheTopo research","thetopo-route-big-mac-crack","Big Mac Crack","","","6B","thetopo-sector-big-mac-crack","","https://thetopo.com/crags/kraft-wash-red-rock/routes/big-mac-crack","2026-10-01T18:53:07.598Z","","","BLOCKED identity/conflict","false","false","unreconciled source route identity","No name-only merge. Source grade is Font. Identity and acquisition-policy/downstream-use review pending."
"thetopo-route-dihedral-50352","route","Dihedral","","TheTopo research","thetopo-route-dihedral-50352","Dihedral","","","6A+","thetopo-sector-big-mac-crack","","https://thetopo.com/crags/kraft-wash-red-rock/routes/dihedral-50352","2026-10-01T18:53:07.598Z","","","BLOCKED identity/conflict","false","false","unreconciled source route identity","No name-only merge. Source grade is Font. Identity and acquisition-policy/downstream-use review pending."
"thetopo-route-spitting-venom","route","Spitting Venom","","TheTopo research","thetopo-route-spitting-venom","Spitting Venom","","","7B+","thetopo-sector-spitting-venom","","https://thetopo.com/crags/kraft-wash-red-rock/routes/spitting-venom","2026-10-01T18:53:07.598Z","","","BLOCKED identity/conflict","false","false","unreconciled source route identity","No name-only merge. Source grade is Font. Identity and acquisition-policy/downstream-use review pending."
"thetopo-route-left-face","route","Left face","","TheTopo research","thetopo-route-left-face","Left face","","","6B+","thetopo-sector-spitting-venom","","https://thetopo.com/crags/kraft-wash-red-rock/routes/left-face","2026-10-01T18:53:07.598Z","","","BLOCKED identity/conflict","false","false","unreconciled source route identity","No name-only merge. Source grade is Font. Identity and acquisition-policy/downstream-use review pending."
"thetopo-route-heart-and-sole-50382","route","Heart and Sole","","TheTopo research","thetopo-route-heart-and-sole-50382","Heart and Sole","","","6B+","thetopo-sector-heart-and-sole","","https://thetopo.com/crags/kraft-wash-red-rock/routes/heart-and-sole-50382","2026-10-01T18:53:07.598Z","","","BLOCKED identity/conflict","false","false","unreconciled source route identity","No name-only merge. Source grade is Font. Identity and acquisition-policy/downstream-use review pending."
"thetopo-route-heart-and-sole-left","route","Heart and Sole Left","","TheTopo research","thetopo-route-heart-and-sole-left","Heart and Sole Left","","","6B","thetopo-sector-heart-and-sole","","https://thetopo.com/crags/kraft-wash-red-rock/routes/heart-and-sole-left","2026-10-01T18:53:07.598Z","","","BLOCKED identity/conflict","false","false","unreconciled source route identity","No name-only merge. Source grade is Font. Identity and acquisition-policy/downstream-use review pending."
"thetopo-route-total-devastation-left-start","route","Total Devastation Left Start","","TheTopo research","thetopo-route-total-devastation-left-start","Total Devastation Left Start","","","6C","thetopo-sector-the-cube","","https://thetopo.com/crags/kraft-wash-red-rock/routes/total-devastation-left-start","2026-10-01T18:53:07.598Z","","","BLOCKED identity/conflict","false","false","unreconciled source route identity","No name-only merge. Source grade is Font. Identity and acquisition-policy/downstream-use review pending."
"thetopo-route-total-devasation","route","Total Devasation","","TheTopo research","thetopo-route-total-devasation","Total Devasation","","","6B+","thetopo-sector-the-cube","","https://thetopo.com/crags/kraft-wash-red-rock/routes/total-devasation","2026-10-01T18:53:07.598Z","","","BLOCKED identity/conflict","false","false","unreconciled source route identity","No name-only merge. Source grade is Font. Identity and acquisition-policy/downstream-use review pending."
"thetopo-route-the-mad-hatter-project","route","The Mad Hatter Project","","TheTopo research","thetopo-route-the-mad-hatter-project","The Mad Hatter Project","","","N/A","thetopo-sector-the-cube","","https://thetopo.com/crags/kraft-wash-red-rock/routes/the-mad-hatter-project","2026-10-01T18:53:07.598Z","","","BLOCKED identity/conflict","false","false","unreconciled source route identity","No name-only merge. Source grade is Font. Identity and acquisition-policy/downstream-use review pending."
"thetopo-route-engagement","route","Engagement","","TheTopo research","thetopo-route-engagement","Engagement","","","6C","thetopo-sector-the-cube","","https://thetopo.com/crags/kraft-wash-red-rock/routes/engagement","2026-10-01T18:53:07.598Z","","","BLOCKED identity/conflict","false","false","unreconciled source route identity","No name-only merge. Source grade is Font. Identity and acquisition-policy/downstream-use review pending."
"thetopo-route-perfect-poser","route","Perfect Poser","","TheTopo research","thetopo-route-perfect-poser","Perfect Poser","","","3","thetopo-sector-the-cube","","https://thetopo.com/crags/kraft-wash-red-rock/routes/perfect-poser","2026-10-01T18:53:07.598Z","","","BLOCKED identity/conflict","false","false","unreconciled source route identity","No name-only merge. Source grade is Font. Identity and acquisition-policy/downstream-use review pending."
"thetopo-route-west-face-left","route","West Face Left","","TheTopo research","thetopo-route-west-face-left","West Face Left","","","6A+","thetopo-sector-the-cube","","https://thetopo.com/crags/kraft-wash-red-rock/routes/west-face-left","2026-10-01T18:53:07.598Z","","","BLOCKED identity/conflict","false","false","unreconciled source route identity","No name-only merge. Source grade is Font. Identity and acquisition-policy/downstream-use review pending."
"thetopo-route-west-face-50416","route","West Face","","TheTopo research","thetopo-route-west-face-50416","West Face","","","6C","thetopo-sector-the-cube","","https://thetopo.com/crags/kraft-wash-red-rock/routes/west-face-50416","2026-10-01T18:53:07.598Z","","","BLOCKED identity/conflict","false","false","unreconciled source route identity","No name-only merge. Source grade is Font. Identity and acquisition-policy/downstream-use review pending."
"thetopo-route-martinet-s-rails","route","Martinet's Rails","","TheTopo research","thetopo-route-martinet-s-rails","Martinet's Rails","","","6B+","thetopo-sector-the-cube","","https://thetopo.com/crags/kraft-wash-red-rock/routes/martinet-s-rails","2026-10-01T18:53:07.598Z","","","BLOCKED identity/conflict","false","false","unreconciled source route identity","No name-only merge. Source grade is Font. Identity and acquisition-policy/downstream-use review pending."
"thetopo-route-left-start","route","Left Start","","TheTopo research","thetopo-route-left-start","Left Start","","","6B+","thetopo-sector-the-cube","","https://thetopo.com/crags/kraft-wash-red-rock/routes/left-start","2026-10-01T18:53:07.598Z","","","BLOCKED identity/conflict","false","false","unreconciled source route identity","No name-only merge. Source grade is Font. Identity and acquisition-policy/downstream-use review pending."
"thetopo-route-seth-s-mantle","route","Seth's Mantle","","TheTopo research","thetopo-route-seth-s-mantle","Seth's Mantle","","","6B+","thetopo-sector-the-cube","","https://thetopo.com/crags/kraft-wash-red-rock/routes/seth-s-mantle","2026-10-01T18:53:07.598Z","","","BLOCKED identity/conflict","false","false","unreconciled source route identity","No name-only merge. Source grade is Font. Identity and acquisition-policy/downstream-use review pending."
"thetopo-route-put-your-shoes-on-arete","route","Put Your Shoes on Arete","","TheTopo research","thetopo-route-put-your-shoes-on-arete","Put Your Shoes on Arete","","","6A+","thetopo-sector-wolfgang-gullich-memorial-boulder","","https://thetopo.com/crags/kraft-wash-red-rock/routes/put-your-shoes-on-arete","2026-10-01T18:53:07.598Z","","","BLOCKED identity/conflict","false","false","unreconciled source route identity","No name-only merge. Source grade is Font. Identity and acquisition-policy/downstream-use review pending."
"thetopo-route-left-50421","route","Left","","TheTopo research","thetopo-route-left-50421","Left","","","6A+","thetopo-sector-wolfgang-gullich-memorial-boulder","","https://thetopo.com/crags/kraft-wash-red-rock/routes/left-50421","2026-10-01T18:53:07.598Z","","","BLOCKED identity/conflict","false","false","unreconciled source route identity","No name-only merge. Source grade is Font. Identity and acquisition-policy/downstream-use review pending."
"thetopo-route-betty","route","Betty","","TheTopo research","thetopo-route-betty","Betty","","","6A","thetopo-sector-wolfgang-gullich-memorial-boulder","","https://thetopo.com/crags/kraft-wash-red-rock/routes/betty","2026-10-01T18:53:07.598Z","","","BLOCKED identity/conflict","false","false","unreconciled source route identity","No name-only merge. Source grade is Font. Identity and acquisition-policy/downstream-use review pending."
"thetopo-route-right-to-left","route","Right to Left","","TheTopo research","thetopo-route-right-to-left","Right to Left","","","6A","thetopo-sector-wolfgang-gullich-memorial-boulder","","https://thetopo.com/crags/kraft-wash-red-rock/routes/right-to-left","2026-10-01T18:53:07.598Z","","","BLOCKED identity/conflict","false","false","unreconciled source route identity","No name-only merge. Source grade is Font. Identity and acquisition-policy/downstream-use review pending."
"thetopo-route-left-50424","route","Left","","TheTopo research","thetopo-route-left-50424","Left","","","3","thetopo-sector-pretzel-boulder","","https://thetopo.com/crags/kraft-wash-red-rock/routes/left-50424","2026-10-01T18:53:07.598Z","","","BLOCKED identity/conflict","false","false","unreconciled source route identity","No name-only merge. Source grade is Font. Identity and acquisition-policy/downstream-use review pending."
"thetopo-route-traverse-50425","route","Traverse","","TheTopo research","thetopo-route-traverse-50425","Traverse","","","6B+","thetopo-sector-pretzel-boulder","","https://thetopo.com/crags/kraft-wash-red-rock/routes/traverse-50425","2026-10-01T18:53:07.598Z","","","BLOCKED identity/conflict","false","false","unreconciled source route identity","No name-only merge. Source grade is Font. Identity and acquisition-policy/downstream-use review pending."
"thetopo-route-right-50426","route","Right","","TheTopo research","thetopo-route-right-50426","Right","","","6B+","thetopo-sector-pretzel-boulder","","https://thetopo.com/crags/kraft-wash-red-rock/routes/right-50426","2026-10-01T18:53:07.598Z","","","BLOCKED identity/conflict","false","false","unreconciled source route identity","No name-only merge. Source grade is Font. Identity and acquisition-policy/downstream-use review pending."
"thetopo-route-my-tan","route","My Tan","","TheTopo research","thetopo-route-my-tan","My Tan","","","7B","thetopo-sector-bill-s-boulder","","https://thetopo.com/crags/kraft-wash-red-rock/routes/my-tan","2026-10-01T18:53:07.598Z","","","BLOCKED identity/conflict","false","false","unreconciled source route identity","No name-only merge. Source grade is Font. Identity and acquisition-policy/downstream-use review pending."
"thetopo-route-right-arete-50428","route","Right Arete","","TheTopo research","thetopo-route-right-arete-50428","Right Arete","","","6B+","thetopo-sector-bill-s-boulder","","https://thetopo.com/crags/kraft-wash-red-rock/routes/right-arete-50428","2026-10-01T18:53:07.598Z","","","BLOCKED identity/conflict","false","false","unreconciled source route identity","No name-only merge. Source grade is Font. Identity and acquisition-policy/downstream-use review pending."
"thetopo-route-i-disagree","route","I Disagree","","TheTopo research","thetopo-route-i-disagree","I Disagree","","","6B+","thetopo-sector-bill-s-boulder","","https://thetopo.com/crags/kraft-wash-red-rock/routes/i-disagree","2026-10-01T18:53:07.598Z","","","BLOCKED identity/conflict","false","false","unreconciled source route identity","No name-only merge. Source grade is Font. Identity and acquisition-policy/downstream-use review pending."
"thetopo-route-the-bathtub","route","The Bathtub","","TheTopo research","thetopo-route-the-bathtub","The Bathtub","","","7A","thetopo-sector-bathtub-boulder","","https://thetopo.com/crags/kraft-wash-red-rock/routes/the-bathtub","2026-10-01T18:53:07.598Z","","","BLOCKED identity/conflict","false","false","unreconciled source route identity","No name-only merge. Source grade is Font. Identity and acquisition-policy/downstream-use review pending."
"thetopo-route-super-fragilistic","route","Super Fragilistic","","TheTopo research","thetopo-route-super-fragilistic","Super Fragilistic","","","7A+","thetopo-sector-bathtub-boulder","","https://thetopo.com/crags/kraft-wash-red-rock/routes/super-fragilistic","2026-10-01T18:53:07.598Z","","","BLOCKED identity/conflict","false","false","unreconciled source route identity","No name-only merge. Source grade is Font. Identity and acquisition-policy/downstream-use review pending."
"thetopo-route-southwest-arete","route","Southwest arete","","TheTopo research","thetopo-route-southwest-arete","Southwest arete","","","6C","thetopo-sector-bathtub-boulder","","https://thetopo.com/crags/kraft-wash-red-rock/routes/southwest-arete","2026-10-01T18:53:07.598Z","","","BLOCKED identity/conflict","false","false","unreconciled source route identity","No name-only merge. Source grade is Font. Identity and acquisition-policy/downstream-use review pending."
"thetopo-route-south-face-crack","route","South Face Crack","","TheTopo research","thetopo-route-south-face-crack","South Face Crack","","","7A+","thetopo-sector-bathtub-boulder","","https://thetopo.com/crags/kraft-wash-red-rock/routes/south-face-crack","2026-10-01T18:53:07.598Z","","","BLOCKED identity/conflict","false","false","unreconciled source route identity","No name-only merge. Source grade is Font. Identity and acquisition-policy/downstream-use review pending."
"thetopo-route-south-face-50435","route","South Face","","TheTopo research","thetopo-route-south-face-50435","South Face","","","6B+","thetopo-sector-bathtub-boulder","","https://thetopo.com/crags/kraft-wash-red-rock/routes/south-face-50435","2026-10-01T18:53:07.598Z","","","BLOCKED identity/conflict","false","false","unreconciled source route identity","No name-only merge. Source grade is Font. Identity and acquisition-policy/downstream-use review pending."
"thetopo-route-shit-or-get-off-the-pot","route","Shit or Get Off the Pot","","TheTopo research","thetopo-route-shit-or-get-off-the-pot","Shit or Get Off the Pot","","","6B+","thetopo-sector-bathtub-boulder","","https://thetopo.com/crags/kraft-wash-red-rock/routes/shit-or-get-off-the-pot","2026-10-01T18:53:07.598Z","","","BLOCKED identity/conflict","false","false","unreconciled source route identity","No name-only merge. Source grade is Font. Identity and acquisition-policy/downstream-use review pending."
"thetopo-route-project-50437","route","Project","","TheTopo research","thetopo-route-project-50437","Project","","","N/A","thetopo-sector-bathtub-boulder","","https://thetopo.com/crags/kraft-wash-red-rock/routes/project-50437","2026-10-01T18:53:07.598Z","","","BLOCKED identity/conflict","false","false","unreconciled source route identity","No name-only merge. Source grade is Font. Identity and acquisition-policy/downstream-use review pending."
"thetopo-route-tied-to-the-whippin-post","route","Tied to the Whippin' Post","","TheTopo research","thetopo-route-tied-to-the-whippin-post","Tied to the Whippin' Post","","","7A+","thetopo-sector-bathtub-boulder","","https://thetopo.com/crags/kraft-wash-red-rock/routes/tied-to-the-whippin-post","2026-10-01T18:53:07.598Z","","","BLOCKED identity/conflict","false","false","unreconciled source route identity","No name-only merge. Source grade is Font. Identity and acquisition-policy/downstream-use review pending."
"thetopo-route-dog-leash-boy","route","Dog Leash Boy","","TheTopo research","thetopo-route-dog-leash-boy","Dog Leash Boy","","","6B+","thetopo-sector-bathtub-boulder","","https://thetopo.com/crags/kraft-wash-red-rock/routes/dog-leash-boy","2026-10-01T18:53:07.598Z","","","BLOCKED identity/conflict","false","false","unreconciled source route identity","No name-only merge. Source grade is Font. Identity and acquisition-policy/downstream-use review pending."
"thetopo-route-porn-star","route","Porn Star","","TheTopo research","thetopo-route-porn-star","Porn Star","","","7A","thetopo-sector-plumber-s-crack","","https://thetopo.com/crags/kraft-wash-red-rock/routes/porn-star","2026-10-01T18:53:07.598Z","","","BLOCKED identity/conflict","false","false","unreconciled source route identity","No name-only merge. Source grade is Font. Identity and acquisition-policy/downstream-use review pending."
"thetopo-route-past-tension","route","Past Tension","","TheTopo research","thetopo-route-past-tension","Past Tension","","","6C","thetopo-sector-plumber-s-crack","","https://thetopo.com/crags/kraft-wash-red-rock/routes/past-tension","2026-10-01T18:53:07.598Z","","","BLOCKED identity/conflict","false","false","unreconciled source route identity","No name-only merge. Source grade is Font. Identity and acquisition-policy/downstream-use review pending."
"thetopo-route-traverse-50442","route","Traverse","","TheTopo research","thetopo-route-traverse-50442","Traverse","","","7B+","thetopo-sector-plumber-s-crack","","https://thetopo.com/crags/kraft-wash-red-rock/routes/traverse-50442","2026-10-01T18:53:07.598Z","","","BLOCKED identity/conflict","false","false","unreconciled source route identity","No name-only merge. Source grade is Font. Identity and acquisition-policy/downstream-use review pending."
"thetopo-route-east-face-project","route","East Face Project","","TheTopo research","thetopo-route-east-face-project","East Face Project","","","N/A","thetopo-sector-plumber-s-crack","","https://thetopo.com/crags/kraft-wash-red-rock/routes/east-face-project","2026-10-01T18:53:07.598Z","","","BLOCKED identity/conflict","false","false","unreconciled source route identity","No name-only merge. Source grade is Font. Identity and acquisition-policy/downstream-use review pending."
"thetopo-route-the-heist-50444","route","The Heist","","TheTopo research","thetopo-route-the-heist-50444","The Heist","","","6C+","thetopo-sector-plumber-s-crack","","https://thetopo.com/crags/kraft-wash-red-rock/routes/the-heist-50444","2026-10-01T18:53:07.598Z","","","BLOCKED identity/conflict","false","false","unreconciled source route identity","No name-only merge. Source grade is Font. Identity and acquisition-policy/downstream-use review pending."
"thetopo-route-fulton-problem","route","Fulton Problem","","TheTopo research","thetopo-route-fulton-problem","Fulton Problem","","","6B","thetopo-sector-plumber-s-crack","","https://thetopo.com/crags/kraft-wash-red-rock/routes/fulton-problem","2026-10-01T18:53:07.598Z","","","BLOCKED identity/conflict","false","false","unreconciled source route identity","No name-only merge. Source grade is Font. Identity and acquisition-policy/downstream-use review pending."
"thetopo-route-plumber-s-crack-traverse","route","Plumber's Crack Traverse","","TheTopo research","thetopo-route-plumber-s-crack-traverse","Plumber's Crack Traverse","","","7C+","thetopo-sector-plumber-s-crack","","https://thetopo.com/crags/kraft-wash-red-rock/routes/plumber-s-crack-traverse","2026-10-01T18:53:07.598Z","","","BLOCKED identity/conflict","false","false","unreconciled source route identity","No name-only merge. Source grade is Font. Identity and acquisition-policy/downstream-use review pending."
"thetopo-route-plunger","route","Plunger","","TheTopo research","thetopo-route-plunger","Plunger","","","7C","thetopo-sector-plumber-s-crack","","https://thetopo.com/crags/kraft-wash-red-rock/routes/plunger","2026-10-01T18:53:07.598Z","","","BLOCKED identity/conflict","false","false","unreconciled source route identity","No name-only merge. Source grade is Font. Identity and acquisition-policy/downstream-use review pending."
"thetopo-route-split-decision-50448","route","Split Decision","","TheTopo research","thetopo-route-split-decision-50448","Split Decision","","","6B","thetopo-sector-plumber-s-crack","","https://thetopo.com/crags/kraft-wash-red-rock/routes/split-decision-50448","2026-10-01T18:53:07.598Z","","","BLOCKED identity/conflict","false","false","unreconciled source route identity","No name-only merge. Source grade is Font. Identity and acquisition-policy/downstream-use review pending."
"thetopo-route-split-ends-50449","route","Split Ends","","TheTopo research","thetopo-route-split-ends-50449","Split Ends","","","6B+","thetopo-sector-plumber-s-crack","","https://thetopo.com/crags/kraft-wash-red-rock/routes/split-ends-50449","2026-10-01T18:53:07.598Z","","","BLOCKED identity/conflict","false","false","unreconciled source route identity","No name-only merge. Source grade is Font. Identity and acquisition-policy/downstream-use review pending."
"thetopo-route-the-mole-50450","route","The Mole","","TheTopo research","thetopo-route-the-mole-50450","The Mole","","","7A","thetopo-sector-plumber-s-crack","","https://thetopo.com/crags/kraft-wash-red-rock/routes/the-mole-50450","2026-10-01T18:53:07.598Z","","","BLOCKED identity/conflict","false","false","unreconciled source route identity","No name-only merge. Source grade is Font. Identity and acquisition-policy/downstream-use review pending."
"thetopo-route-scare-tactics-stand","route","Scare Tactics Stand","","TheTopo research","thetopo-route-scare-tactics-stand","Scare Tactics Stand","","","7B","thetopo-sector-bubble-butt-boulder","","https://thetopo.com/crags/kraft-wash-red-rock/routes/scare-tactics-stand","2026-10-01T18:53:07.598Z","","","BLOCKED identity/conflict","false","false","unreconciled source route identity","No name-only merge. Source grade is Font. Identity and acquisition-policy/downstream-use review pending."
"thetopo-route-timmy-s-problem","route","Timmy's Problem","","TheTopo research","thetopo-route-timmy-s-problem","Timmy's Problem","","","7C","thetopo-sector-slopey-traverse","","https://thetopo.com/crags/kraft-wash-red-rock/routes/timmy-s-problem","2026-10-01T18:53:07.598Z","","","BLOCKED identity/conflict","false","false","unreconciled source route identity","No name-only merge. Source grade is Font. Identity and acquisition-policy/downstream-use review pending."
"thetopo-route-bitch-slap-5","route","Bitch Slap 5","","TheTopo research","thetopo-route-bitch-slap-5","Bitch Slap 5","","","7C","thetopo-sector-bitch-slap-5","","https://thetopo.com/crags/kraft-wash-red-rock/routes/bitch-slap-5","2026-10-01T18:53:07.598Z","","","BLOCKED identity/conflict","false","false","unreconciled source route identity","No name-only merge. Source grade is Font. Identity and acquisition-policy/downstream-use review pending."
"thetopo-route-across-the-choss","route","Across The Choss","","TheTopo research","thetopo-route-across-the-choss","Across The Choss","","","5","thetopo-sector-the-pearl","","https://thetopo.com/crags/kraft-wash-red-rock/routes/across-the-choss","2026-10-01T18:53:07.598Z","","","BLOCKED identity/conflict","false","false","unreconciled source route identity","No name-only merge. Source grade is Font. Identity and acquisition-policy/downstream-use review pending."
"thetopo-route-venom-56502","route","Venom","","TheTopo research","thetopo-route-venom-56502","Venom","","","5","thetopo-sector-bill-s-boulder","","https://thetopo.com/crags/kraft-wash-red-rock/routes/venom-56502","2026-10-01T18:53:07.598Z","","","BLOCKED identity/conflict","false","false","unreconciled source route identity","No name-only merge. Source grade is Font. Identity and acquisition-policy/downstream-use review pending."
"thetopo-route-monkey-bars-sit","route","Monkey Bars Sit","","TheTopo research","thetopo-route-monkey-bars-sit","Monkey Bars Sit","","","6A","thetopo-sector-kraft-boulders","","https://thetopo.com/crags/kraft-wash-red-rock/routes/monkey-bars-sit","2026-10-01T18:53:07.598Z","","","BLOCKED identity/conflict","false","false","unreconciled source route identity","No name-only merge. Source grade is Font. Identity and acquisition-policy/downstream-use review pending."
"thetopo-route-the-muffler","route","The Muffler","","TheTopo research","thetopo-route-the-muffler","The Muffler","","","6C+","thetopo-sector-kraft-boulders","","https://thetopo.com/crags/kraft-wash-red-rock/routes/the-muffler","2026-10-01T18:53:07.598Z","","","BLOCKED identity/conflict","false","false","unreconciled source route identity","No name-only merge. Source grade is Font. Identity and acquisition-policy/downstream-use review pending."
"thetopo-route-spook-eyes-72701","route","Spook Eyes","","TheTopo research","thetopo-route-spook-eyes-72701","Spook Eyes","","","7A+","thetopo-sector-spook-eyes","","https://thetopo.com/crags/kraft-wash-red-rock/routes/spook-eyes-72701","2026-10-01T18:53:07.598Z","","","BLOCKED identity/conflict","false","false","unreconciled source route identity","No name-only merge. Source grade is Font. Identity and acquisition-policy/downstream-use review pending."
"thetopo-route-my-project","route","My Project","","TheTopo research","thetopo-route-my-project","My Project","","","6C+","thetopo-sector-warm-up-boulders-sector","","https://thetopo.com/crags/kraft-wash-red-rock/routes/my-project","2026-10-01T18:53:07.598Z","","","BLOCKED identity/conflict","false","false","unreconciled source route identity","No name-only merge. Source grade is Font. Identity and acquisition-policy/downstream-use review pending."
"thetopo-route-re-direct","route","Re-Direct","","TheTopo research","thetopo-route-re-direct","Re-Direct","","","8A+","thetopo-sector-monkey-bar-boulder","","https://thetopo.com/crags/kraft-wash-red-rock/routes/re-direct","2026-10-01T18:53:07.598Z","","","BLOCKED identity/conflict","false","false","unreconciled source route identity","No name-only merge. Source grade is Font. Identity and acquisition-policy/downstream-use review pending."
"thetopo-route-potato-chips-direct","route","Potato Chips Direct","","TheTopo research","thetopo-route-potato-chips-direct","Potato Chips Direct","","","7C","thetopo-sector-beth-wald-boulder","","https://thetopo.com/crags/kraft-wash-red-rock/routes/potato-chips-direct","2026-10-01T18:53:07.598Z","","","BLOCKED identity/conflict","false","false","unreconciled source route identity","No name-only merge. Source grade is Font. Identity and acquisition-policy/downstream-use review pending."
"thetopo-route-scare-tactics-right","route","Scare Tactics Right","","TheTopo research","thetopo-route-scare-tactics-right","Scare Tactics Right","","","7C","thetopo-sector-bubble-butt-boulder","","https://thetopo.com/crags/kraft-wash-red-rock/routes/scare-tactics-right","2026-10-01T18:53:07.598Z","","","BLOCKED identity/conflict","false","false","unreconciled source route identity","No name-only merge. Source grade is Font. Identity and acquisition-policy/downstream-use review pending."
"thetopo-route-poker-chips-113815","route","Poker Chips","","TheTopo research","thetopo-route-poker-chips-113815","Poker Chips","","","5","thetopo-sector-beth-wald-boulder","","https://thetopo.com/crags/kraft-wash-red-rock/routes/poker-chips-113815","2026-10-01T18:53:07.598Z","","","BLOCKED identity/conflict","false","false","unreconciled source route identity","No name-only merge. Source grade is Font. Identity and acquisition-policy/downstream-use review pending."
"thetopo-route-ultimate-grandstaff","route","Ultimate Grandstaff","","TheTopo research","thetopo-route-ultimate-grandstaff","Ultimate Grandstaff","","","6C+","thetopo-sector-ultimate-grandstaff","","https://thetopo.com/crags/kraft-wash-red-rock/routes/ultimate-grandstaff","2026-10-01T18:53:07.598Z","","","BLOCKED identity/conflict","false","false","unreconciled source route identity","No name-only merge. Source grade is Font. Identity and acquisition-policy/downstream-use review pending."
"thetopo-route-timmy-s-problem-traverse","route","Timmy's Problem Traverse","","TheTopo research","thetopo-route-timmy-s-problem-traverse","Timmy's Problem Traverse","","","7C+","thetopo-sector-slopey-traverse","","https://thetopo.com/crags/kraft-wash-red-rock/routes/timmy-s-problem-traverse","2026-10-01T18:53:07.598Z","","","BLOCKED identity/conflict","false","false","unreconciled source route identity","No name-only merge. Source grade is Font. Identity and acquisition-policy/downstream-use review pending."
"thetopo-route-family-feud-114334","route","Family Feud","","TheTopo research","thetopo-route-family-feud-114334","Family Feud","","","7C+","thetopo-sector-kraft-boulders","","https://thetopo.com/crags/kraft-wash-red-rock/routes/family-feud-114334","2026-10-01T18:53:07.598Z","","","BLOCKED identity/conflict","false","false","unreconciled source route identity","No name-only merge. Source grade is Font. Identity and acquisition-policy/downstream-use review pending."
"thetopo-route-secrets-of-a-barndoor","route","Secrets of a Barndoor","","TheTopo research","thetopo-route-secrets-of-a-barndoor","Secrets of a Barndoor","","","7C","thetopo-sector-barndoor-boulder-and-the-abyss","","https://thetopo.com/crags/kraft-wash-red-rock/routes/secrets-of-a-barndoor","2026-10-01T18:53:07.598Z","","","BLOCKED identity/conflict","false","false","unreconciled source route identity","No name-only merge. Source grade is Font. Identity and acquisition-policy/downstream-use review pending."
"thetopo-route-six-pack","route","Six Pack","","TheTopo research","thetopo-route-six-pack","Six Pack","","","5","thetopo-sector-the-pearl","","https://thetopo.com/crags/kraft-wash-red-rock/routes/six-pack","2026-10-01T18:53:07.598Z","","","BLOCKED identity/conflict","false","false","unreconciled source route identity","No name-only merge. Source grade is Font. Identity and acquisition-policy/downstream-use review pending."
"thetopo-route-northeast-face-center","route","Northeast face center","","TheTopo research","thetopo-route-northeast-face-center","Northeast face center","","","5+","thetopo-sector-the-pearl","","https://thetopo.com/crags/kraft-wash-red-rock/routes/northeast-face-center","2026-10-01T18:53:07.598Z","","","BLOCKED identity/conflict","false","false","unreconciled source route identity","No name-only merge. Source grade is Font. Identity and acquisition-policy/downstream-use review pending."
"thetopo-route-the-spreader","route","The Spreader","","TheTopo research","thetopo-route-the-spreader","The Spreader","","","4","thetopo-sector-the-pearl","","https://thetopo.com/crags/kraft-wash-red-rock/routes/the-spreader","2026-10-01T18:53:07.598Z","","","BLOCKED identity/conflict","false","false","unreconciled source route identity","No name-only merge. Source grade is Font. Identity and acquisition-policy/downstream-use review pending."
"thetopo-route-the-wave-right","route","The Wave right","","TheTopo research","thetopo-route-the-wave-right","The Wave right","","","6A","thetopo-sector-the-wave-18175","","https://thetopo.com/crags/kraft-wash-red-rock/routes/the-wave-right","2026-10-01T18:53:07.598Z","","","BLOCKED identity/conflict","false","false","unreconciled source route identity","No name-only merge. Source grade is Font. Identity and acquisition-policy/downstream-use review pending."
"thetopo-route-the-wave-left","route","The Wave left","","TheTopo research","thetopo-route-the-wave-left","The Wave left","","","6B+","thetopo-sector-the-wave-18175","","https://thetopo.com/crags/kraft-wash-red-rock/routes/the-wave-left","2026-10-01T18:53:07.598Z","","","BLOCKED identity/conflict","false","false","unreconciled source route identity","No name-only merge. Source grade is Font. Identity and acquisition-policy/downstream-use review pending."
"thetopo-route-lowball-143555","route","Lowball","","TheTopo research","thetopo-route-lowball-143555","Lowball","","","6A+","thetopo-sector-big-jugs","","https://thetopo.com/crags/kraft-wash-red-rock/routes/lowball-143555","2026-10-01T18:53:07.598Z","","","BLOCKED identity/conflict","false","false","unreconciled source route identity","No name-only merge. Source grade is Font. Identity and acquisition-policy/downstream-use review pending."
"thetopo-route-fin-face","route","Fin Face","","TheTopo research","thetopo-route-fin-face","Fin Face","","","6A","thetopo-sector-kraft-boulders","","https://thetopo.com/crags/kraft-wash-red-rock/routes/fin-face","2026-10-01T18:53:07.598Z","","","BLOCKED identity/conflict","false","false","unreconciled source route identity","No name-only merge. Source grade is Font. Identity and acquisition-policy/downstream-use review pending."
"thetopo-route-backside-right","route","Backside right","","TheTopo research","thetopo-route-backside-right","Backside right","","","6A","thetopo-sector-600-boulder","","https://thetopo.com/crags/kraft-wash-red-rock/routes/backside-right","2026-10-01T18:53:07.598Z","","","BLOCKED identity/conflict","false","false","unreconciled source route identity","No name-only merge. Source grade is Font. Identity and acquisition-policy/downstream-use review pending."
"thetopo-route-monkey-crack-164246","route","Monkey Crack","","TheTopo research","thetopo-route-monkey-crack-164246","Monkey Crack","","","6A","thetopo-sector-monkey-bar-boulder","","https://thetopo.com/crags/kraft-wash-red-rock/routes/monkey-crack-164246","2026-10-01T18:53:07.598Z","","","BLOCKED identity/conflict","false","false","unreconciled source route identity","No name-only merge. Source grade is Font. Identity and acquisition-policy/downstream-use review pending."
"thetopo-route-the-pearl-necklace","route","The Pearl Necklace","","TheTopo research","thetopo-route-the-pearl-necklace","The Pearl Necklace","","","7A+","thetopo-sector-the-pearl","","https://thetopo.com/crags/kraft-wash-red-rock/routes/the-pearl-necklace","2026-10-01T18:53:07.598Z","","","BLOCKED identity/conflict","false","false","unreconciled source route identity","No name-only merge. Source grade is Font. Identity and acquisition-policy/downstream-use review pending."
"thetopo-route-welcome-to-detroit","route","Welcome to Detroit","","TheTopo research","thetopo-route-welcome-to-detroit","Welcome to Detroit","","","7A","thetopo-sector-sorange","","https://thetopo.com/crags/kraft-wash-red-rock/routes/welcome-to-detroit","2026-10-01T18:53:07.598Z","","","BLOCKED identity/conflict","false","false","unreconciled source route identity","No name-only merge. Source grade is Font. Identity and acquisition-policy/downstream-use review pending."
"thetopo-route-ultimate-grandstaff-sitstart","route","Ultimate Grandstaff sitstart","","TheTopo research","thetopo-route-ultimate-grandstaff-sitstart","Ultimate Grandstaff sitstart","","","7A","thetopo-sector-ultimate-grandstaff","","https://thetopo.com/crags/kraft-wash-red-rock/routes/ultimate-grandstaff-sitstart","2026-10-01T18:53:07.598Z","","","BLOCKED identity/conflict","false","false","unreconciled source route identity","No name-only merge. Source grade is Font. Identity and acquisition-policy/downstream-use review pending."
"thetopo-route-left-face-196520","route","Left Face","","TheTopo research","thetopo-route-left-face-196520","Left Face","","","5","thetopo-sector-hound-dog-arete","","https://thetopo.com/crags/kraft-wash-red-rock/routes/left-face-196520","2026-10-01T18:53:07.598Z","","","BLOCKED identity/conflict","false","false","unreconciled source route identity","No name-only merge. Source grade is Font. Identity and acquisition-policy/downstream-use review pending."
"thetopo-route-hound-dog-arete","route","Hound Dog Arete","","TheTopo research","thetopo-route-hound-dog-arete","Hound Dog Arete","","","6B+","thetopo-sector-hound-dog-arete","","https://thetopo.com/crags/kraft-wash-red-rock/routes/hound-dog-arete","2026-10-01T18:53:07.598Z","","","BLOCKED identity/conflict","false","false","unreconciled source route identity","No name-only merge. Source grade is Font. Identity and acquisition-policy/downstream-use review pending."
"thetopo-route-butterfly-kiss","route","Butterfly Kiss","","TheTopo research","thetopo-route-butterfly-kiss","Butterfly Kiss","","","6B","thetopo-sector-butterfly-kiss","","https://thetopo.com/crags/kraft-wash-red-rock/routes/butterfly-kiss","2026-10-01T18:53:07.598Z","","","BLOCKED identity/conflict","false","false","unreconciled source route identity","No name-only merge. Source grade is Font. Identity and acquisition-policy/downstream-use review pending."
"thetopo-route-good-times-197818","route","Good times","","TheTopo research","thetopo-route-good-times-197818","Good times","","","7A","thetopo-sector-the-wave-18175","","https://thetopo.com/crags/kraft-wash-red-rock/routes/good-times-197818","2026-10-01T18:53:07.598Z","","","BLOCKED identity/conflict","false","false","unreconciled source route identity","No name-only merge. Source grade is Font. Identity and acquisition-policy/downstream-use review pending."
"thetopo-route-600-dollars","route","600 Dollars","","TheTopo research","thetopo-route-600-dollars","600 Dollars","","","7C","thetopo-sector-kraft-boulders","","https://thetopo.com/crags/kraft-wash-red-rock/routes/600-dollars","2026-10-01T18:53:07.598Z","","","BLOCKED identity/conflict","false","false","unreconciled source route identity","No name-only merge. Source grade is Font. Identity and acquisition-policy/downstream-use review pending."
"thetopo-route-mantle-1","route","Mantle 1","","TheTopo research","thetopo-route-mantle-1","Mantle 1","","","6C","thetopo-sector-slopey-traverse","","https://thetopo.com/crags/kraft-wash-red-rock/routes/mantle-1","2026-10-01T18:53:07.598Z","","","BLOCKED identity/conflict","false","false","unreconciled source route identity","No name-only merge. Source grade is Font. Identity and acquisition-policy/downstream-use review pending."
"thetopo-route-rub-one-off-225062","route","Rub One off","","TheTopo research","thetopo-route-rub-one-off-225062","Rub One off","","","6B+","thetopo-sector-kraft-boulders","","https://thetopo.com/crags/kraft-wash-red-rock/routes/rub-one-off-225062","2026-10-01T18:53:07.598Z","","","BLOCKED identity/conflict","false","false","unreconciled source route identity","No name-only merge. Source grade is Font. Identity and acquisition-policy/downstream-use review pending."
"thetopo-route-perked-up-225063","route","Perked Up","","TheTopo research","thetopo-route-perked-up-225063","Perked Up","","","5+","thetopo-sector-kraft-boulders","","https://thetopo.com/crags/kraft-wash-red-rock/routes/perked-up-225063","2026-10-01T18:53:07.598Z","","","BLOCKED identity/conflict","false","false","unreconciled source route identity","No name-only merge. Source grade is Font. Identity and acquisition-policy/downstream-use review pending."
"thetopo-route-woods-problem","route","Woods Problem","","TheTopo research","thetopo-route-woods-problem","Woods Problem","","","8A+","thetopo-sector-sorange","","https://thetopo.com/crags/kraft-wash-red-rock/routes/woods-problem","2026-10-01T18:53:07.598Z","","","BLOCKED identity/conflict","false","false","unreconciled source route identity","No name-only merge. Source grade is Font. Identity and acquisition-policy/downstream-use review pending."
"thetopo-route-south-face-left","route","South face left","","TheTopo research","thetopo-route-south-face-left","South face left","","","6A","thetopo-sector-the-wave-18175","","https://thetopo.com/crags/kraft-wash-red-rock/routes/south-face-left","2026-10-01T18:53:07.598Z","","","BLOCKED identity/conflict","false","false","unreconciled source route identity","No name-only merge. Source grade is Font. Identity and acquisition-policy/downstream-use review pending."
"thetopo-route-monkey-bars-right-v2","route","Monkey bars right v2","","TheTopo research","thetopo-route-monkey-bars-right-v2","Monkey bars right v2","","","6B","thetopo-sector-monkey-bar-boulder","","https://thetopo.com/crags/kraft-wash-red-rock/routes/monkey-bars-right-v2","2026-10-01T18:53:07.598Z","","","BLOCKED identity/conflict","false","false","unreconciled source route identity","No name-only merge. Source grade is Font. Identity and acquisition-policy/downstream-use review pending."
"thetopo-route-monkey-bars-left-v2","route","Monkey bars left v2","","TheTopo research","thetopo-route-monkey-bars-left-v2","Monkey bars left v2","","","6A+","thetopo-sector-monkey-bar-boulder","","https://thetopo.com/crags/kraft-wash-red-rock/routes/monkey-bars-left-v2","2026-10-01T18:53:07.598Z","","","BLOCKED identity/conflict","false","false","unreconciled source route identity","No name-only merge. Source grade is Font. Identity and acquisition-policy/downstream-use review pending."
"thetopo-route-pockets-sit-start","route","Pockets sit start","","TheTopo research","thetopo-route-pockets-sit-start","Pockets sit start","","","6A+","thetopo-sector-monkey-bar-boulder","","https://thetopo.com/crags/kraft-wash-red-rock/routes/pockets-sit-start","2026-10-01T18:53:07.598Z","","","BLOCKED identity/conflict","false","false","unreconciled source route identity","No name-only merge. Source grade is Font. Identity and acquisition-policy/downstream-use review pending."
"thetopo-route-pockets-stand","route","Pockets stand","","TheTopo research","thetopo-route-pockets-stand","Pockets stand","","","6A","thetopo-sector-monkey-bar-boulder","","https://thetopo.com/crags/kraft-wash-red-rock/routes/pockets-stand","2026-10-01T18:53:07.598Z","","","BLOCKED identity/conflict","false","false","unreconciled source route identity","No name-only merge. Source grade is Font. Identity and acquisition-policy/downstream-use review pending."
"thetopo-route-northeast-face-left","route","Northeast face left","","TheTopo research","thetopo-route-northeast-face-left","Northeast face left","","","6B","thetopo-sector-monkey-bar-boulder","","https://thetopo.com/crags/kraft-wash-red-rock/routes/northeast-face-left","2026-10-01T18:53:07.598Z","","","BLOCKED identity/conflict","false","false","unreconciled source route identity","No name-only merge. Source grade is Font. Identity and acquisition-policy/downstream-use review pending."
"thetopo-route-left-left","route","Left left","","TheTopo research","thetopo-route-left-left","Left left","","","5","thetopo-sector-monkey-bar-boulder","","https://thetopo.com/crags/kraft-wash-red-rock/routes/left-left","2026-10-01T18:53:07.598Z","","","BLOCKED identity/conflict","false","false","unreconciled source route identity","No name-only merge. Source grade is Font. Identity and acquisition-policy/downstream-use review pending."
"thetopo-route-left-238014","route","Left","","TheTopo research","thetopo-route-left-238014","Left","","","4+","thetopo-sector-monkey-bar-boulder","","https://thetopo.com/crags/kraft-wash-red-rock/routes/left-238014","2026-10-01T18:53:07.598Z","","","BLOCKED identity/conflict","false","false","unreconciled source route identity","No name-only merge. Source grade is Font. Identity and acquisition-policy/downstream-use review pending."
"thetopo-route-left-side-left","route","Left side left","","TheTopo research","thetopo-route-left-side-left","Left side left","","","5","thetopo-sector-600-boulder","","https://thetopo.com/crags/kraft-wash-red-rock/routes/left-side-left","2026-10-01T18:53:07.598Z","","","BLOCKED identity/conflict","false","false","unreconciled source route identity","No name-only merge. Source grade is Font. Identity and acquisition-policy/downstream-use review pending."
"thetopo-route-the-50-hooker","route","The $50 Hooker","","TheTopo research","thetopo-route-the-50-hooker","The $50 Hooker","","","5","thetopo-sector-600-boulder","","https://thetopo.com/crags/kraft-wash-red-rock/routes/the-50-hooker","2026-10-01T18:53:07.598Z","","","BLOCKED identity/conflict","false","false","unreconciled source route identity","No name-only merge. Source grade is Font. Identity and acquisition-policy/downstream-use review pending."
"thetopo-route-backside-crack","route","Backside crack","","TheTopo research","thetopo-route-backside-crack","Backside crack","","","4","thetopo-sector-600-boulder","","https://thetopo.com/crags/kraft-wash-red-rock/routes/backside-crack","2026-10-01T18:53:07.598Z","","","BLOCKED identity/conflict","false","false","unreconciled source route identity","No name-only merge. Source grade is Font. Identity and acquisition-policy/downstream-use review pending."
"thetopo-route-right-face-238321","route","Right face","","TheTopo research","thetopo-route-right-face-238321","Right face","","","6A","thetopo-sector-big-jugs","","https://thetopo.com/crags/kraft-wash-red-rock/routes/right-face-238321","2026-10-01T18:53:07.598Z","","","BLOCKED identity/conflict","false","false","unreconciled source route identity","No name-only merge. Source grade is Font. Identity and acquisition-policy/downstream-use review pending."
"thetopo-route-southeast-face-sit","route","Southeast face sit","","TheTopo research","thetopo-route-southeast-face-sit","Southeast face sit","","","6C+","thetopo-sector-butt-crack-boulder","","https://thetopo.com/crags/kraft-wash-red-rock/routes/southeast-face-sit","2026-10-01T18:53:07.598Z","","","BLOCKED identity/conflict","false","false","unreconciled source route identity","No name-only merge. Source grade is Font. Identity and acquisition-policy/downstream-use review pending."
"thetopo-route-crack-right","route","Crack right","","TheTopo research","thetopo-route-crack-right","Crack right","","","6A+","thetopo-sector-butterfly-kiss","","https://thetopo.com/crags/kraft-wash-red-rock/routes/crack-right","2026-10-01T18:53:07.598Z","","","BLOCKED identity/conflict","false","false","unreconciled source route identity","No name-only merge. Source grade is Font. Identity and acquisition-policy/downstream-use review pending."
"thetopo-route-north-sit","route","North sit","","TheTopo research","thetopo-route-north-sit","North sit","","","6A","thetopo-sector-butterfly-kiss","","https://thetopo.com/crags/kraft-wash-red-rock/routes/north-sit","2026-10-01T18:53:07.598Z","","","BLOCKED identity/conflict","false","false","unreconciled source route identity","No name-only merge. Source grade is Font. Identity and acquisition-policy/downstream-use review pending."
"thetopo-route-front-left","route","Front left","","TheTopo research","thetopo-route-front-left","Front left","","","6A","thetopo-sector-super-scream","","https://thetopo.com/crags/kraft-wash-red-rock/routes/front-left","2026-10-01T18:53:07.598Z","","","BLOCKED identity/conflict","false","false","unreconciled source route identity","No name-only merge. Source grade is Font. Identity and acquisition-policy/downstream-use review pending."
"thetopo-route-crack-238326","route","Crack","","TheTopo research","thetopo-route-crack-238326","Crack","","","5+","thetopo-sector-super-scream","","https://thetopo.com/crags/kraft-wash-red-rock/routes/crack-238326","2026-10-01T18:53:07.598Z","","","BLOCKED identity/conflict","false","false","unreconciled source route identity","No name-only merge. Source grade is Font. Identity and acquisition-policy/downstream-use review pending."
"thetopo-route-front-center","route","Front center","","TheTopo research","thetopo-route-front-center","Front center","","","5+","thetopo-sector-super-scream","","https://thetopo.com/crags/kraft-wash-red-rock/routes/front-center","2026-10-01T18:53:07.598Z","","","BLOCKED identity/conflict","false","false","unreconciled source route identity","No name-only merge. Source grade is Font. Identity and acquisition-policy/downstream-use review pending."
"thetopo-route-crack-238328","route","Crack","","TheTopo research","thetopo-route-crack-238328","Crack","","","4+","thetopo-sector-super-scream","","https://thetopo.com/crags/kraft-wash-red-rock/routes/crack-238328","2026-10-01T18:53:07.598Z","","","BLOCKED identity/conflict","false","false","unreconciled source route identity","No name-only merge. Source grade is Font. Identity and acquisition-policy/downstream-use review pending."
"thetopo-route-atomic-wedgie-278009","route","Atomic wedgie","","TheTopo research","thetopo-route-atomic-wedgie-278009","Atomic wedgie","","","7C+","thetopo-sector-kraft-boulders","","https://thetopo.com/crags/kraft-wash-red-rock/routes/atomic-wedgie-278009","2026-10-01T18:53:07.598Z","","","BLOCKED identity/conflict","false","false","unreconciled source route identity","No name-only merge. Source grade is Font. Identity and acquisition-policy/downstream-use review pending."
"thetopo-route-poison-control","route","Poison Control","","TheTopo research","thetopo-route-poison-control","Poison Control","","","7C","thetopo-sector-kraft-boulders","","https://thetopo.com/crags/kraft-wash-red-rock/routes/poison-control","2026-10-01T18:53:07.598Z","","","BLOCKED identity/conflict","false","false","unreconciled source route identity","No name-only merge. Source grade is Font. Identity and acquisition-policy/downstream-use review pending."
"thetopo-route-spring-loaded-278029","route","Spring loaded","","TheTopo research","thetopo-route-spring-loaded-278029","Spring loaded","","","7B+","thetopo-sector-kraft-boulders","","https://thetopo.com/crags/kraft-wash-red-rock/routes/spring-loaded-278029","2026-10-01T18:53:07.598Z","","","BLOCKED identity/conflict","false","false","unreconciled source route identity","No name-only merge. Source grade is Font. Identity and acquisition-policy/downstream-use review pending."
"thetopo-route-nickelodeon","route","Route #12","","TheTopo research","thetopo-route-nickelodeon","Route #12","","","N/A","thetopo-sector-kraft-boulders","","https://thetopo.com/crags/kraft-wash-red-rock/routes/nickelodeon","2026-10-01T18:53:07.598Z","","","BLOCKED identity/conflict","false","false","unreconciled source route identity","No name-only merge. Source grade is Font. Identity and acquisition-policy/downstream-use review pending."
"thetopo-route-the-prowler-327150","route","The Prowler","","TheTopo research","thetopo-route-the-prowler-327150","The Prowler","","","7A","thetopo-sector-kraft-boulders","","https://thetopo.com/crags/kraft-wash-red-rock/routes/the-prowler-327150","2026-10-01T18:53:07.598Z","","","BLOCKED identity/conflict","false","false","unreconciled source route identity","No name-only merge. Source grade is Font. Identity and acquisition-policy/downstream-use review pending."
"thetopo-route-alexisizer-direct","route","Alexisizer direct","","TheTopo research","thetopo-route-alexisizer-direct","Alexisizer direct","","","7B+","thetopo-sector-slopey-traverse","","https://thetopo.com/crags/kraft-wash-red-rock/routes/alexisizer-direct","2026-10-01T18:53:07.598Z","","","BLOCKED identity/conflict","false","false","unreconciled source route identity","No name-only merge. Source grade is Font. Identity and acquisition-policy/downstream-use review pending."
"thetopo-route-shark-tooth-327152","route","Shark tooth","","TheTopo research","thetopo-route-shark-tooth-327152","Shark tooth","","","7C+","thetopo-sector-spitting-venom","","https://thetopo.com/crags/kraft-wash-red-rock/routes/shark-tooth-327152","2026-10-01T18:53:07.598Z","","","BLOCKED identity/conflict","false","false","unreconciled source route identity","No name-only merge. Source grade is Font. Identity and acquisition-policy/downstream-use review pending."
"thetopo-route-the-wave-direct-478419","route","The Wave direct","","TheTopo research","thetopo-route-the-wave-direct-478419","The Wave direct","","","6B+","thetopo-sector-the-wave-18175","","https://thetopo.com/crags/kraft-wash-red-rock/routes/the-wave-direct-478419","2026-10-01T18:53:07.598Z","","","BLOCKED identity/conflict","false","false","unreconciled source route identity","No name-only merge. Source grade is Font. Identity and acquisition-policy/downstream-use review pending."
"thetopo-route-my-tan-right-side","route","My tan right side","","TheTopo research","thetopo-route-my-tan-right-side","My tan right side","","","7B","thetopo-sector-bill-s-boulder","","https://thetopo.com/crags/kraft-wash-red-rock/routes/my-tan-right-side","2026-10-01T18:53:07.598Z","","","BLOCKED identity/conflict","false","false","unreconciled source route identity","No name-only merge. Source grade is Font. Identity and acquisition-policy/downstream-use review pending."
"thetopo-route-square-arete-535206","route","Square Arete","","TheTopo research","thetopo-route-square-arete-535206","Square Arete","","","7A+","thetopo-sector-butterfly-kiss","","https://thetopo.com/crags/kraft-wash-red-rock/routes/square-arete-535206","2026-10-01T18:53:07.598Z","","","BLOCKED identity/conflict","false","false","unreconciled source route identity","No name-only merge. Source grade is Font. Identity and acquisition-policy/downstream-use review pending."
